lead_id,fecha_registro,canal,empresa_id,punto_venta_id,modelo_cotizado,precio_lista,horas_al_primer_contacto,numero_contactos,manifesto_cuota_inicial,forma_pago_declarada,pidio_cita,desenlace
HX-00001,2026-04-07,WhatsApp,EMP-03,PV-013,Bajaj Pulsar RS 200,15490000,8,4,NO_INFORMA,no_informa,NO,Perdido
HX-00002,2026-03-18,Meta Ads,EMP-02,PV-008,Hero Xpulse 200,14990000,1,3,NO,credito,NO,Perdido
HX-00003,2026-05-07,WhatsApp,EMP-02,PV-007,Honda Dio 110,6890000,48,3,NO_INFORMA,credito,NO,Perdido
HX-00004,2026-05-23,WhatsApp,EMP-02,PV-008,Hero Hunk 160R,10490000,8,1,NO_INFORMA,contado,NO,Perdido
HX-00005,2026-05-28,WhatsApp,EMP-01,PV-005,Hero Dash 110,6290000,0.5,6,NO_INFORMA,credito,SI,Perdido
HX-00006,2026-06-07,WhatsApp,EMP-01,PV-004,Hero Hunk 160R,10490000,72,3,NO,credito,SI,Perdido
HX-00007,2026-04-09,Formulario Web,EMP-02,PV-006,AKT NKD 125,5290000,120,6,NO_INFORMA,credito,NO,Perdido
HX-00008,2026-07-09,Formulario Web,EMP-03,PV-014,Hero Xpulse 200,14990000,2,4,NO_INFORMA,credito,NO,Perdido
HX-00009,2026-04-26,WhatsApp,EMP-01,PV-003,Honda XR 150L,11490000,2,7,SI,credito,NO,Perdido
HX-00010,2026-06-17,WhatsApp,EMP-02,PV-010,Suzuki V-Strom 250,21900000,0.5,4,NO,credito,NO,Perdido
HX-00011,2026-07-11,Meta Ads,EMP-03,PV-011,AKT NKD 125,5290000,48,7,NO,credito,SI,Perdido
HX-00012,2026-07-18,Meta Ads,EMP-01,PV-001,Honda Dio 110,6890000,2,2,SI,credito,SI,Perdido
HX-00013,2026-04-25,WhatsApp,EMP-02,PV-010,AKT NKD 125,5290000,8,4,NO_INFORMA,credito,SI,Perdido
HX-00014,2026-05-07,WhatsApp,EMP-02,PV-008,Bajaj Pulsar NS 160,11290000,8,6,NO_INFORMA,credito,NO,Perdido
HX-00015,2026-03-28,WhatsApp,EMP-02,PV-007,Bajaj Discover 125,6990000,48,6,NO_INFORMA,credito,SI,Cerrado
HX-00016,2026-06-15,WhatsApp,EMP-02,PV-008,AKT NKD 125,5290000,48,1,NO_INFORMA,credito,NO,Perdido
HX-00017,2026-04-28,Formulario Web,EMP-02,PV-006,AKT TTR 200,9890000,2,6,SI,contado,NO,Perdido
HX-00018,2026-06-12,WhatsApp,EMP-01,PV-003,AKT Dynamic R3 125,5590000,72,4,NO_INFORMA,credito,NO,Perdido
HX-00019,2026-04-25,Formulario Web,EMP-01,PV-001,Bajaj Boxer CT 100,5790000,24,6,NO_INFORMA,credito,NO,Perdido
HX-00020,2026-04-26,Meta Ads,EMP-01,PV-005,Honda CB 190R,13990000,4,1,NO,credito,SI,Perdido
HX-00021,2026-06-17,Meta Ads,EMP-01,PV-003,Bajaj Dominar 400,24900000,24,4,SI,credito,SI,Perdido
HX-00022,2026-04-28,WhatsApp,EMP-02,PV-008,Bajaj Pulsar NS 160,11290000,8,7,NO,no_informa,SI,Perdido
HX-00023,2026-06-06,Meta Ads,EMP-03,PV-011,Suzuki Gixxer 150,11990000,72,5,NO_INFORMA,credito,NO,Perdido
HX-00024,2026-05-22,WhatsApp,EMP-01,PV-005,Honda Dio 110,6890000,24,7,SI,credito,NO,Perdido
HX-00025,2026-06-01,WhatsApp,EMP-03,PV-013,Bajaj Pulsar NS 125,8990000,2,3,NO,no_informa,NO,Perdido
HX-00026,2026-06-14,WhatsApp,EMP-03,PV-012,AKT Evo RS 150,7190000,2,3,SI,credito,SI,Cerrado
HX-00027,2026-07-19,Formulario Web,EMP-02,PV-010,Suzuki Gixxer 150,11990000,0.5,2,SI,contado,NO,Perdido
HX-00028,2026-04-19,WhatsApp,EMP-02,PV-008,Bajaj Discover 125,6990000,4,3,NO,credito,NO,Perdido
HX-00029,2026-04-14,Meta Ads,EMP-01,PV-004,Honda XRE 300,22900000,120,4,NO,credito,NO,Perdido
HX-00030,2026-05-04,WhatsApp,EMP-01,PV-002,Bajaj Discover 125,6990000,2,6,NO,credito,NO,Perdido
HX-00031,2026-07-09,Meta Ads,EMP-03,PV-013,Bajaj Pulsar NS 160,11290000,4,2,NO_INFORMA,contado,NO,Perdido
HX-00032,2026-06-23,Meta Ads,EMP-03,PV-014,Bajaj Boxer CT 100,5790000,8,2,NO,credito,SI,Perdido
HX-00033,2026-05-06,WhatsApp,EMP-03,PV-014,Bajaj Pulsar RS 200,15490000,2,4,NO_INFORMA,credito,SI,Perdido
HX-00034,2026-06-12,WhatsApp,EMP-02,PV-007,Honda CB 190R,13990000,1,7,NO_INFORMA,credito,NO,Cerrado
HX-00035,2026-03-06,WhatsApp,EMP-01,PV-002,Bajaj Pulsar NS 125,8990000,1,1,SI,credito,NO,Perdido
HX-00036,2026-05-05,Meta Ads,EMP-01,PV-002,Honda Dio 110,6890000,1,6,NO_INFORMA,credito,NO,Perdido
HX-00037,2026-06-27,Formulario Web,EMP-02,PV-008,Honda Navi,7290000,4,4,NO,credito,SI,Perdido
HX-00038,2026-07-15,Formulario Web,EMP-03,PV-013,Bajaj Discover 125,6990000,24,4,NO,credito,NO,Perdido
HX-00039,2026-06-27,Formulario Web,EMP-03,PV-013,Honda CB 125F Twister,7990000,72,1,NO,credito,NO,Perdido
HX-00040,2026-07-04,WhatsApp,EMP-03,PV-013,Honda XR 150L,11490000,2,2,NO,credito,SI,Perdido
HX-00041,2026-03-24,Meta Ads,EMP-02,PV-008,Bajaj Pulsar NS 160,11290000,16,3,SI,contado,NO,Perdido
HX-00042,2026-07-15,Meta Ads,EMP-02,PV-010,Hero Dash 110,6290000,2,7,NO_INFORMA,credito,SI,Perdido
HX-00043,2026-03-27,Meta Ads,EMP-03,PV-011,AKT Dynamic R3 125,5590000,24,1,NO,credito,SI,Perdido
HX-00044,2026-07-09,Meta Ads,EMP-03,PV-012,Honda CB 190R,13990000,72,4,NO,credito,NO,Perdido
HX-00045,2026-07-13,Meta Ads,EMP-01,PV-003,Bajaj Pulsar RS 200,15490000,4,6,NO,contado,NO,Perdido
HX-00046,2026-04-06,WhatsApp,EMP-02,PV-006,Suzuki Best 125,6590000,,0,SI,credito,SI,Sin gestión
HX-00047,2026-04-16,Meta Ads,EMP-01,PV-003,Suzuki V-Strom 250,21900000,1,3,SI,contado,NO,Cerrado
HX-00048,2026-07-24,Formulario Web,EMP-03,PV-014,Hero Xpulse 200,14990000,72,6,SI,no_informa,NO,Perdido
HX-00049,2026-06-14,Formulario Web,EMP-02,PV-008,Suzuki Gixxer 150,11990000,1,4,SI,contado,NO,Perdido
HX-00050,2026-03-21,Formulario Web,EMP-01,PV-002,Hero Xpulse 200,14990000,1,4,SI,credito,NO,Perdido
HX-00051,2026-04-20,Meta Ads,EMP-01,PV-001,Hero Xpulse 200,14990000,1,3,NO_INFORMA,credito,NO,Perdido
HX-00052,2026-03-13,WhatsApp,EMP-03,PV-015,Hero Eco Deluxe 100,4990000,72,6,SI,credito,NO,Perdido
HX-00053,2026-05-29,Meta Ads,EMP-01,PV-003,Hero Dash 110,6290000,16,6,SI,no_informa,NO,Perdido
HX-00054,2026-03-29,WhatsApp,EMP-03,PV-014,Honda Navi,7290000,4,2,NO_INFORMA,no_informa,SI,Perdido
HX-00055,2026-06-13,WhatsApp,EMP-01,PV-004,Bajaj Dominar 400,24900000,48,5,NO,contado,NO,Perdido
HX-00056,2026-06-23,Meta Ads,EMP-02,PV-007,Suzuki Gixxer 150,11990000,120,4,NO_INFORMA,contado,SI,Perdido
HX-00057,2026-05-09,Meta Ads,EMP-02,PV-008,Hero Eco Deluxe 100,4990000,24,6,NO_INFORMA,no_informa,NO,Perdido
HX-00058,2026-07-15,Meta Ads,EMP-02,PV-008,Honda CB 125F Twister,7990000,24,5,NO_INFORMA,credito,SI,Perdido
HX-00059,2026-07-22,WhatsApp,EMP-01,PV-003,Bajaj Dominar 400,24900000,24,1,SI,credito,NO,Cerrado
HX-00060,2026-04-17,Meta Ads,EMP-01,PV-005,Hero Dash 110,6290000,48,7,NO_INFORMA,credito,NO,Perdido
HX-00061,2026-06-24,Meta Ads,EMP-03,PV-013,Hero Xpulse 200,14990000,16,5,NO,no_informa,NO,Perdido
HX-00062,2026-03-30,Meta Ads,EMP-01,PV-002,Bajaj Pulsar NS 125,8990000,,0,SI,credito,NO,Sin gestión
HX-00063,2026-04-27,WhatsApp,EMP-03,PV-011,Bajaj Discover 125,6990000,,0,NO_INFORMA,credito,NO,Sin gestión
HX-00064,2026-05-15,Meta Ads,EMP-03,PV-011,Honda XRE 300,22900000,4,1,NO_INFORMA,credito,NO,Perdido
HX-00065,2026-06-03,Formulario Web,EMP-02,PV-010,Bajaj Pulsar NS 125,8990000,1,2,NO,credito,NO,Perdido
HX-00066,2026-07-15,WhatsApp,EMP-01,PV-003,Suzuki Best 125,6590000,2,7,NO,credito,SI,Perdido
HX-00067,2026-05-13,WhatsApp,EMP-03,PV-011,Bajaj Pulsar RS 200,15490000,48,5,SI,contado,NO,Perdido
HX-00068,2026-05-07,WhatsApp,EMP-01,PV-001,Suzuki Gixxer 150,11990000,4,3,SI,credito,NO,Perdido
HX-00069,2026-04-24,WhatsApp,EMP-03,PV-011,Bajaj Dominar 400,24900000,0.5,5,SI,no_informa,SI,Perdido
HX-00070,2026-04-24,Formulario Web,EMP-03,PV-011,AKT NKD 125,5290000,24,5,NO,credito,NO,Perdido
HX-00071,2026-04-20,Formulario Web,EMP-03,PV-014,Suzuki V-Strom 250,21900000,2,3,NO,credito,NO,Perdido
HX-00072,2026-05-24,Meta Ads,EMP-01,PV-003,AKT NKD 125,5290000,8,4,SI,no_informa,NO,Perdido
HX-00073,2026-03-18,Formulario Web,EMP-01,PV-001,Honda XR 150L,11490000,120,2,SI,credito,NO,Perdido
HX-00074,2026-05-01,WhatsApp,EMP-02,PV-008,Hero Dash 110,6290000,8,5,SI,credito,NO,Perdido
HX-00075,2026-06-22,Meta Ads,EMP-03,PV-015,Bajaj Discover 125,6990000,48,6,SI,credito,NO,Perdido
HX-00076,2026-04-24,WhatsApp,EMP-03,PV-011,AKT Dynamic R3 125,5590000,2,4,SI,credito,SI,Perdido
HX-00077,2026-06-11,Meta Ads,EMP-01,PV-001,Bajaj Pulsar NS 125,8990000,72,4,SI,credito,SI,Perdido
HX-00078,2026-03-03,WhatsApp,EMP-01,PV-004,Hero Xpulse 200,14990000,8,1,NO_INFORMA,credito,NO,Perdido
HX-00079,2026-04-07,Meta Ads,EMP-02,PV-010,Suzuki Gixxer 150,11990000,24,4,SI,credito,NO,Perdido
HX-00080,2026-04-01,WhatsApp,EMP-01,PV-003,Honda CB 190R,13990000,8,2,SI,no_informa,NO,Perdido
HX-00081,2026-03-20,WhatsApp,EMP-03,PV-012,Bajaj Discover 125,6990000,48,3,NO_INFORMA,credito,SI,Perdido
HX-00082,2026-03-27,Formulario Web,EMP-01,PV-003,Honda XR 150L,11490000,48,5,NO,no_informa,NO,Perdido
HX-00083,2026-03-27,Meta Ads,EMP-03,PV-012,Honda XRE 300,22900000,4,7,SI,credito,NO,Perdido
HX-00084,2026-07-17,WhatsApp,EMP-02,PV-010,Hero Dash 110,6290000,72,6,NO,contado,NO,Perdido
HX-00085,2026-05-07,WhatsApp,EMP-02,PV-008,Bajaj Dominar 400,24900000,1,6,NO,credito,NO,Perdido
HX-00086,2026-07-05,WhatsApp,EMP-02,PV-006,Hero Eco Deluxe 100,4990000,72,5,NO_INFORMA,credito,NO,Perdido
HX-00087,2026-05-02,Meta Ads,EMP-03,PV-014,Bajaj Pulsar NS 160,11290000,72,3,NO_INFORMA,credito,NO,Perdido
HX-00088,2026-04-02,Meta Ads,EMP-01,PV-005,Bajaj Pulsar NS 125,8990000,16,3,SI,no_informa,NO,Perdido
HX-00089,2026-04-17,WhatsApp,EMP-03,PV-012,Bajaj Pulsar NS 160,11290000,1,3,SI,credito,NO,Perdido
HX-00090,2026-06-30,WhatsApp,EMP-02,PV-010,Bajaj Dominar 400,24900000,2,1,NO,contado,SI,Perdido
HX-00091,2026-04-02,Meta Ads,EMP-01,PV-003,Suzuki GN 125,7490000,24,4,NO_INFORMA,credito,NO,Perdido
HX-00092,2026-06-29,WhatsApp,EMP-01,PV-001,Honda XR 150L,11490000,2,1,NO,credito,NO,Perdido
HX-00093,2026-05-15,Formulario Web,EMP-01,PV-002,Suzuki Gixxer 150,11990000,120,3,NO_INFORMA,contado,NO,Perdido
HX-00094,2026-04-27,Meta Ads,EMP-03,PV-013,Bajaj Dominar 400,24900000,,0,NO,contado,SI,Sin gestión
HX-00095,2026-03-11,WhatsApp,EMP-03,PV-014,Hero Hunk 160R,10490000,2,1,NO_INFORMA,credito,NO,Perdido
HX-00096,2026-05-14,Meta Ads,EMP-01,PV-002,AKT Dynamic R3 125,5590000,4,2,SI,contado,NO,Perdido
HX-00097,2026-05-20,WhatsApp,EMP-01,PV-004,Bajaj Pulsar NS 125,8990000,2,3,NO_INFORMA,contado,SI,Perdido
HX-00098,2026-04-15,WhatsApp,EMP-01,PV-004,Bajaj Pulsar NS 160,11290000,24,1,NO,no_informa,SI,Perdido
HX-00099,2026-05-17,Meta Ads,EMP-03,PV-011,Bajaj Pulsar NS 160,11290000,2,1,SI,credito,NO,Perdido
HX-00100,2026-05-18,WhatsApp,EMP-03,PV-015,Honda CB 125F Twister,7990000,4,3,NO,no_informa,NO,Perdido
HX-00101,2026-07-23,WhatsApp,EMP-01,PV-003,Hero Hunk 160R,10490000,24,5,NO,credito,NO,Perdido
HX-00102,2026-05-12,WhatsApp,EMP-01,PV-005,Bajaj Dominar 400,24900000,120,6,SI,credito,NO,Perdido
HX-00103,2026-05-05,WhatsApp,EMP-01,PV-003,Suzuki V-Strom 250,21900000,8,4,NO_INFORMA,credito,NO,Perdido
HX-00104,2026-05-01,Formulario Web,EMP-01,PV-002,Bajaj Pulsar NS 160,11290000,16,6,SI,credito,NO,Perdido
HX-00105,2026-06-26,WhatsApp,EMP-01,PV-004,Hero Eco Deluxe 100,4990000,,0,NO_INFORMA,credito,SI,Sin gestión
HX-00106,2026-03-07,Meta Ads,EMP-03,PV-014,Honda XR 150L,11490000,72,4,NO,credito,NO,Perdido
HX-00107,2026-07-03,WhatsApp,EMP-02,PV-006,Bajaj Pulsar NS 125,8990000,1,1,NO,credito,SI,Perdido
HX-00108,2026-03-09,Formulario Web,EMP-03,PV-012,Hero Hunk 160R,10490000,4,5,NO_INFORMA,contado,SI,Perdido
HX-00109,2026-04-29,WhatsApp,EMP-02,PV-010,Honda XRE 300,22900000,,0,NO,credito,NO,Sin gestión
HX-00110,2026-04-29,Meta Ads,EMP-03,PV-013,Bajaj Discover 125,6990000,1,1,SI,no_informa,NO,Perdido
HX-00111,2026-05-24,WhatsApp,EMP-02,PV-007,AKT Evo RS 150,7190000,48,4,NO,no_informa,SI,Cerrado
HX-00112,2026-06-15,WhatsApp,EMP-01,PV-002,Suzuki Best 125,6590000,24,3,SI,credito,NO,Perdido
HX-00113,2026-07-07,WhatsApp,EMP-02,PV-008,Honda XR 150L,11490000,120,5,NO_INFORMA,credito,SI,Perdido
HX-00114,2026-06-04,Meta Ads,EMP-02,PV-006,AKT NKD 125,5290000,4,3,NO_INFORMA,no_informa,NO,Perdido
HX-00115,2026-03-20,WhatsApp,EMP-02,PV-006,Suzuki Gixxer 150,11990000,72,5,NO_INFORMA,credito,SI,Perdido
HX-00116,2026-05-12,WhatsApp,EMP-01,PV-003,Honda XR 150L,11490000,4,7,NO_INFORMA,credito,NO,Perdido
HX-00117,2026-04-09,WhatsApp,EMP-01,PV-005,Hero Xpulse 200,14990000,1,6,NO,contado,NO,Perdido
HX-00118,2026-07-07,WhatsApp,EMP-01,PV-004,Honda XR 150L,11490000,4,2,NO_INFORMA,no_informa,NO,Perdido
HX-00119,2026-06-22,Meta Ads,EMP-01,PV-002,Bajaj Pulsar RS 200,15490000,24,5,NO_INFORMA,credito,SI,Perdido
HX-00120,2026-04-24,WhatsApp,EMP-02,PV-007,Bajaj Pulsar NS 125,8990000,8,7,SI,no_informa,NO,Perdido
HX-00121,2026-05-30,Meta Ads,EMP-01,PV-004,Honda CB 190R,13990000,48,1,NO_INFORMA,credito,NO,Perdido
HX-00122,2026-05-20,WhatsApp,EMP-03,PV-014,Honda XRE 300,22900000,1,2,NO_INFORMA,contado,SI,Cerrado
HX-00123,2026-05-04,WhatsApp,EMP-02,PV-009,AKT NKD 125,5290000,4,5,SI,credito,SI,Perdido
HX-00124,2026-06-11,WhatsApp,EMP-03,PV-013,Suzuki GN 125,7490000,48,1,SI,credito,NO,Perdido
HX-00125,2026-07-16,WhatsApp,EMP-02,PV-006,Bajaj Pulsar RS 200,15490000,8,5,NO_INFORMA,credito,NO,Perdido
HX-00126,2026-04-18,WhatsApp,EMP-03,PV-014,AKT NKD 125,5290000,2,2,NO,contado,NO,Perdido
HX-00127,2026-06-29,WhatsApp,EMP-03,PV-011,Suzuki Gixxer 150,11990000,0.5,2,NO_INFORMA,credito,NO,Perdido
HX-00128,2026-03-18,WhatsApp,EMP-01,PV-003,Hero Xpulse 200,14990000,4,1,SI,credito,NO,Perdido
HX-00129,2026-06-09,Meta Ads,EMP-01,PV-004,Bajaj Pulsar NS 125,8990000,72,4,NO,credito,NO,Perdido
HX-00130,2026-05-21,Meta Ads,EMP-01,PV-004,AKT NKD 125,5290000,16,5,NO,credito,NO,Perdido
HX-00131,2026-06-19,WhatsApp,EMP-02,PV-008,Honda Dio 110,6890000,8,2,NO_INFORMA,contado,SI,Perdido
HX-00132,2026-03-11,WhatsApp,EMP-01,PV-004,Bajaj Pulsar RS 200,15490000,24,7,NO,credito,NO,Perdido
HX-00133,2026-04-12,Meta Ads,EMP-03,PV-013,AKT Evo RS 150,7190000,4,3,NO_INFORMA,credito,SI,Perdido
HX-00134,2026-03-16,Meta Ads,EMP-03,PV-013,Bajaj Discover 125,6990000,48,4,NO,credito,NO,Perdido
HX-00135,2026-05-13,WhatsApp,EMP-01,PV-002,Honda XR 150L,11490000,2,2,NO,credito,SI,Perdido
HX-00136,2026-06-01,Meta Ads,EMP-01,PV-004,Bajaj Boxer CT 100,5790000,16,3,NO,credito,SI,Perdido
HX-00137,2026-04-01,WhatsApp,EMP-02,PV-006,Hero Xpulse 200,14990000,24,1,SI,credito,NO,Perdido
HX-00138,2026-04-11,Meta Ads,EMP-01,PV-003,Bajaj Pulsar NS 160,11290000,120,2,NO_INFORMA,credito,NO,Perdido
HX-00139,2026-07-20,WhatsApp,EMP-01,PV-002,AKT TTR 200,9890000,2,4,SI,credito,NO,Perdido
HX-00140,2026-05-05,Meta Ads,EMP-02,PV-006,Honda XR 150L,11490000,16,3,NO,no_informa,SI,Perdido
HX-00141,2026-05-08,WhatsApp,EMP-03,PV-014,AKT Dynamic R3 125,5590000,24,6,SI,credito,NO,Perdido
HX-00142,2026-06-17,WhatsApp,EMP-01,PV-004,Hero Hunk 160R,10490000,48,4,SI,contado,NO,Perdido
HX-00143,2026-03-21,Meta Ads,EMP-03,PV-013,Honda Dio 110,6890000,120,7,SI,contado,NO,Perdido
HX-00144,2026-03-09,Meta Ads,EMP-02,PV-006,Bajaj Pulsar NS 125,8990000,8,5,NO,credito,NO,Perdido
HX-00145,2026-03-30,WhatsApp,EMP-02,PV-009,Honda CB 125F Twister,7990000,16,1,NO_INFORMA,contado,NO,Perdido
HX-00146,2026-07-10,Formulario Web,EMP-01,PV-002,AKT Dynamic R3 125,5590000,72,6,NO_INFORMA,credito,NO,Perdido
HX-00147,2026-05-07,Meta Ads,EMP-02,PV-006,Suzuki Gixxer 150,11990000,2,7,SI,credito,NO,Perdido
HX-00148,2026-03-16,WhatsApp,EMP-03,PV-011,AKT TTR 200,9890000,72,7,NO,no_informa,NO,Perdido
HX-00149,2026-06-16,WhatsApp,EMP-02,PV-009,Hero Dash 110,6290000,,0,NO,credito,NO,Sin gestión
HX-00150,2026-04-24,Formulario Web,EMP-01,PV-004,Bajaj Pulsar NS 160,11290000,1,5,SI,no_informa,SI,Cerrado
HX-00151,2026-05-12,Meta Ads,EMP-02,PV-006,Hero Eco Deluxe 100,4990000,8,2,NO_INFORMA,credito,NO,Perdido
HX-00152,2026-03-26,Meta Ads,EMP-01,PV-004,Hero Xpulse 200,14990000,72,4,NO,contado,SI,Perdido
HX-00153,2026-05-20,Formulario Web,EMP-02,PV-008,Bajaj Dominar 400,24900000,72,7,NO_INFORMA,contado,NO,Perdido
HX-00154,2026-07-07,WhatsApp,EMP-01,PV-003,Bajaj Pulsar NS 125,8990000,8,3,SI,credito,NO,Perdido
HX-00155,2026-04-30,WhatsApp,EMP-02,PV-010,Suzuki Best 125,6590000,48,3,NO_INFORMA,credito,SI,Perdido
HX-00156,2026-07-20,Meta Ads,EMP-03,PV-015,Bajaj Pulsar RS 200,15490000,8,6,NO,credito,NO,Perdido
HX-00157,2026-03-12,Meta Ads,EMP-02,PV-010,Suzuki GN 125,7490000,4,1,NO,credito,NO,Perdido
HX-00158,2026-05-18,Formulario Web,EMP-01,PV-004,Bajaj Pulsar RS 200,15490000,4,2,NO_INFORMA,no_informa,NO,Perdido
HX-00159,2026-04-29,WhatsApp,EMP-01,PV-003,Bajaj Boxer CT 100,5790000,16,7,NO_INFORMA,no_informa,SI,Perdido
HX-00160,2026-03-24,Meta Ads,EMP-03,PV-015,AKT TTR 200,9890000,8,5,SI,credito,NO,Perdido
HX-00161,2026-06-11,Meta Ads,EMP-02,PV-006,Suzuki V-Strom 250,21900000,16,1,SI,credito,NO,Cerrado
HX-00162,2026-06-24,WhatsApp,EMP-01,PV-003,Honda CB 125F Twister,7990000,120,6,NO,credito,NO,Perdido
HX-00163,2026-06-14,WhatsApp,EMP-03,PV-015,Suzuki GN 125,7490000,,0,NO_INFORMA,credito,NO,Sin gestión
HX-00164,2026-07-06,WhatsApp,EMP-01,PV-003,AKT Dynamic R3 125,5590000,4,6,NO,no_informa,NO,Perdido
HX-00165,2026-05-29,WhatsApp,EMP-01,PV-005,Suzuki V-Strom 250,21900000,8,2,NO_INFORMA,credito,NO,Perdido
HX-00166,2026-05-28,WhatsApp,EMP-01,PV-004,Bajaj Pulsar NS 125,8990000,1,7,SI,no_informa,SI,Cerrado
HX-00167,2026-04-20,Formulario Web,EMP-03,PV-015,Suzuki Gixxer 150,11990000,120,5,SI,credito,NO,Perdido
HX-00168,2026-03-19,Meta Ads,EMP-01,PV-004,Suzuki V-Strom 250,21900000,120,6,SI,no_informa,SI,Perdido
HX-00169,2026-04-19,Meta Ads,EMP-01,PV-003,Suzuki Best 125,6590000,0.5,7,SI,credito,NO,Perdido
HX-00170,2026-06-10,Formulario Web,EMP-03,PV-014,Honda CB 125F Twister,7990000,,0,NO,credito,SI,Sin gestión
HX-00171,2026-06-27,Meta Ads,EMP-03,PV-011,Bajaj Pulsar NS 160,11290000,0.5,1,NO_INFORMA,credito,NO,Cerrado
HX-00172,2026-05-16,WhatsApp,EMP-03,PV-013,Bajaj Pulsar NS 125,8990000,8,1,SI,credito,NO,Perdido
HX-00173,2026-04-23,Meta Ads,EMP-03,PV-015,AKT Evo RS 150,7190000,2,4,NO,no_informa,SI,Perdido
HX-00174,2026-05-17,WhatsApp,EMP-03,PV-013,Bajaj Discover 125,6990000,24,7,SI,no_informa,NO,Perdido
HX-00175,2026-04-26,WhatsApp,EMP-01,PV-001,Suzuki V-Strom 250,21900000,4,5,NO,credito,NO,Cerrado
HX-00176,2026-07-06,WhatsApp,EMP-03,PV-012,Honda CB 190R,13990000,72,3,SI,credito,NO,Perdido
HX-00177,2026-04-03,Meta Ads,EMP-01,PV-002,AKT NKD 125,5290000,4,6,NO,credito,NO,Cerrado
HX-00178,2026-04-10,Meta Ads,EMP-01,PV-003,Suzuki GN 125,7490000,48,2,SI,contado,NO,Perdido
HX-00179,2026-04-01,Meta Ads,EMP-01,PV-005,Bajaj Pulsar NS 125,8990000,48,6,NO,credito,SI,Perdido
HX-00180,2026-04-05,WhatsApp,EMP-02,PV-006,Bajaj Pulsar RS 200,15490000,72,7,NO,credito,NO,Perdido
HX-00181,2026-05-15,WhatsApp,EMP-02,PV-008,Bajaj Discover 125,6990000,48,7,NO,credito,SI,Perdido
HX-00182,2026-04-27,Formulario Web,EMP-02,PV-010,Honda CB 125F Twister,7990000,1,5,NO,credito,NO,Perdido
HX-00183,2026-06-21,WhatsApp,EMP-03,PV-012,Honda Dio 110,6890000,1,7,SI,credito,NO,Perdido
HX-00184,2026-04-13,WhatsApp,EMP-02,PV-010,Hero Hunk 160R,10490000,,0,NO_INFORMA,credito,NO,Sin gestión
HX-00185,2026-05-08,WhatsApp,EMP-01,PV-004,Hero Xpulse 200,14990000,8,1,SI,credito,NO,Perdido
HX-00186,2026-06-27,WhatsApp,EMP-01,PV-004,Bajaj Discover 125,6990000,120,1,SI,credito,SI,Perdido
HX-00187,2026-05-15,WhatsApp,EMP-02,PV-007,AKT NKD 125,5290000,4,3,SI,no_informa,NO,Perdido
HX-00188,2026-04-11,Meta Ads,EMP-03,PV-012,Hero Eco Deluxe 100,4990000,2,5,NO,contado,NO,Perdido
HX-00189,2026-05-26,WhatsApp,EMP-02,PV-008,Bajaj Pulsar RS 200,15490000,24,1,SI,no_informa,SI,Perdido
HX-00190,2026-03-29,Formulario Web,EMP-03,PV-015,Hero Dash 110,6290000,24,2,SI,contado,SI,Perdido
HX-00191,2026-03-31,Meta Ads,EMP-02,PV-007,Suzuki Best 125,6590000,16,1,SI,credito,NO,Perdido
HX-00192,2026-03-06,WhatsApp,EMP-01,PV-003,Honda Dio 110,6890000,120,7,NO,credito,SI,Perdido
HX-00193,2026-07-12,WhatsApp,EMP-02,PV-010,Hero Eco Deluxe 100,4990000,120,1,NO_INFORMA,no_informa,NO,Perdido
HX-00194,2026-07-08,WhatsApp,EMP-01,PV-002,AKT NKD 125,5290000,2,5,SI,credito,NO,Perdido
HX-00195,2026-04-21,Meta Ads,EMP-02,PV-008,Honda Navi,7290000,16,3,NO_INFORMA,credito,SI,Perdido
HX-00196,2026-05-09,Meta Ads,EMP-03,PV-012,Honda CB 125F Twister,7990000,48,5,NO,contado,NO,Perdido
HX-00197,2026-03-27,WhatsApp,EMP-02,PV-007,Hero Eco Deluxe 100,4990000,4,1,NO_INFORMA,credito,NO,Perdido
HX-00198,2026-06-29,Meta Ads,EMP-01,PV-003,Bajaj Pulsar RS 200,15490000,48,5,NO,no_informa,NO,Perdido
HX-00199,2026-04-14,WhatsApp,EMP-01,PV-005,Bajaj Pulsar RS 200,15490000,72,4,NO,credito,SI,Perdido
HX-00200,2026-04-18,Formulario Web,EMP-02,PV-008,Bajaj Discover 125,6990000,8,1,NO,contado,SI,Perdido
HX-00201,2026-03-25,WhatsApp,EMP-02,PV-007,AKT NKD 125,5290000,2,5,SI,credito,SI,Perdido
HX-00202,2026-06-17,Meta Ads,EMP-02,PV-006,Honda Dio 110,6890000,16,3,NO_INFORMA,credito,SI,Cerrado
HX-00203,2026-06-18,Meta Ads,EMP-02,PV-008,Suzuki V-Strom 250,21900000,8,2,SI,credito,NO,Cerrado
HX-00204,2026-05-04,WhatsApp,EMP-02,PV-008,AKT TTR 200,9890000,0.5,6,SI,no_informa,NO,Perdido
HX-00205,2026-03-24,WhatsApp,EMP-02,PV-010,Hero Xpulse 200,14990000,0.5,4,NO,no_informa,NO,Perdido
HX-00206,2026-03-29,WhatsApp,EMP-02,PV-006,Bajaj Discover 125,6990000,2,4,NO,no_informa,NO,Cerrado
HX-00207,2026-07-18,WhatsApp,EMP-01,PV-001,Suzuki V-Strom 250,21900000,16,4,NO_INFORMA,credito,NO,Perdido
HX-00208,2026-03-28,WhatsApp,EMP-03,PV-012,Bajaj Pulsar NS 160,11290000,4,2,NO,no_informa,NO,Perdido
HX-00209,2026-03-10,WhatsApp,EMP-03,PV-013,Honda XR 150L,11490000,24,3,SI,no_informa,NO,Perdido
HX-00210,2026-07-26,Formulario Web,EMP-03,PV-015,Hero Xpulse 200,14990000,72,5,NO,credito,NO,Perdido
HX-00211,2026-06-19,Meta Ads,EMP-01,PV-003,Bajaj Pulsar NS 125,8990000,2,6,NO,credito,SI,Perdido
HX-00212,2026-04-04,Formulario Web,EMP-03,PV-011,AKT Evo RS 150,7190000,24,6,NO_INFORMA,no_informa,SI,Perdido
HX-00213,2026-07-04,Meta Ads,EMP-01,PV-003,Suzuki V-Strom 250,21900000,24,6,SI,contado,NO,Perdido
HX-00214,2026-05-10,Formulario Web,EMP-01,PV-003,Bajaj Boxer CT 100,5790000,8,5,NO,credito,SI,Perdido
HX-00215,2026-03-18,WhatsApp,EMP-02,PV-008,Bajaj Discover 125,6990000,1,2,SI,contado,NO,Perdido
HX-00216,2026-05-25,WhatsApp,EMP-03,PV-015,Suzuki Gixxer 150,11990000,120,2,NO_INFORMA,credito,NO,Perdido
HX-00217,2026-03-30,WhatsApp,EMP-03,PV-012,Honda XR 150L,11490000,24,5,SI,no_informa,NO,Perdido
HX-00218,2026-03-04,Meta Ads,EMP-01,PV-002,Honda Dio 110,6890000,1,1,NO_INFORMA,contado,NO,Perdido
HX-00219,2026-03-20,Meta Ads,EMP-02,PV-006,Bajaj Pulsar NS 125,8990000,4,4,NO_INFORMA,credito,NO,Perdido
HX-00220,2026-03-08,WhatsApp,EMP-01,PV-004,Hero Xpulse 200,14990000,24,2,NO,no_informa,SI,Perdido
HX-00221,2026-04-22,WhatsApp,EMP-01,PV-005,Bajaj Discover 125,6990000,,0,SI,credito,NO,Sin gestión
HX-00222,2026-05-05,Meta Ads,EMP-03,PV-014,Bajaj Pulsar NS 125,8990000,48,7,SI,no_informa,NO,Perdido
HX-00223,2026-03-12,WhatsApp,EMP-01,PV-003,Bajaj Pulsar RS 200,15490000,4,1,SI,no_informa,NO,Perdido
HX-00224,2026-06-23,Formulario Web,EMP-02,PV-008,Bajaj Pulsar RS 200,15490000,1,7,NO_INFORMA,credito,SI,Perdido
HX-00225,2026-03-25,Formulario Web,EMP-03,PV-011,Honda Navi,7290000,24,6,SI,no_informa,SI,Perdido
HX-00226,2026-07-24,WhatsApp,EMP-03,PV-014,Suzuki GN 125,7490000,8,6,NO,credito,NO,Perdido
HX-00227,2026-03-06,Formulario Web,EMP-02,PV-010,AKT Evo RS 150,7190000,0.5,6,NO_INFORMA,credito,NO,Perdido
HX-00228,2026-07-21,WhatsApp,EMP-02,PV-008,Suzuki Best 125,6590000,1,3,SI,credito,NO,Cerrado
HX-00229,2026-06-01,WhatsApp,EMP-01,PV-001,Hero Xpulse 200,14990000,16,4,NO_INFORMA,contado,SI,Perdido
HX-00230,2026-03-03,Meta Ads,EMP-01,PV-004,Bajaj Dominar 400,24900000,1,4,SI,credito,SI,Perdido
HX-00231,2026-04-23,WhatsApp,EMP-02,PV-006,Suzuki GN 125,7490000,,0,SI,contado,SI,Sin gestión
HX-00232,2026-03-24,WhatsApp,EMP-02,PV-006,Honda Dio 110,6890000,120,2,NO_INFORMA,credito,NO,Perdido
HX-00233,2026-07-09,WhatsApp,EMP-01,PV-004,Bajaj Discover 125,6990000,0.5,6,NO,credito,NO,Perdido
HX-00234,2026-07-16,Meta Ads,EMP-02,PV-006,Suzuki V-Strom 250,21900000,72,3,SI,credito,NO,Cerrado
HX-00235,2026-05-19,Meta Ads,EMP-01,PV-001,Suzuki GN 125,7490000,,0,SI,credito,NO,Sin gestión
HX-00236,2026-06-30,Formulario Web,EMP-03,PV-012,AKT NKD 125,5290000,48,7,SI,credito,NO,Perdido
HX-00237,2026-04-17,WhatsApp,EMP-01,PV-001,Bajaj Pulsar RS 200,15490000,4,2,NO,credito,SI,Perdido
HX-00238,2026-03-28,WhatsApp,EMP-03,PV-013,Honda XR 150L,11490000,24,1,NO,credito,NO,Perdido
HX-00239,2026-05-09,WhatsApp,EMP-03,PV-014,Hero Xpulse 200,14990000,8,4,NO,credito,SI,Perdido
HX-00240,2026-07-19,WhatsApp,EMP-02,PV-010,Honda Navi,7290000,1,5,SI,no_informa,NO,Perdido
HX-00241,2026-07-17,WhatsApp,EMP-02,PV-007,Bajaj Discover 125,6990000,4,1,SI,credito,NO,Perdido
HX-00242,2026-03-17,Meta Ads,EMP-01,PV-001,Hero Dash 110,6290000,48,5,SI,credito,SI,Perdido
HX-00243,2026-06-19,WhatsApp,EMP-02,PV-007,Hero Dash 110,6290000,0.5,4,NO,credito,SI,Perdido
HX-00244,2026-05-06,Meta Ads,EMP-03,PV-013,Suzuki Best 125,6590000,1,2,NO_INFORMA,credito,NO,Perdido
HX-00245,2026-05-24,Formulario Web,EMP-02,PV-007,Honda XRE 300,22900000,48,1,SI,contado,NO,Perdido
HX-00246,2026-06-27,WhatsApp,EMP-02,PV-010,Honda CB 125F Twister,7990000,48,2,NO_INFORMA,credito,SI,Perdido
HX-00247,2026-03-22,WhatsApp,EMP-02,PV-010,Honda XRE 300,22900000,1,4,SI,credito,NO,Perdido
HX-00248,2026-04-24,Meta Ads,EMP-03,PV-014,Hero Xpulse 200,14990000,4,7,NO,no_informa,NO,Perdido
HX-00249,2026-04-11,Meta Ads,EMP-03,PV-012,Honda Navi,7290000,24,1,SI,credito,SI,Perdido
HX-00250,2026-07-20,WhatsApp,EMP-01,PV-001,Suzuki Gixxer 150,11990000,4,6,NO_INFORMA,contado,NO,Perdido
HX-00251,2026-05-26,Meta Ads,EMP-02,PV-006,Bajaj Pulsar RS 200,15490000,8,4,NO,credito,NO,Perdido
HX-00252,2026-06-29,WhatsApp,EMP-03,PV-012,Hero Hunk 160R,10490000,8,4,SI,no_informa,SI,Perdido
HX-00253,2026-07-17,WhatsApp,EMP-01,PV-002,Hero Dash 110,6290000,120,2,NO,contado,SI,Perdido
HX-00254,2026-06-21,Meta Ads,EMP-02,PV-010,Bajaj Discover 125,6990000,0.5,4,NO_INFORMA,no_informa,SI,Perdido
HX-00255,2026-04-24,WhatsApp,EMP-01,PV-003,Bajaj Dominar 400,24900000,72,4,NO_INFORMA,credito,NO,Perdido
HX-00256,2026-04-06,Meta Ads,EMP-03,PV-014,Honda XR 150L,11490000,4,2,NO,credito,SI,Cerrado
HX-00257,2026-03-26,Formulario Web,EMP-02,PV-009,Suzuki V-Strom 250,21900000,1,5,NO_INFORMA,credito,NO,Perdido
HX-00258,2026-05-01,Formulario Web,EMP-01,PV-005,Hero Dash 110,6290000,72,5,NO_INFORMA,credito,NO,Perdido
HX-00259,2026-06-24,Meta Ads,EMP-01,PV-001,AKT Dynamic R3 125,5590000,48,7,SI,credito,NO,Perdido
HX-00260,2026-04-09,WhatsApp,EMP-02,PV-006,Honda XR 150L,11490000,72,3,SI,credito,NO,Perdido
HX-00261,2026-03-24,WhatsApp,EMP-03,PV-015,Suzuki Gixxer 150,11990000,72,2,NO,no_informa,SI,Perdido
HX-00262,2026-04-21,Meta Ads,EMP-01,PV-005,Bajaj Pulsar NS 125,8990000,8,5,SI,credito,NO,Perdido
HX-00263,2026-03-25,Meta Ads,EMP-03,PV-015,Honda Navi,7290000,16,1,NO_INFORMA,no_informa,SI,Perdido
HX-00264,2026-05-04,WhatsApp,EMP-03,PV-012,Suzuki Best 125,6590000,4,1,SI,no_informa,NO,Cerrado
HX-00265,2026-05-27,WhatsApp,EMP-02,PV-007,Hero Hunk 160R,10490000,16,7,NO,credito,SI,Perdido
HX-00266,2026-06-04,Meta Ads,EMP-02,PV-008,Hero Xpulse 200,14990000,16,2,SI,credito,NO,Perdido
HX-00267,2026-07-18,Meta Ads,EMP-02,PV-007,Honda CB 125F Twister,7990000,,0,NO,contado,NO,Sin gestión
HX-00268,2026-03-14,Formulario Web,EMP-03,PV-012,Hero Xpulse 200,14990000,0.5,6,NO_INFORMA,credito,NO,Perdido
HX-00269,2026-03-03,WhatsApp,EMP-02,PV-007,Honda CB 125F Twister,7990000,48,2,SI,credito,NO,Perdido
HX-00270,2026-04-29,Meta Ads,EMP-02,PV-010,AKT NKD 125,5290000,24,7,NO,credito,NO,Perdido
HX-00271,2026-03-22,WhatsApp,EMP-01,PV-004,Honda CB 190R,13990000,4,5,SI,no_informa,NO,Perdido
HX-00272,2026-05-29,WhatsApp,EMP-01,PV-003,Bajaj Dominar 400,24900000,2,6,NO_INFORMA,credito,SI,Perdido
HX-00273,2026-04-15,Formulario Web,EMP-02,PV-007,Honda XR 150L,11490000,,0,NO,credito,NO,Sin gestión
HX-00274,2026-03-22,Formulario Web,EMP-03,PV-013,Honda Dio 110,6890000,24,5,SI,no_informa,NO,Perdido
HX-00275,2026-05-16,WhatsApp,EMP-01,PV-005,Honda Dio 110,6890000,24,4,SI,contado,SI,Perdido
HX-00276,2026-03-10,Meta Ads,EMP-03,PV-013,Suzuki Gixxer 150,11990000,72,3,NO_INFORMA,credito,NO,Perdido
HX-00277,2026-06-25,WhatsApp,EMP-02,PV-007,Suzuki Best 125,6590000,8,7,SI,credito,NO,Perdido
HX-00278,2026-07-09,Meta Ads,EMP-03,PV-011,Honda Navi,7290000,,0,SI,credito,SI,Sin gestión
HX-00279,2026-04-09,WhatsApp,EMP-01,PV-002,Honda Dio 110,6890000,4,7,NO_INFORMA,credito,NO,Perdido
HX-00280,2026-07-16,Meta Ads,EMP-02,PV-006,AKT Dynamic R3 125,5590000,1,6,SI,credito,NO,Cerrado
HX-00281,2026-06-23,WhatsApp,EMP-02,PV-008,AKT NKD 125,5290000,24,1,NO_INFORMA,credito,SI,Perdido
HX-00282,2026-06-21,Meta Ads,EMP-01,PV-003,Bajaj Boxer CT 100,5790000,48,6,NO_INFORMA,credito,SI,Perdido
HX-00283,2026-05-10,WhatsApp,EMP-01,PV-001,AKT NKD 125,5290000,0.5,7,SI,credito,NO,Perdido
HX-00284,2026-04-05,Meta Ads,EMP-02,PV-009,Suzuki Best 125,6590000,48,2,NO_INFORMA,credito,NO,Perdido
HX-00285,2026-03-08,WhatsApp,EMP-03,PV-014,Honda XR 150L,11490000,,0,SI,contado,NO,Sin gestión
HX-00286,2026-03-17,Meta Ads,EMP-01,PV-005,Hero Hunk 160R,10490000,16,4,NO_INFORMA,credito,NO,Perdido
HX-00287,2026-04-19,Meta Ads,EMP-01,PV-001,Hero Xpulse 200,14990000,,0,SI,credito,NO,Sin gestión
HX-00288,2026-06-30,WhatsApp,EMP-02,PV-009,Bajaj Pulsar NS 160,11290000,4,6,NO,credito,NO,Perdido
HX-00289,2026-05-02,WhatsApp,EMP-03,PV-015,Bajaj Dominar 400,24900000,2,4,NO_INFORMA,no_informa,NO,Perdido
HX-00290,2026-03-06,WhatsApp,EMP-02,PV-009,Suzuki Gixxer 150,11990000,0.5,3,SI,no_informa,NO,Perdido
HX-00291,2026-03-16,Meta Ads,EMP-02,PV-007,Suzuki Best 125,6590000,1,5,SI,credito,NO,Perdido
HX-00292,2026-03-20,WhatsApp,EMP-03,PV-015,AKT TTR 200,9890000,120,7,NO,credito,NO,Perdido
HX-00293,2026-05-14,Meta Ads,EMP-03,PV-013,Bajaj Boxer CT 100,5790000,4,7,SI,credito,NO,Perdido
HX-00294,2026-07-06,Meta Ads,EMP-03,PV-011,Honda CB 125F Twister,7990000,24,5,NO_INFORMA,contado,NO,Perdido
HX-00295,2026-06-14,WhatsApp,EMP-01,PV-005,Hero Eco Deluxe 100,4990000,2,2,SI,credito,SI,Perdido
HX-00296,2026-04-16,WhatsApp,EMP-03,PV-015,Honda XR 150L,11490000,,0,NO_INFORMA,credito,NO,Sin gestión
HX-00297,2026-04-14,Formulario Web,EMP-03,PV-011,AKT Evo RS 150,7190000,72,1,NO,credito,SI,Perdido
HX-00298,2026-07-08,Meta Ads,EMP-02,PV-008,Bajaj Dominar 400,24900000,72,5,NO_INFORMA,no_informa,NO,Perdido
HX-00299,2026-06-24,WhatsApp,EMP-03,PV-014,Hero Dash 110,6290000,,0,SI,credito,SI,Sin gestión
HX-00300,2026-03-06,Formulario Web,EMP-02,PV-009,Bajaj Discover 125,6990000,120,2,SI,no_informa,SI,Perdido
HX-00301,2026-07-12,Meta Ads,EMP-03,PV-015,Bajaj Dominar 400,24900000,8,2,NO,contado,NO,Perdido
HX-00302,2026-06-16,Meta Ads,EMP-02,PV-008,Hero Xpulse 200,14990000,72,7,SI,credito,NO,Perdido
HX-00303,2026-04-02,WhatsApp,EMP-03,PV-015,Hero Xpulse 200,14990000,24,6,SI,credito,NO,Perdido
HX-00304,2026-04-07,Meta Ads,EMP-03,PV-011,Bajaj Boxer CT 100,5790000,16,5,NO,credito,NO,Perdido
HX-00305,2026-04-04,Meta Ads,EMP-02,PV-009,Bajaj Dominar 400,24900000,4,3,SI,credito,NO,Perdido
HX-00306,2026-06-08,Meta Ads,EMP-02,PV-008,AKT NKD 125,5290000,1,7,NO,credito,NO,Cerrado
HX-00307,2026-07-14,WhatsApp,EMP-02,PV-008,Honda Navi,7290000,0.5,4,NO,no_informa,NO,Perdido
HX-00308,2026-06-25,WhatsApp,EMP-03,PV-013,AKT Dynamic R3 125,5590000,0.5,7,NO_INFORMA,no_informa,NO,Cerrado
HX-00309,2026-07-07,WhatsApp,EMP-01,PV-003,AKT Evo RS 150,7190000,4,2,NO,credito,NO,Perdido
HX-00310,2026-07-27,WhatsApp,EMP-03,PV-012,Honda Dio 110,6890000,,0,SI,credito,NO,Sin gestión
HX-00311,2026-03-06,WhatsApp,EMP-02,PV-006,AKT NKD 125,5290000,8,2,NO,contado,NO,Perdido
HX-00312,2026-05-17,Formulario Web,EMP-02,PV-007,AKT Dynamic R3 125,5590000,4,6,SI,credito,SI,Perdido
HX-00313,2026-05-27,WhatsApp,EMP-03,PV-014,Honda XRE 300,22900000,16,1,SI,credito,NO,Perdido
HX-00314,2026-03-25,Meta Ads,EMP-02,PV-006,Suzuki GN 125,7490000,4,5,NO,credito,NO,Perdido
HX-00315,2026-05-13,WhatsApp,EMP-01,PV-005,AKT Dynamic R3 125,5590000,4,2,NO,no_informa,NO,Perdido
HX-00316,2026-05-25,Meta Ads,EMP-02,PV-010,Suzuki V-Strom 250,21900000,16,7,NO,credito,NO,Perdido
HX-00317,2026-05-16,WhatsApp,EMP-03,PV-015,Suzuki Gixxer 150,11990000,120,1,SI,no_informa,NO,Perdido
HX-00318,2026-03-12,Formulario Web,EMP-03,PV-015,Honda CB 190R,13990000,4,2,NO,credito,NO,Perdido
HX-00319,2026-03-06,WhatsApp,EMP-02,PV-007,Suzuki GN 125,7490000,4,7,SI,contado,NO,Perdido
HX-00320,2026-04-05,Meta Ads,EMP-01,PV-003,Suzuki Gixxer 150,11990000,2,4,NO,credito,NO,Perdido
HX-00321,2026-03-05,Formulario Web,EMP-02,PV-007,Bajaj Pulsar NS 125,8990000,48,2,NO,no_informa,NO,Perdido
HX-00322,2026-05-27,Meta Ads,EMP-02,PV-006,Hero Hunk 160R,10490000,48,3,SI,contado,NO,Perdido
HX-00323,2026-06-29,WhatsApp,EMP-02,PV-010,Suzuki Gixxer 150,11990000,2,1,NO_INFORMA,credito,NO,Perdido
HX-00324,2026-03-20,WhatsApp,EMP-03,PV-015,Bajaj Pulsar NS 160,11290000,,0,NO_INFORMA,credito,SI,Sin gestión
HX-00325,2026-03-30,WhatsApp,EMP-02,PV-007,Honda XR 150L,11490000,16,6,NO_INFORMA,credito,SI,Perdido
HX-00326,2026-07-22,Formulario Web,EMP-01,PV-004,Honda Navi,7290000,24,2,NO,credito,NO,Perdido
HX-00327,2026-06-27,WhatsApp,EMP-02,PV-006,Bajaj Pulsar NS 160,11290000,,0,NO,credito,NO,Sin gestión
HX-00328,2026-03-18,Meta Ads,EMP-03,PV-015,Suzuki GN 125,7490000,24,5,SI,contado,NO,Perdido
HX-00329,2026-06-12,Formulario Web,EMP-02,PV-006,Honda XR 150L,11490000,48,6,SI,no_informa,NO,Perdido
HX-00330,2026-04-07,WhatsApp,EMP-03,PV-011,Honda XRE 300,22900000,8,6,SI,no_informa,SI,Perdido
HX-00331,2026-04-29,WhatsApp,EMP-03,PV-013,Bajaj Dominar 400,24900000,2,5,NO,credito,NO,Perdido
HX-00332,2026-03-07,Formulario Web,EMP-02,PV-009,Honda Dio 110,6890000,120,4,SI,credito,NO,Perdido
HX-00333,2026-03-01,WhatsApp,EMP-01,PV-003,Honda CB 125F Twister,7990000,2,4,NO,credito,NO,Perdido
HX-00334,2026-04-17,WhatsApp,EMP-01,PV-002,Honda CB 125F Twister,7990000,16,2,NO,no_informa,NO,Perdido
HX-00335,2026-07-27,Meta Ads,EMP-03,PV-011,Honda XR 150L,11490000,2,5,NO,credito,SI,Perdido
HX-00336,2026-05-24,WhatsApp,EMP-03,PV-013,Bajaj Boxer CT 100,5790000,1,3,NO,credito,NO,Perdido
HX-00337,2026-04-13,WhatsApp,EMP-01,PV-005,Bajaj Pulsar NS 160,11290000,,0,NO_INFORMA,contado,NO,Sin gestión
HX-00338,2026-05-10,WhatsApp,EMP-03,PV-014,Honda Dio 110,6890000,0.5,4,NO_INFORMA,no_informa,NO,Perdido
HX-00339,2026-07-12,Meta Ads,EMP-01,PV-003,Honda CB 125F Twister,7990000,16,2,NO_INFORMA,credito,NO,Perdido
HX-00340,2026-07-10,Meta Ads,EMP-01,PV-005,Bajaj Boxer CT 100,5790000,16,3,NO,credito,NO,Perdido
HX-00341,2026-05-06,WhatsApp,EMP-03,PV-011,Hero Dash 110,6290000,16,2,NO_INFORMA,no_informa,NO,Perdido
HX-00342,2026-05-14,WhatsApp,EMP-01,PV-005,Honda Navi,7290000,16,7,NO,no_informa,SI,Perdido
HX-00343,2026-05-12,Meta Ads,EMP-03,PV-014,Honda CB 125F Twister,7990000,120,7,NO_INFORMA,credito,NO,Perdido
HX-00344,2026-06-01,WhatsApp,EMP-02,PV-007,AKT Dynamic R3 125,5590000,72,2,NO,credito,NO,Perdido
HX-00345,2026-03-28,WhatsApp,EMP-01,PV-003,Bajaj Pulsar NS 125,8990000,2,3,NO,credito,NO,Perdido
HX-00346,2026-07-23,WhatsApp,EMP-02,PV-009,AKT Evo RS 150,7190000,24,3,SI,credito,SI,Perdido
HX-00347,2026-04-10,WhatsApp,EMP-03,PV-011,Hero Xpulse 200,14990000,1,3,NO_INFORMA,credito,NO,Perdido
HX-00348,2026-04-09,WhatsApp,EMP-03,PV-011,Bajaj Pulsar NS 160,11290000,16,3,SI,credito,SI,Cerrado
HX-00349,2026-03-19,WhatsApp,EMP-03,PV-011,Hero Dash 110,6290000,120,5,NO,credito,SI,Perdido
HX-00350,2026-03-21,Formulario Web,EMP-02,PV-007,Suzuki V-Strom 250,21900000,1,2,SI,credito,NO,Perdido
HX-00351,2026-07-15,Meta Ads,EMP-01,PV-001,Honda XRE 300,22900000,8,5,NO_INFORMA,credito,NO,Perdido
HX-00352,2026-06-13,Meta Ads,EMP-02,PV-009,Suzuki Gixxer 150,11990000,48,7,NO,credito,SI,Perdido
HX-00353,2026-03-20,WhatsApp,EMP-02,PV-006,AKT NKD 125,5290000,,0,NO,contado,SI,Sin gestión
HX-00354,2026-06-14,Meta Ads,EMP-02,PV-010,Bajaj Pulsar NS 125,8990000,4,6,NO_INFORMA,credito,NO,Perdido
HX-00355,2026-04-02,WhatsApp,EMP-02,PV-010,Bajaj Pulsar NS 125,8990000,4,1,SI,credito,SI,Perdido
HX-00356,2026-07-26,WhatsApp,EMP-02,PV-006,Bajaj Discover 125,6990000,24,5,NO_INFORMA,credito,SI,Perdido
HX-00357,2026-07-27,Meta Ads,EMP-02,PV-006,Bajaj Dominar 400,24900000,120,5,SI,credito,NO,Perdido
HX-00358,2026-03-06,Meta Ads,EMP-03,PV-011,Honda CB 125F Twister,7990000,4,4,NO_INFORMA,credito,NO,Perdido
HX-00359,2026-06-01,WhatsApp,EMP-01,PV-001,Suzuki GN 125,7490000,24,3,NO_INFORMA,credito,NO,Perdido
HX-00360,2026-04-11,WhatsApp,EMP-02,PV-008,AKT Evo RS 150,7190000,72,4,SI,contado,NO,Perdido
HX-00361,2026-05-07,Formulario Web,EMP-01,PV-004,Bajaj Pulsar NS 125,8990000,72,6,NO,credito,SI,Perdido
HX-00362,2026-05-03,Meta Ads,EMP-02,PV-010,Bajaj Pulsar NS 125,8990000,16,1,NO_INFORMA,credito,NO,Perdido
HX-00363,2026-06-13,WhatsApp,EMP-03,PV-015,Bajaj Dominar 400,24900000,2,5,SI,no_informa,NO,Cerrado
HX-00364,2026-07-24,Meta Ads,EMP-01,PV-003,AKT Dynamic R3 125,5590000,,0,SI,no_informa,NO,Sin gestión
HX-00365,2026-04-28,Formulario Web,EMP-03,PV-011,Honda Dio 110,6890000,24,5,SI,credito,NO,Perdido
HX-00366,2026-05-24,WhatsApp,EMP-02,PV-007,Hero Eco Deluxe 100,4990000,120,7,NO,credito,SI,Perdido
HX-00367,2026-05-19,Meta Ads,EMP-03,PV-011,Honda Navi,7290000,2,5,NO_INFORMA,credito,SI,Perdido
HX-00368,2026-05-31,Meta Ads,EMP-02,PV-007,Hero Xpulse 200,14990000,2,3,NO,credito,NO,Perdido
HX-00369,2026-03-22,WhatsApp,EMP-03,PV-013,AKT Dynamic R3 125,5590000,0.5,6,SI,credito,SI,Perdido
HX-00370,2026-07-12,WhatsApp,EMP-03,PV-013,Hero Xpulse 200,14990000,4,7,SI,no_informa,NO,Cerrado
HX-00371,2026-05-23,WhatsApp,EMP-02,PV-007,Honda CB 190R,13990000,16,4,NO_INFORMA,contado,NO,Perdido
HX-00372,2026-06-14,Formulario Web,EMP-01,PV-003,AKT NKD 125,5290000,1,1,NO,credito,NO,Perdido
HX-00373,2026-06-07,WhatsApp,EMP-02,PV-010,Bajaj Pulsar NS 160,11290000,48,4,SI,no_informa,NO,Perdido
HX-00374,2026-05-20,Formulario Web,EMP-03,PV-012,Hero Hunk 160R,10490000,8,1,NO,no_informa,NO,Perdido
HX-00375,2026-04-11,WhatsApp,EMP-03,PV-015,Suzuki V-Strom 250,21900000,1,6,NO,no_informa,SI,Perdido
HX-00376,2026-06-25,Meta Ads,EMP-01,PV-005,Honda Dio 110,6890000,24,6,NO_INFORMA,credito,NO,Perdido
HX-00377,2026-06-12,Formulario Web,EMP-03,PV-013,Honda Navi,7290000,0.5,3,SI,credito,SI,Perdido
HX-00378,2026-05-18,WhatsApp,EMP-01,PV-005,Bajaj Pulsar NS 125,8990000,4,6,NO,credito,SI,Perdido
HX-00379,2026-07-05,Meta Ads,EMP-03,PV-011,AKT Dynamic R3 125,5590000,120,6,NO,credito,NO,Perdido
HX-00380,2026-04-07,WhatsApp,EMP-02,PV-010,Honda CB 190R,13990000,72,3,NO_INFORMA,credito,SI,Perdido
HX-00381,2026-06-15,Meta Ads,EMP-01,PV-002,AKT Dynamic R3 125,5590000,120,4,NO,credito,NO,Perdido
HX-00382,2026-04-11,Meta Ads,EMP-03,PV-014,AKT Evo RS 150,7190000,,0,NO_INFORMA,no_informa,SI,Sin gestión
HX-00383,2026-03-10,WhatsApp,EMP-03,PV-013,Honda XRE 300,22900000,120,4,SI,credito,NO,Perdido
HX-00384,2026-07-15,Meta Ads,EMP-02,PV-007,Hero Dash 110,6290000,2,5,SI,credito,NO,Perdido
HX-00385,2026-05-09,WhatsApp,EMP-02,PV-007,Honda CB 190R,13990000,8,5,NO,credito,NO,Perdido
HX-00386,2026-05-17,Meta Ads,EMP-03,PV-013,AKT NKD 125,5290000,1,5,NO,credito,SI,Perdido
HX-00387,2026-07-12,Meta Ads,EMP-03,PV-013,Hero Eco Deluxe 100,4990000,,0,NO_INFORMA,credito,NO,Sin gestión
HX-00388,2026-07-10,Meta Ads,EMP-01,PV-001,AKT Evo RS 150,7190000,1,3,NO_INFORMA,contado,NO,Perdido
HX-00389,2026-05-01,WhatsApp,EMP-01,PV-005,Honda XR 150L,11490000,72,4,SI,credito,NO,Perdido
HX-00390,2026-07-09,WhatsApp,EMP-03,PV-012,Hero Dash 110,6290000,2,7,NO,credito,NO,Perdido
HX-00391,2026-04-14,WhatsApp,EMP-02,PV-009,Honda Navi,7290000,,0,NO,credito,SI,Sin gestión
HX-00392,2026-05-24,WhatsApp,EMP-03,PV-012,Bajaj Boxer CT 100,5790000,1,4,SI,no_informa,NO,Perdido
HX-00393,2026-07-14,WhatsApp,EMP-01,PV-002,AKT NKD 125,5290000,72,7,NO,credito,NO,Perdido
HX-00394,2026-03-01,WhatsApp,EMP-01,PV-003,Suzuki Best 125,6590000,8,3,SI,credito,NO,Cerrado
HX-00395,2026-05-02,WhatsApp,EMP-03,PV-015,Hero Xpulse 200,14990000,8,2,SI,credito,SI,Perdido
HX-00396,2026-07-01,Meta Ads,EMP-02,PV-008,Honda CB 190R,13990000,1,7,SI,credito,SI,Perdido
HX-00397,2026-05-02,WhatsApp,EMP-01,PV-005,Honda Dio 110,6890000,0.5,6,NO_INFORMA,contado,SI,Perdido
HX-00398,2026-07-03,Meta Ads,EMP-02,PV-006,Bajaj Boxer CT 100,5790000,1,7,NO_INFORMA,no_informa,SI,Perdido
HX-00399,2026-06-28,Meta Ads,EMP-02,PV-007,Suzuki Gixxer 150,11990000,8,7,SI,credito,NO,Perdido
HX-00400,2026-05-19,WhatsApp,EMP-01,PV-002,Honda Navi,7290000,2,5,SI,no_informa,NO,Perdido
HX-00401,2026-03-03,Meta Ads,EMP-03,PV-014,AKT Dynamic R3 125,5590000,0.5,2,SI,no_informa,NO,Perdido
HX-00402,2026-07-10,Formulario Web,EMP-01,PV-005,AKT NKD 125,5290000,24,5,NO,no_informa,SI,Perdido
HX-00403,2026-04-21,Meta Ads,EMP-02,PV-009,Honda XR 150L,11490000,2,6,SI,credito,NO,Cerrado
HX-00404,2026-03-02,WhatsApp,EMP-03,PV-011,Hero Hunk 160R,10490000,120,6,NO_INFORMA,credito,NO,Perdido
HX-00405,2026-04-07,Formulario Web,EMP-02,PV-010,AKT TTR 200,9890000,2,2,NO_INFORMA,credito,NO,Perdido
HX-00406,2026-06-17,Meta Ads,EMP-02,PV-010,Hero Eco Deluxe 100,4990000,24,6,NO_INFORMA,credito,NO,Perdido
HX-00407,2026-05-02,WhatsApp,EMP-02,PV-009,AKT TTR 200,9890000,24,2,NO,credito,NO,Perdido
HX-00408,2026-05-22,WhatsApp,EMP-02,PV-007,Bajaj Pulsar RS 200,15490000,,0,NO_INFORMA,no_informa,NO,Sin gestión
HX-00409,2026-05-21,WhatsApp,EMP-02,PV-006,Honda Dio 110,6890000,16,3,NO_INFORMA,no_informa,NO,Perdido
HX-00410,2026-03-14,Meta Ads,EMP-01,PV-001,Bajaj Pulsar RS 200,15490000,8,6,NO_INFORMA,no_informa,NO,Perdido
HX-00411,2026-07-02,Formulario Web,EMP-01,PV-005,AKT TTR 200,9890000,1,5,NO_INFORMA,credito,SI,Cerrado
HX-00412,2026-06-11,Meta Ads,EMP-01,PV-001,Bajaj Dominar 400,24900000,2,7,SI,credito,NO,Perdido
HX-00413,2026-04-26,Meta Ads,EMP-01,PV-002,Hero Dash 110,6290000,120,6,NO,contado,NO,Cerrado
HX-00414,2026-04-11,WhatsApp,EMP-03,PV-014,Honda Navi,7290000,24,3,SI,no_informa,NO,Perdido
HX-00415,2026-06-29,WhatsApp,EMP-01,PV-002,Honda XR 150L,11490000,72,1,NO,credito,NO,Perdido
HX-00416,2026-05-05,Meta Ads,EMP-03,PV-013,AKT Evo RS 150,7190000,16,1,SI,credito,NO,Perdido
HX-00417,2026-03-30,WhatsApp,EMP-02,PV-007,Bajaj Pulsar RS 200,15490000,120,1,NO,credito,SI,Perdido
HX-00418,2026-04-28,Meta Ads,EMP-03,PV-011,Suzuki Gixxer 150,11990000,1,7,SI,credito,NO,Perdido
HX-00419,2026-06-08,Meta Ads,EMP-02,PV-007,Honda XR 150L,11490000,,0,SI,contado,NO,Sin gestión
HX-00420,2026-04-15,WhatsApp,EMP-02,PV-007,Bajaj Discover 125,6990000,48,7,SI,contado,SI,Perdido
HX-00421,2026-05-03,Meta Ads,EMP-01,PV-005,Bajaj Pulsar RS 200,15490000,4,2,SI,no_informa,NO,Perdido
HX-00422,2026-07-24,WhatsApp,EMP-02,PV-010,AKT Dynamic R3 125,5590000,,0,NO,credito,NO,Sin gestión
HX-00423,2026-03-23,WhatsApp,EMP-01,PV-003,Hero Xpulse 200,14990000,2,7,SI,no_informa,NO,Perdido
HX-00424,2026-04-15,WhatsApp,EMP-03,PV-011,Hero Eco Deluxe 100,4990000,4,7,NO_INFORMA,credito,SI,Perdido
HX-00425,2026-04-30,Formulario Web,EMP-02,PV-008,Honda XR 150L,11490000,72,1,NO,credito,NO,Perdido
HX-00426,2026-03-30,WhatsApp,EMP-01,PV-005,Bajaj Pulsar NS 125,8990000,1,6,NO_INFORMA,credito,NO,Perdido
HX-00427,2026-03-18,WhatsApp,EMP-01,PV-005,AKT NKD 125,5290000,24,2,NO,contado,NO,Perdido
HX-00428,2026-05-29,Meta Ads,EMP-01,PV-002,Honda CB 190R,13990000,2,7,NO_INFORMA,credito,NO,Perdido
HX-00429,2026-05-13,Meta Ads,EMP-01,PV-004,Suzuki Best 125,6590000,2,3,SI,credito,SI,Perdido
HX-00430,2026-04-20,WhatsApp,EMP-02,PV-008,AKT TTR 200,9890000,2,4,NO,credito,NO,Perdido
HX-00431,2026-05-18,WhatsApp,EMP-02,PV-008,Bajaj Boxer CT 100,5790000,4,4,SI,contado,NO,Perdido
HX-00432,2026-05-23,WhatsApp,EMP-01,PV-005,Honda Dio 110,6890000,1,5,NO,contado,NO,Perdido
HX-00433,2026-05-30,WhatsApp,EMP-02,PV-007,Hero Xpulse 200,14990000,2,1,SI,credito,NO,Perdido
HX-00434,2026-07-12,WhatsApp,EMP-02,PV-007,Bajaj Pulsar NS 160,11290000,48,2,SI,credito,NO,Perdido
HX-00435,2026-05-11,WhatsApp,EMP-03,PV-015,Honda Dio 110,6890000,48,2,NO_INFORMA,credito,NO,Perdido
HX-00436,2026-03-29,Formulario Web,EMP-01,PV-001,Suzuki GN 125,7490000,16,2,SI,contado,NO,Perdido
HX-00437,2026-06-17,Meta Ads,EMP-01,PV-003,Bajaj Pulsar NS 160,11290000,48,3,SI,credito,SI,Cerrado
HX-00438,2026-05-08,Formulario Web,EMP-02,PV-008,Bajaj Pulsar RS 200,15490000,1,1,SI,contado,NO,Cerrado
HX-00439,2026-05-03,Meta Ads,EMP-03,PV-011,Bajaj Boxer CT 100,5790000,8,5,SI,no_informa,NO,Perdido
HX-00440,2026-06-15,WhatsApp,EMP-02,PV-009,Bajaj Pulsar NS 160,11290000,72,7,NO_INFORMA,credito,NO,Perdido
HX-00441,2026-05-20,WhatsApp,EMP-03,PV-014,Hero Xpulse 200,14990000,24,7,NO_INFORMA,credito,SI,Perdido
HX-00442,2026-04-02,WhatsApp,EMP-02,PV-006,Bajaj Pulsar NS 125,8990000,4,1,NO,credito,SI,Perdido
HX-00443,2026-06-24,Meta Ads,EMP-02,PV-008,Honda XR 150L,11490000,2,6,NO,contado,SI,Perdido
HX-00444,2026-06-18,Formulario Web,EMP-02,PV-009,Bajaj Discover 125,6990000,0.5,5,SI,credito,SI,Cerrado
HX-00445,2026-07-15,WhatsApp,EMP-03,PV-014,Honda XR 150L,11490000,48,6,NO,credito,SI,Perdido
HX-00446,2026-04-10,Meta Ads,EMP-01,PV-002,Honda Dio 110,6890000,1,2,NO_INFORMA,no_informa,NO,Perdido
HX-00447,2026-05-20,Formulario Web,EMP-02,PV-008,Honda XRE 300,22900000,0.5,5,NO,credito,NO,Perdido
HX-00448,2026-04-24,WhatsApp,EMP-02,PV-008,Honda XR 150L,11490000,24,4,NO,credito,SI,Cerrado
HX-00449,2026-07-17,WhatsApp,EMP-03,PV-014,Honda CB 190R,13990000,1,1,NO_INFORMA,credito,NO,Perdido
HX-00450,2026-05-18,Formulario Web,EMP-02,PV-007,Hero Xpulse 200,14990000,,0,NO,credito,NO,Sin gestión
HX-00451,2026-03-07,WhatsApp,EMP-01,PV-001,Suzuki GN 125,7490000,48,2,SI,contado,NO,Perdido
HX-00452,2026-03-01,WhatsApp,EMP-01,PV-002,Hero Hunk 160R,10490000,120,7,NO,credito,NO,Perdido
HX-00453,2026-04-05,WhatsApp,EMP-02,PV-007,Bajaj Dominar 400,24900000,24,7,NO,credito,NO,Perdido
HX-00454,2026-03-09,Formulario Web,EMP-03,PV-012,Honda XR 150L,11490000,8,3,NO,credito,NO,Perdido
HX-00455,2026-06-15,Meta Ads,EMP-03,PV-014,Bajaj Pulsar RS 200,15490000,72,2,SI,no_informa,NO,Perdido
HX-00456,2026-06-25,Meta Ads,EMP-01,PV-002,Suzuki Best 125,6590000,1,7,SI,credito,NO,Perdido
HX-00457,2026-04-02,Meta Ads,EMP-01,PV-002,Honda CB 125F Twister,7990000,120,5,SI,no_informa,NO,Perdido
HX-00458,2026-06-29,WhatsApp,EMP-02,PV-007,AKT Dynamic R3 125,5590000,16,4,SI,no_informa,NO,Perdido
HX-00459,2026-04-10,WhatsApp,EMP-03,PV-013,Honda Navi,7290000,24,5,SI,credito,NO,Perdido
HX-00460,2026-03-14,WhatsApp,EMP-01,PV-005,Bajaj Dominar 400,24900000,8,5,SI,credito,NO,Perdido
HX-00461,2026-03-03,Formulario Web,EMP-03,PV-012,Suzuki Best 125,6590000,120,2,NO,credito,NO,Perdido
HX-00462,2026-05-16,WhatsApp,EMP-01,PV-004,Honda Navi,7290000,8,6,SI,credito,NO,Perdido
HX-00463,2026-07-02,Meta Ads,EMP-03,PV-014,Honda Navi,7290000,2,4,NO_INFORMA,contado,SI,Cerrado
HX-00464,2026-04-04,Formulario Web,EMP-03,PV-012,Honda XR 150L,11490000,8,4,SI,no_informa,NO,Perdido
HX-00465,2026-05-25,Meta Ads,EMP-03,PV-011,AKT Evo RS 150,7190000,1,2,SI,credito,NO,Perdido
HX-00466,2026-03-05,WhatsApp,EMP-03,PV-015,Bajaj Boxer CT 100,5790000,72,1,NO,credito,NO,Perdido
HX-00467,2026-04-27,WhatsApp,EMP-03,PV-014,Honda XRE 300,22900000,24,2,NO,credito,NO,Perdido
HX-00468,2026-03-10,WhatsApp,EMP-03,PV-012,Honda CB 125F Twister,7990000,48,7,SI,contado,NO,Cerrado
HX-00469,2026-05-21,Meta Ads,EMP-01,PV-003,Bajaj Discover 125,6990000,48,1,NO_INFORMA,credito,NO,Perdido
HX-00470,2026-04-01,WhatsApp,EMP-02,PV-006,Hero Xpulse 200,14990000,72,6,SI,credito,NO,Perdido
HX-00471,2026-07-03,Meta Ads,EMP-03,PV-012,Bajaj Dominar 400,24900000,8,7,SI,contado,NO,Perdido
HX-00472,2026-07-13,Meta Ads,EMP-02,PV-006,Bajaj Discover 125,6990000,48,7,NO,contado,NO,Perdido
HX-00473,2026-05-24,WhatsApp,EMP-03,PV-015,Suzuki Gixxer 150,11990000,,0,NO,credito,SI,Sin gestión
HX-00474,2026-03-22,Meta Ads,EMP-01,PV-003,Honda CB 190R,13990000,,0,NO_INFORMA,contado,NO,Sin gestión
HX-00475,2026-03-24,WhatsApp,EMP-01,PV-001,Honda XR 150L,11490000,120,5,SI,no_informa,SI,Perdido
HX-00476,2026-04-02,Meta Ads,EMP-02,PV-009,AKT Evo RS 150,7190000,8,2,NO_INFORMA,contado,SI,Perdido
HX-00477,2026-03-04,WhatsApp,EMP-03,PV-015,Honda Navi,7290000,2,4,SI,credito,NO,Perdido
HX-00478,2026-03-31,WhatsApp,EMP-03,PV-015,AKT NKD 125,5290000,4,3,SI,credito,NO,Perdido
HX-00479,2026-04-29,WhatsApp,EMP-01,PV-003,Bajaj Pulsar RS 200,15490000,0.5,1,SI,credito,NO,Perdido
HX-00480,2026-04-18,Formulario Web,EMP-01,PV-003,Bajaj Pulsar RS 200,15490000,24,3,SI,credito,NO,Perdido
HX-00481,2026-06-11,Formulario Web,EMP-01,PV-004,Hero Hunk 160R,10490000,72,3,SI,credito,NO,Perdido
HX-00482,2026-06-01,Meta Ads,EMP-03,PV-015,Hero Dash 110,6290000,4,4,NO_INFORMA,credito,SI,Perdido
HX-00483,2026-04-18,Meta Ads,EMP-03,PV-014,Bajaj Pulsar RS 200,15490000,1,5,NO,no_informa,NO,Cerrado
HX-00484,2026-06-02,Meta Ads,EMP-03,PV-015,Hero Eco Deluxe 100,4990000,4,2,SI,credito,SI,Perdido
HX-00485,2026-03-26,Formulario Web,EMP-01,PV-001,Suzuki Gixxer 150,11990000,24,7,SI,no_informa,SI,Perdido
HX-00486,2026-04-24,Meta Ads,EMP-01,PV-002,Suzuki Gixxer 150,11990000,72,4,NO_INFORMA,contado,SI,Perdido
HX-00487,2026-04-09,WhatsApp,EMP-01,PV-004,Hero Xpulse 200,14990000,120,3,SI,credito,SI,Perdido
HX-00488,2026-07-10,WhatsApp,EMP-03,PV-014,Bajaj Boxer CT 100,5790000,48,6,SI,credito,NO,Perdido
HX-00489,2026-03-22,WhatsApp,EMP-01,PV-001,Honda XR 150L,11490000,1,4,NO,credito,NO,Perdido
HX-00490,2026-06-14,WhatsApp,EMP-03,PV-015,Suzuki GN 125,7490000,4,1,NO_INFORMA,contado,NO,Perdido
HX-00491,2026-06-21,WhatsApp,EMP-01,PV-003,Honda Navi,7290000,1,4,NO_INFORMA,contado,SI,Perdido
HX-00492,2026-06-30,WhatsApp,EMP-01,PV-004,Hero Eco Deluxe 100,4990000,2,3,SI,contado,NO,Perdido
HX-00493,2026-05-24,Formulario Web,EMP-01,PV-005,Honda Navi,7290000,,0,SI,credito,NO,Sin gestión
HX-00494,2026-07-25,WhatsApp,EMP-02,PV-007,Honda CB 125F Twister,7990000,1,7,SI,no_informa,NO,Perdido
HX-00495,2026-07-24,WhatsApp,EMP-01,PV-001,AKT NKD 125,5290000,16,3,NO_INFORMA,contado,NO,Perdido
HX-00496,2026-07-20,WhatsApp,EMP-01,PV-005,Hero Dash 110,6290000,24,6,SI,credito,NO,Perdido
HX-00497,2026-04-16,WhatsApp,EMP-02,PV-010,Bajaj Pulsar NS 160,11290000,48,4,NO,credito,SI,Cerrado
HX-00498,2026-03-16,Formulario Web,EMP-02,PV-008,Hero Xpulse 200,14990000,0.5,3,SI,no_informa,NO,Perdido
HX-00499,2026-06-23,Formulario Web,EMP-01,PV-002,Honda Dio 110,6890000,4,4,NO,credito,NO,Perdido
HX-00500,2026-04-30,Meta Ads,EMP-03,PV-012,Honda CB 125F Twister,7990000,4,5,NO,credito,SI,Cerrado
HX-00501,2026-07-13,Formulario Web,EMP-02,PV-008,Bajaj Discover 125,6990000,24,2,SI,no_informa,NO,Perdido
HX-00502,2026-05-23,WhatsApp,EMP-02,PV-010,Honda Dio 110,6890000,24,1,NO,credito,NO,Perdido
HX-00503,2026-06-14,Meta Ads,EMP-01,PV-004,Honda CB 190R,13990000,48,6,SI,credito,SI,Perdido
HX-00504,2026-03-19,Meta Ads,EMP-01,PV-003,Hero Hunk 160R,10490000,2,5,NO,contado,NO,Perdido
HX-00505,2026-03-23,Meta Ads,EMP-01,PV-002,Bajaj Pulsar NS 160,11290000,2,6,SI,credito,NO,Perdido
HX-00506,2026-06-20,Meta Ads,EMP-01,PV-002,Hero Dash 110,6290000,16,5,SI,credito,SI,Perdido
HX-00507,2026-06-26,WhatsApp,EMP-01,PV-005,Hero Dash 110,6290000,24,3,SI,no_informa,NO,Perdido
HX-00508,2026-05-16,Meta Ads,EMP-03,PV-014,Hero Eco Deluxe 100,4990000,4,7,NO_INFORMA,no_informa,NO,Perdido
HX-00509,2026-06-20,WhatsApp,EMP-02,PV-010,AKT Dynamic R3 125,5590000,48,4,NO_INFORMA,credito,NO,Perdido
HX-00510,2026-07-12,Meta Ads,EMP-03,PV-011,AKT NKD 125,5290000,24,5,NO_INFORMA,credito,SI,Perdido
HX-00511,2026-06-05,WhatsApp,EMP-03,PV-012,Suzuki Best 125,6590000,1,5,NO,no_informa,SI,Cerrado
HX-00512,2026-07-03,WhatsApp,EMP-03,PV-011,Bajaj Dominar 400,24900000,120,6,SI,credito,SI,Perdido
HX-00513,2026-05-26,WhatsApp,EMP-02,PV-006,Hero Eco Deluxe 100,4990000,48,7,NO_INFORMA,no_informa,NO,Perdido
HX-00514,2026-03-24,Meta Ads,EMP-03,PV-011,Suzuki GN 125,7490000,2,3,NO,contado,NO,Perdido
HX-00515,2026-03-20,Meta Ads,EMP-01,PV-005,Hero Eco Deluxe 100,4990000,,0,NO,no_informa,SI,Sin gestión
HX-00516,2026-07-09,WhatsApp,EMP-03,PV-013,AKT NKD 125,5290000,,0,SI,no_informa,NO,Sin gestión
HX-00517,2026-03-10,WhatsApp,EMP-01,PV-001,AKT Dynamic R3 125,5590000,24,6,SI,no_informa,NO,Perdido
HX-00518,2026-07-04,WhatsApp,EMP-03,PV-012,Honda CB 190R,13990000,16,2,NO_INFORMA,credito,NO,Cerrado
HX-00519,2026-05-10,WhatsApp,EMP-02,PV-007,Suzuki GN 125,7490000,16,6,NO_INFORMA,credito,SI,Perdido
HX-00520,2026-05-05,WhatsApp,EMP-03,PV-011,Honda CB 190R,13990000,8,1,SI,credito,NO,Perdido
HX-00521,2026-07-11,Formulario Web,EMP-02,PV-010,Honda XR 150L,11490000,120,7,NO,credito,NO,Perdido
HX-00522,2026-07-16,WhatsApp,EMP-03,PV-015,AKT NKD 125,5290000,2,2,NO_INFORMA,credito,SI,Perdido
HX-00523,2026-03-18,WhatsApp,EMP-02,PV-006,Suzuki GN 125,7490000,1,5,SI,contado,SI,Perdido
HX-00524,2026-05-20,WhatsApp,EMP-02,PV-006,Suzuki GN 125,7490000,48,4,NO,no_informa,NO,Perdido
HX-00525,2026-03-31,WhatsApp,EMP-02,PV-006,Honda XR 150L,11490000,8,7,NO,credito,SI,Perdido
HX-00526,2026-05-17,WhatsApp,EMP-03,PV-015,Hero Eco Deluxe 100,4990000,,0,SI,credito,SI,Sin gestión
HX-00527,2026-06-02,Meta Ads,EMP-03,PV-012,Bajaj Pulsar NS 160,11290000,16,7,NO,contado,NO,Perdido
HX-00528,2026-03-29,Meta Ads,EMP-02,PV-006,Suzuki V-Strom 250,21900000,,0,NO,credito,NO,Sin gestión
HX-00529,2026-07-19,Meta Ads,EMP-01,PV-001,AKT Evo RS 150,7190000,48,7,NO_INFORMA,credito,NO,Perdido
HX-00530,2026-06-06,WhatsApp,EMP-02,PV-009,Hero Dash 110,6290000,72,1,SI,credito,NO,Perdido
HX-00531,2026-06-19,WhatsApp,EMP-03,PV-011,Bajaj Dominar 400,24900000,24,2,NO,credito,NO,Perdido
HX-00532,2026-05-02,WhatsApp,EMP-01,PV-002,Bajaj Dominar 400,24900000,4,2,NO_INFORMA,credito,NO,Perdido
HX-00533,2026-04-03,WhatsApp,EMP-01,PV-005,Bajaj Pulsar RS 200,15490000,16,2,SI,no_informa,NO,Perdido
HX-00534,2026-04-21,Meta Ads,EMP-02,PV-007,Hero Hunk 160R,10490000,24,7,NO_INFORMA,credito,SI,Perdido
HX-00535,2026-06-07,Meta Ads,EMP-01,PV-005,Honda Dio 110,6890000,8,2,NO,credito,NO,Perdido
HX-00536,2026-06-19,WhatsApp,EMP-01,PV-002,AKT TTR 200,9890000,2,7,SI,credito,NO,Perdido
HX-00537,2026-07-26,WhatsApp,EMP-01,PV-001,Hero Eco Deluxe 100,4990000,48,3,NO,contado,NO,Perdido
HX-00538,2026-07-15,WhatsApp,EMP-03,PV-015,AKT NKD 125,5290000,72,4,NO_INFORMA,credito,NO,Perdido
HX-00539,2026-07-21,Formulario Web,EMP-02,PV-008,Honda XR 150L,11490000,16,7,NO_INFORMA,credito,NO,Perdido
HX-00540,2026-07-27,Formulario Web,EMP-01,PV-002,Hero Eco Deluxe 100,4990000,1,6,NO,no_informa,NO,Perdido
HX-00541,2026-04-09,WhatsApp,EMP-03,PV-015,Hero Hunk 160R,10490000,1,5,NO,credito,NO,Perdido
HX-00542,2026-06-10,Formulario Web,EMP-01,PV-004,Honda CB 125F Twister,7990000,24,6,SI,credito,NO,Perdido
HX-00543,2026-06-25,WhatsApp,EMP-02,PV-008,Bajaj Discover 125,6990000,4,2,NO_INFORMA,credito,SI,Perdido
HX-00544,2026-03-23,Formulario Web,EMP-01,PV-005,Honda Navi,7290000,2,5,SI,no_informa,SI,Perdido
HX-00545,2026-05-19,WhatsApp,EMP-03,PV-015,Honda CB 125F Twister,7990000,16,6,SI,no_informa,SI,Perdido
HX-00546,2026-07-07,Meta Ads,EMP-02,PV-008,Bajaj Pulsar RS 200,15490000,16,3,SI,contado,NO,Perdido
HX-00547,2026-03-24,WhatsApp,EMP-02,PV-010,Honda XR 150L,11490000,0.5,5,NO,contado,NO,Perdido
HX-00548,2026-06-01,WhatsApp,EMP-01,PV-004,AKT TTR 200,9890000,1,3,SI,credito,NO,Perdido
HX-00549,2026-04-04,Formulario Web,EMP-02,PV-007,Hero Eco Deluxe 100,4990000,1,5,SI,credito,SI,Cerrado
HX-00550,2026-07-07,WhatsApp,EMP-03,PV-012,Suzuki Gixxer 150,11990000,1,3,SI,credito,NO,Perdido
HX-00551,2026-04-06,Meta Ads,EMP-03,PV-012,Bajaj Pulsar NS 160,11290000,4,4,SI,credito,NO,Perdido
HX-00552,2026-05-14,WhatsApp,EMP-02,PV-009,Honda XRE 300,22900000,0.5,1,SI,contado,SI,Perdido
HX-00553,2026-03-06,WhatsApp,EMP-02,PV-006,Hero Hunk 160R,10490000,48,5,SI,contado,NO,Perdido
HX-00554,2026-05-09,WhatsApp,EMP-02,PV-008,Suzuki V-Strom 250,21900000,,0,NO_INFORMA,contado,NO,Sin gestión
HX-00555,2026-05-06,WhatsApp,EMP-01,PV-002,Honda Dio 110,6890000,,0,NO_INFORMA,contado,NO,Sin gestión
HX-00556,2026-03-12,WhatsApp,EMP-01,PV-005,Bajaj Boxer CT 100,5790000,24,2,NO,credito,SI,Perdido
HX-00557,2026-03-28,WhatsApp,EMP-02,PV-009,Suzuki Gixxer 150,11990000,2,4,NO_INFORMA,credito,NO,Perdido
HX-00558,2026-05-20,WhatsApp,EMP-02,PV-008,Honda Navi,7290000,4,4,SI,credito,NO,Perdido
HX-00559,2026-04-09,Meta Ads,EMP-03,PV-015,Bajaj Pulsar RS 200,15490000,,0,NO,no_informa,NO,Sin gestión
HX-00560,2026-04-07,Meta Ads,EMP-01,PV-005,Suzuki Gixxer 150,11990000,2,5,SI,credito,NO,Perdido
HX-00561,2026-07-04,Meta Ads,EMP-03,PV-015,Bajaj Pulsar RS 200,15490000,,0,NO_INFORMA,credito,NO,Sin gestión
HX-00562,2026-04-25,Meta Ads,EMP-01,PV-002,Bajaj Pulsar NS 160,11290000,72,4,NO_INFORMA,credito,SI,Perdido
HX-00563,2026-05-07,WhatsApp,EMP-03,PV-014,Suzuki Gixxer 150,11990000,72,6,SI,credito,NO,Perdido
HX-00564,2026-05-07,Formulario Web,EMP-01,PV-001,AKT Dynamic R3 125,5590000,2,1,NO,no_informa,NO,Perdido
HX-00565,2026-06-14,WhatsApp,EMP-03,PV-015,AKT TTR 200,9890000,48,3,NO,credito,NO,Perdido
HX-00566,2026-06-24,WhatsApp,EMP-01,PV-004,AKT TTR 200,9890000,1,5,NO,credito,NO,Cerrado
HX-00567,2026-05-28,WhatsApp,EMP-01,PV-003,Honda XRE 300,22900000,1,2,NO_INFORMA,credito,NO,Perdido
HX-00568,2026-05-16,Formulario Web,EMP-02,PV-007,Bajaj Boxer CT 100,5790000,,0,NO,credito,NO,Sin gestión
HX-00569,2026-06-21,Formulario Web,EMP-01,PV-004,AKT NKD 125,5290000,2,5,NO,contado,NO,Perdido
HX-00570,2026-03-12,WhatsApp,EMP-01,PV-003,AKT TTR 200,9890000,4,2,NO,credito,SI,Perdido
HX-00571,2026-05-13,Meta Ads,EMP-02,PV-008,Suzuki Best 125,6590000,0.5,4,NO,contado,NO,Perdido
HX-00572,2026-04-02,Meta Ads,EMP-02,PV-007,Bajaj Pulsar NS 125,8990000,4,2,NO,credito,NO,Perdido
HX-00573,2026-07-07,Formulario Web,EMP-01,PV-002,Honda CB 125F Twister,7990000,4,7,SI,no_informa,SI,Perdido
HX-00574,2026-04-26,WhatsApp,EMP-02,PV-009,Hero Dash 110,6290000,16,3,NO,no_informa,SI,Perdido
HX-00575,2026-07-20,Meta Ads,EMP-01,PV-004,Honda XR 150L,11490000,8,2,NO,credito,NO,Perdido
HX-00576,2026-07-09,Meta Ads,EMP-03,PV-014,Suzuki Best 125,6590000,72,5,NO,contado,SI,Perdido
HX-00577,2026-04-25,Formulario Web,EMP-02,PV-009,Honda Dio 110,6890000,24,3,NO,credito,SI,Perdido
HX-00578,2026-03-22,WhatsApp,EMP-03,PV-011,Bajaj Pulsar NS 160,11290000,2,1,NO,contado,SI,Cerrado
HX-00579,2026-07-19,WhatsApp,EMP-02,PV-008,Honda Navi,7290000,2,5,NO_INFORMA,credito,NO,Perdido
HX-00580,2026-06-17,Meta Ads,EMP-03,PV-014,AKT NKD 125,5290000,72,4,SI,no_informa,NO,Perdido
HX-00581,2026-03-08,Meta Ads,EMP-03,PV-015,Hero Eco Deluxe 100,4990000,1,6,SI,credito,NO,Perdido
HX-00582,2026-06-23,Formulario Web,EMP-01,PV-001,Bajaj Pulsar RS 200,15490000,24,3,NO,credito,SI,Perdido
HX-00583,2026-05-29,Meta Ads,EMP-02,PV-006,Suzuki Best 125,6590000,0.5,2,SI,no_informa,SI,Perdido
HX-00584,2026-03-17,WhatsApp,EMP-01,PV-005,Hero Eco Deluxe 100,4990000,,0,NO_INFORMA,contado,NO,Sin gestión
HX-00585,2026-04-02,Meta Ads,EMP-01,PV-001,Suzuki V-Strom 250,21900000,4,1,NO,credito,NO,Perdido
HX-00586,2026-04-16,Formulario Web,EMP-03,PV-013,AKT TTR 200,9890000,48,1,SI,contado,SI,Perdido
HX-00587,2026-06-10,WhatsApp,EMP-03,PV-014,Honda Dio 110,6890000,24,5,SI,credito,NO,Perdido
HX-00588,2026-04-21,Meta Ads,EMP-02,PV-009,Honda CB 190R,13990000,1,6,NO,credito,NO,Perdido
HX-00589,2026-05-05,WhatsApp,EMP-01,PV-003,AKT Dynamic R3 125,5590000,1,4,SI,no_informa,SI,Perdido
HX-00590,2026-07-08,WhatsApp,EMP-02,PV-006,AKT Evo RS 150,7190000,4,3,NO_INFORMA,no_informa,NO,Perdido
HX-00591,2026-03-03,WhatsApp,EMP-01,PV-001,Honda Dio 110,6890000,0.5,5,NO,credito,SI,Perdido
HX-00592,2026-07-09,Meta Ads,EMP-03,PV-013,Hero Hunk 160R,10490000,8,4,NO_INFORMA,contado,NO,Perdido
HX-00593,2026-05-13,Meta Ads,EMP-01,PV-005,Bajaj Pulsar RS 200,15490000,2,2,NO,no_informa,NO,Perdido
HX-00594,2026-03-30,Meta Ads,EMP-01,PV-005,AKT Evo RS 150,7190000,0.5,6,SI,contado,NO,Perdido
HX-00595,2026-06-10,Formulario Web,EMP-01,PV-003,Honda Dio 110,6890000,1,4,NO_INFORMA,credito,SI,Cerrado
HX-00596,2026-07-06,WhatsApp,EMP-03,PV-011,Hero Dash 110,6290000,8,1,NO,credito,SI,Perdido
HX-00597,2026-03-22,Meta Ads,EMP-01,PV-001,Bajaj Pulsar RS 200,15490000,16,6,NO,credito,NO,Perdido
HX-00598,2026-04-08,WhatsApp,EMP-01,PV-004,Bajaj Pulsar NS 125,8990000,24,7,NO_INFORMA,contado,NO,Perdido
HX-00599,2026-07-08,Formulario Web,EMP-02,PV-010,Honda CB 190R,13990000,72,3,NO,credito,NO,Perdido
HX-00600,2026-04-04,WhatsApp,EMP-02,PV-009,Honda XRE 300,22900000,0.5,7,NO,contado,NO,Perdido
HX-00601,2026-03-05,WhatsApp,EMP-01,PV-004,Suzuki GN 125,7490000,8,4,SI,credito,NO,Perdido
HX-00602,2026-03-03,Formulario Web,EMP-03,PV-013,AKT TTR 200,9890000,24,4,NO,contado,SI,Perdido
HX-00603,2026-07-20,WhatsApp,EMP-03,PV-012,Honda CB 190R,13990000,16,2,NO_INFORMA,credito,NO,Perdido
HX-00604,2026-05-24,WhatsApp,EMP-01,PV-004,Bajaj Pulsar RS 200,15490000,120,5,SI,contado,SI,Perdido
HX-00605,2026-05-08,WhatsApp,EMP-01,PV-004,Bajaj Discover 125,6990000,,0,NO,no_informa,NO,Sin gestión
HX-00606,2026-03-18,Meta Ads,EMP-03,PV-012,Honda Dio 110,6890000,8,2,NO,credito,NO,Perdido
HX-00607,2026-03-02,Meta Ads,EMP-02,PV-008,Honda Dio 110,6890000,120,7,NO_INFORMA,contado,NO,Perdido
HX-00608,2026-05-25,WhatsApp,EMP-03,PV-011,Honda Dio 110,6890000,4,5,SI,credito,SI,Cerrado
HX-00609,2026-04-06,Meta Ads,EMP-02,PV-007,Suzuki Gixxer 150,11990000,48,1,SI,credito,NO,Perdido
HX-00610,2026-03-13,WhatsApp,EMP-02,PV-010,Suzuki V-Strom 250,21900000,120,5,SI,credito,NO,Perdido
HX-00611,2026-06-14,Meta Ads,EMP-03,PV-011,AKT NKD 125,5290000,8,2,NO,credito,NO,Cerrado
HX-00612,2026-05-10,Formulario Web,EMP-01,PV-002,Hero Hunk 160R,10490000,0.5,2,NO,no_informa,SI,Perdido
HX-00613,2026-07-08,WhatsApp,EMP-03,PV-015,Hero Hunk 160R,10490000,8,1,NO,contado,SI,Perdido
HX-00614,2026-07-24,WhatsApp,EMP-02,PV-009,Hero Hunk 160R,10490000,120,3,SI,credito,NO,Perdido
HX-00615,2026-05-01,WhatsApp,EMP-02,PV-006,Bajaj Boxer CT 100,5790000,72,7,SI,contado,NO,Perdido
HX-00616,2026-07-11,WhatsApp,EMP-03,PV-015,AKT NKD 125,5290000,0.5,3,NO,credito,NO,Perdido
HX-00617,2026-04-10,WhatsApp,EMP-02,PV-006,Bajaj Pulsar NS 125,8990000,2,5,NO,credito,SI,Perdido
HX-00618,2026-05-27,Meta Ads,EMP-01,PV-002,Honda XRE 300,22900000,4,3,NO,credito,NO,Perdido
HX-00619,2026-05-12,Meta Ads,EMP-03,PV-011,Bajaj Pulsar NS 125,8990000,24,3,NO,no_informa,SI,Perdido
HX-00620,2026-03-03,WhatsApp,EMP-03,PV-011,Suzuki Best 125,6590000,2,6,NO,credito,NO,Perdido
HX-00621,2026-06-16,Meta Ads,EMP-03,PV-014,Bajaj Dominar 400,24900000,24,5,NO,no_informa,SI,Perdido
HX-00622,2026-07-09,Formulario Web,EMP-02,PV-010,AKT TTR 200,9890000,4,6,NO,credito,NO,Perdido
HX-00623,2026-04-18,Meta Ads,EMP-01,PV-002,Suzuki Best 125,6590000,,0,NO_INFORMA,credito,NO,Sin gestión
HX-00624,2026-04-14,WhatsApp,EMP-01,PV-002,Bajaj Pulsar NS 160,11290000,48,4,NO_INFORMA,credito,NO,Perdido
HX-00625,2026-07-17,Meta Ads,EMP-01,PV-001,AKT Dynamic R3 125,5590000,72,5,SI,no_informa,NO,Perdido
HX-00626,2026-03-17,WhatsApp,EMP-01,PV-002,Hero Hunk 160R,10490000,2,6,NO,contado,NO,Perdido
HX-00627,2026-03-26,WhatsApp,EMP-01,PV-001,Suzuki V-Strom 250,21900000,0.5,6,NO,no_informa,SI,Cerrado
HX-00628,2026-05-22,Meta Ads,EMP-01,PV-003,Hero Dash 110,6290000,72,6,NO_INFORMA,credito,NO,Perdido
HX-00629,2026-05-29,WhatsApp,EMP-01,PV-001,Honda Dio 110,6890000,48,6,NO,credito,NO,Perdido
HX-00630,2026-03-27,Meta Ads,EMP-01,PV-001,Bajaj Pulsar NS 125,8990000,,0,NO_INFORMA,no_informa,NO,Sin gestión
HX-00631,2026-03-05,WhatsApp,EMP-01,PV-002,Honda XR 150L,11490000,1,3,SI,credito,NO,Perdido
HX-00632,2026-06-26,Meta Ads,EMP-01,PV-003,Suzuki V-Strom 250,21900000,1,5,SI,no_informa,NO,Perdido
HX-00633,2026-05-22,WhatsApp,EMP-02,PV-008,Bajaj Pulsar NS 125,8990000,8,1,SI,credito,SI,Perdido
HX-00634,2026-03-25,WhatsApp,EMP-01,PV-004,Honda CB 125F Twister,7990000,0.5,7,NO,credito,NO,Perdido
HX-00635,2026-05-05,Meta Ads,EMP-02,PV-009,Bajaj Boxer CT 100,5790000,4,5,SI,contado,NO,Perdido
HX-00636,2026-03-19,Meta Ads,EMP-03,PV-014,Bajaj Pulsar NS 125,8990000,,0,NO,credito,SI,Sin gestión
HX-00637,2026-03-27,Meta Ads,EMP-01,PV-005,AKT Evo RS 150,7190000,2,1,NO_INFORMA,credito,NO,Perdido
HX-00638,2026-04-22,WhatsApp,EMP-01,PV-001,Bajaj Dominar 400,24900000,4,6,SI,credito,NO,Perdido
HX-00639,2026-06-14,Formulario Web,EMP-03,PV-013,Bajaj Dominar 400,24900000,4,4,NO_INFORMA,no_informa,SI,Perdido
HX-00640,2026-07-07,WhatsApp,EMP-01,PV-004,Honda Navi,7290000,24,6,NO,contado,NO,Perdido
HX-00641,2026-03-05,WhatsApp,EMP-01,PV-002,Bajaj Dominar 400,24900000,48,6,NO,contado,NO,Perdido
HX-00642,2026-04-18,Meta Ads,EMP-02,PV-008,Honda XRE 300,22900000,48,5,SI,credito,NO,Perdido
HX-00643,2026-05-17,WhatsApp,EMP-01,PV-003,Hero Hunk 160R,10490000,16,5,NO,contado,SI,Perdido
HX-00644,2026-07-19,Formulario Web,EMP-02,PV-007,Honda Dio 110,6890000,4,2,SI,credito,NO,Perdido
HX-00645,2026-04-16,WhatsApp,EMP-01,PV-001,AKT TTR 200,9890000,48,5,NO,credito,NO,Perdido
HX-00646,2026-03-20,WhatsApp,EMP-02,PV-006,AKT Evo RS 150,7190000,,0,SI,credito,NO,Sin gestión
HX-00647,2026-06-08,Formulario Web,EMP-02,PV-008,Suzuki GN 125,7490000,16,2,SI,credito,NO,Perdido
HX-00648,2026-04-15,Meta Ads,EMP-02,PV-006,Hero Hunk 160R,10490000,72,4,NO,no_informa,SI,Perdido
HX-00649,2026-04-26,Formulario Web,EMP-01,PV-002,Suzuki Best 125,6590000,0.5,1,NO,no_informa,SI,Perdido
HX-00650,2026-04-22,Meta Ads,EMP-02,PV-009,Bajaj Dominar 400,24900000,2,4,NO,credito,NO,Perdido
HX-00651,2026-06-09,Meta Ads,EMP-03,PV-014,Hero Hunk 160R,10490000,1,3,SI,contado,NO,Perdido
HX-00652,2026-07-27,Formulario Web,EMP-03,PV-013,Honda XRE 300,22900000,4,6,SI,credito,NO,Perdido
HX-00653,2026-06-20,Formulario Web,EMP-01,PV-001,Honda CB 125F Twister,7990000,48,7,NO,credito,NO,Perdido
HX-00654,2026-07-25,WhatsApp,EMP-02,PV-007,Honda CB 190R,13990000,24,3,NO,credito,NO,Perdido
HX-00655,2026-04-13,Formulario Web,EMP-02,PV-008,Honda XR 150L,11490000,120,3,NO,contado,NO,Perdido
HX-00656,2026-06-17,WhatsApp,EMP-01,PV-001,Bajaj Pulsar RS 200,15490000,4,6,NO,no_informa,NO,Perdido
HX-00657,2026-07-10,WhatsApp,EMP-02,PV-009,Hero Dash 110,6290000,24,5,SI,credito,NO,Perdido
HX-00658,2026-03-29,Meta Ads,EMP-01,PV-001,Suzuki Best 125,6590000,4,1,NO,credito,NO,Perdido
HX-00659,2026-05-22,WhatsApp,EMP-01,PV-005,Suzuki Best 125,6590000,24,5,SI,contado,NO,Perdido
HX-00660,2026-05-17,Meta Ads,EMP-01,PV-003,Hero Eco Deluxe 100,4990000,48,7,SI,no_informa,NO,Perdido
HX-00661,2026-05-05,Formulario Web,EMP-01,PV-003,Suzuki Gixxer 150,11990000,24,4,NO,contado,NO,Cerrado
HX-00662,2026-04-25,Meta Ads,EMP-03,PV-015,Honda XR 150L,11490000,48,4,NO,credito,SI,Perdido
HX-00663,2026-04-10,Meta Ads,EMP-03,PV-013,Bajaj Pulsar NS 160,11290000,4,6,NO_INFORMA,credito,NO,Perdido
HX-00664,2026-04-08,WhatsApp,EMP-03,PV-015,Bajaj Pulsar NS 125,8990000,2,5,SI,credito,NO,Perdido
HX-00665,2026-05-27,Meta Ads,EMP-02,PV-007,Suzuki Best 125,6590000,2,2,NO_INFORMA,contado,NO,Perdido
HX-00666,2026-06-07,Meta Ads,EMP-02,PV-009,Bajaj Pulsar NS 160,11290000,48,2,SI,credito,SI,Perdido
HX-00667,2026-04-23,WhatsApp,EMP-02,PV-007,Honda CB 125F Twister,7990000,8,5,NO_INFORMA,no_informa,NO,Perdido
HX-00668,2026-07-13,Meta Ads,EMP-01,PV-004,Honda XRE 300,22900000,1,4,NO,credito,SI,Perdido
HX-00669,2026-06-21,Formulario Web,EMP-02,PV-008,Bajaj Boxer CT 100,5790000,0.5,5,NO,credito,NO,Perdido
HX-00670,2026-07-12,Meta Ads,EMP-02,PV-007,Bajaj Boxer CT 100,5790000,,0,SI,credito,NO,Sin gestión
HX-00671,2026-03-23,Meta Ads,EMP-03,PV-014,Honda Dio 110,6890000,4,3,SI,contado,NO,Perdido
HX-00672,2026-03-24,WhatsApp,EMP-01,PV-001,AKT TTR 200,9890000,72,2,SI,credito,NO,Perdido
HX-00673,2026-06-26,Formulario Web,EMP-02,PV-009,Suzuki Best 125,6590000,24,6,SI,credito,SI,Perdido
HX-00674,2026-05-24,Formulario Web,EMP-01,PV-001,Hero Hunk 160R,10490000,16,6,SI,credito,SI,Perdido
HX-00675,2026-05-02,WhatsApp,EMP-03,PV-014,Suzuki Gixxer 150,11990000,120,7,NO_INFORMA,no_informa,NO,Perdido
HX-00676,2026-06-05,WhatsApp,EMP-02,PV-006,AKT Evo RS 150,7190000,48,1,SI,credito,SI,Perdido
HX-00677,2026-04-13,WhatsApp,EMP-03,PV-013,Suzuki V-Strom 250,21900000,16,7,NO_INFORMA,no_informa,NO,Perdido
HX-00678,2026-06-08,WhatsApp,EMP-02,PV-006,AKT NKD 125,5290000,2,3,SI,credito,NO,Perdido
HX-00679,2026-04-07,Formulario Web,EMP-01,PV-004,Bajaj Pulsar RS 200,15490000,72,3,SI,credito,NO,Perdido
HX-00680,2026-06-05,Meta Ads,EMP-03,PV-015,Hero Dash 110,6290000,4,1,NO,credito,NO,Perdido
HX-00681,2026-03-17,Meta Ads,EMP-01,PV-004,Suzuki V-Strom 250,21900000,2,5,NO,credito,NO,Perdido
HX-00682,2026-04-08,Formulario Web,EMP-03,PV-015,Honda CB 190R,13990000,2,2,NO,credito,NO,Perdido
HX-00683,2026-06-11,WhatsApp,EMP-02,PV-008,AKT TTR 200,9890000,72,5,SI,credito,SI,Perdido
HX-00684,2026-03-15,Formulario Web,EMP-01,PV-002,Honda Navi,7290000,8,5,NO,contado,SI,Perdido
HX-00685,2026-07-14,Meta Ads,EMP-03,PV-013,Bajaj Pulsar RS 200,15490000,4,2,SI,credito,NO,Perdido
HX-00686,2026-05-25,Meta Ads,EMP-02,PV-006,Bajaj Pulsar NS 125,8990000,24,5,SI,credito,NO,Perdido
HX-00687,2026-06-25,WhatsApp,EMP-01,PV-005,Suzuki V-Strom 250,21900000,2,4,NO,credito,NO,Cerrado
HX-00688,2026-07-27,WhatsApp,EMP-03,PV-014,Bajaj Pulsar NS 160,11290000,72,2,SI,contado,NO,Perdido
HX-00689,2026-05-27,WhatsApp,EMP-01,PV-005,Bajaj Pulsar RS 200,15490000,72,6,SI,credito,SI,Perdido
HX-00690,2026-07-03,Meta Ads,EMP-01,PV-002,Honda XR 150L,11490000,,0,NO_INFORMA,credito,NO,Sin gestión
HX-00691,2026-03-16,Formulario Web,EMP-01,PV-005,AKT Dynamic R3 125,5590000,48,6,SI,no_informa,NO,Perdido
HX-00692,2026-03-21,Meta Ads,EMP-02,PV-010,Suzuki Best 125,6590000,48,7,NO,credito,NO,Perdido
HX-00693,2026-06-14,Meta Ads,EMP-02,PV-010,Hero Dash 110,6290000,8,2,SI,contado,SI,Perdido
HX-00694,2026-05-20,WhatsApp,EMP-01,PV-002,Suzuki GN 125,7490000,16,4,SI,credito,NO,Perdido
HX-00695,2026-05-05,WhatsApp,EMP-01,PV-003,Hero Hunk 160R,10490000,,0,SI,credito,NO,Sin gestión
HX-00696,2026-06-15,Formulario Web,EMP-02,PV-008,AKT TTR 200,9890000,48,1,SI,credito,SI,Perdido
HX-00697,2026-07-13,Meta Ads,EMP-03,PV-011,Suzuki Gixxer 150,11990000,16,5,NO_INFORMA,credito,NO,Perdido
HX-00698,2026-05-30,WhatsApp,EMP-01,PV-002,Honda Navi,7290000,1,7,SI,credito,SI,Perdido
HX-00699,2026-05-15,WhatsApp,EMP-02,PV-009,Honda XRE 300,22900000,48,5,NO_INFORMA,credito,SI,Perdido
HX-00700,2026-04-28,WhatsApp,EMP-03,PV-013,Honda Navi,7290000,16,5,SI,credito,SI,Perdido
HX-00701,2026-03-13,WhatsApp,EMP-03,PV-011,AKT TTR 200,9890000,120,1,SI,credito,SI,Perdido
HX-00702,2026-03-28,WhatsApp,EMP-02,PV-007,Suzuki Gixxer 150,11990000,24,6,SI,credito,NO,Perdido
HX-00703,2026-04-13,Formulario Web,EMP-02,PV-009,Hero Hunk 160R,10490000,1,3,NO_INFORMA,credito,SI,Perdido
HX-00704,2026-06-06,WhatsApp,EMP-02,PV-008,Honda Navi,7290000,0.5,2,NO,credito,NO,Perdido
HX-00705,2026-03-17,WhatsApp,EMP-01,PV-001,AKT NKD 125,5290000,24,2,NO,no_informa,NO,Perdido
HX-00706,2026-07-17,WhatsApp,EMP-01,PV-002,AKT Evo RS 150,7190000,24,4,NO,contado,NO,Perdido
HX-00707,2026-05-07,WhatsApp,EMP-02,PV-009,Suzuki V-Strom 250,21900000,2,1,NO_INFORMA,contado,NO,Perdido
HX-00708,2026-07-10,WhatsApp,EMP-01,PV-002,Hero Eco Deluxe 100,4990000,,0,NO,credito,NO,Sin gestión
HX-00709,2026-05-19,WhatsApp,EMP-03,PV-013,Bajaj Boxer CT 100,5790000,24,5,NO_INFORMA,credito,NO,Perdido
HX-00710,2026-05-01,WhatsApp,EMP-02,PV-009,Bajaj Pulsar NS 125,8990000,8,2,SI,no_informa,SI,Perdido
HX-00711,2026-05-19,Meta Ads,EMP-02,PV-008,Hero Dash 110,6290000,,0,SI,no_informa,NO,Sin gestión
HX-00712,2026-04-21,WhatsApp,EMP-01,PV-003,Honda CB 125F Twister,7990000,8,7,SI,no_informa,SI,Perdido
HX-00713,2026-05-19,Formulario Web,EMP-01,PV-001,AKT NKD 125,5290000,48,3,NO,contado,NO,Perdido
HX-00714,2026-06-04,WhatsApp,EMP-02,PV-007,Bajaj Boxer CT 100,5790000,48,6,NO_INFORMA,credito,NO,Perdido
HX-00715,2026-03-01,Meta Ads,EMP-03,PV-015,Honda XR 150L,11490000,24,7,SI,contado,NO,Perdido
HX-00716,2026-05-19,WhatsApp,EMP-02,PV-010,AKT Dynamic R3 125,5590000,2,7,NO,contado,NO,Perdido
HX-00717,2026-06-06,WhatsApp,EMP-01,PV-004,AKT TTR 200,9890000,4,4,NO_INFORMA,credito,NO,Perdido
HX-00718,2026-03-30,Meta Ads,EMP-01,PV-005,Bajaj Pulsar NS 125,8990000,1,4,NO,contado,SI,Cerrado
HX-00719,2026-05-26,Meta Ads,EMP-02,PV-009,Suzuki GN 125,7490000,24,6,SI,no_informa,SI,Cerrado
HX-00720,2026-03-07,WhatsApp,EMP-01,PV-003,Bajaj Pulsar NS 125,8990000,,0,NO,credito,NO,Sin gestión
HX-00721,2026-03-25,Meta Ads,EMP-01,PV-004,AKT NKD 125,5290000,72,5,NO_INFORMA,no_informa,SI,Perdido
HX-00722,2026-05-09,WhatsApp,EMP-03,PV-012,Honda Dio 110,6890000,,0,NO,credito,SI,Sin gestión
HX-00723,2026-07-07,WhatsApp,EMP-03,PV-011,Suzuki Best 125,6590000,0.5,1,NO_INFORMA,credito,SI,Perdido
HX-00724,2026-03-11,WhatsApp,EMP-01,PV-004,AKT TTR 200,9890000,1,4,SI,credito,NO,Perdido
HX-00725,2026-03-15,WhatsApp,EMP-02,PV-010,Suzuki V-Strom 250,21900000,8,2,NO,credito,SI,Perdido
HX-00726,2026-04-01,Meta Ads,EMP-02,PV-007,Honda CB 190R,13990000,0.5,1,NO_INFORMA,credito,SI,Perdido
HX-00727,2026-07-12,Formulario Web,EMP-01,PV-001,Honda Navi,7290000,0.5,1,NO_INFORMA,contado,NO,Perdido
HX-00728,2026-04-06,Formulario Web,EMP-03,PV-012,Suzuki Gixxer 150,11990000,1,5,SI,credito,SI,Perdido
HX-00729,2026-03-07,WhatsApp,EMP-02,PV-007,Honda XR 150L,11490000,4,6,NO,contado,NO,Perdido
HX-00730,2026-03-24,WhatsApp,EMP-01,PV-005,Bajaj Boxer CT 100,5790000,24,5,SI,contado,NO,Perdido
HX-00731,2026-07-24,WhatsApp,EMP-01,PV-005,Bajaj Boxer CT 100,5790000,1,1,SI,credito,NO,Perdido
HX-00732,2026-05-13,WhatsApp,EMP-03,PV-015,Hero Hunk 160R,10490000,8,7,SI,no_informa,NO,Perdido
HX-00733,2026-07-27,Meta Ads,EMP-01,PV-005,Bajaj Pulsar NS 160,11290000,120,5,NO,credito,NO,Perdido
HX-00734,2026-06-29,WhatsApp,EMP-02,PV-010,AKT Dynamic R3 125,5590000,2,3,NO_INFORMA,credito,SI,Cerrado
HX-00735,2026-05-20,WhatsApp,EMP-03,PV-013,Bajaj Dominar 400,24900000,8,2,NO_INFORMA,contado,SI,Perdido
HX-00736,2026-07-07,WhatsApp,EMP-01,PV-002,Hero Eco Deluxe 100,4990000,120,5,SI,no_informa,NO,Perdido
HX-00737,2026-04-14,Formulario Web,EMP-01,PV-001,AKT Evo RS 150,7190000,120,1,NO_INFORMA,credito,NO,Perdido
HX-00738,2026-06-30,Formulario Web,EMP-03,PV-013,Hero Xpulse 200,14990000,0.5,4,SI,contado,NO,Perdido
HX-00739,2026-07-07,WhatsApp,EMP-01,PV-002,Bajaj Pulsar NS 125,8990000,72,2,NO_INFORMA,credito,NO,Perdido
HX-00740,2026-05-05,WhatsApp,EMP-03,PV-012,AKT Evo RS 150,7190000,16,5,NO,contado,NO,Perdido
HX-00741,2026-07-05,WhatsApp,EMP-03,PV-015,Suzuki Gixxer 150,11990000,8,2,SI,contado,SI,Cerrado
HX-00742,2026-04-11,Meta Ads,EMP-02,PV-008,Suzuki Gixxer 150,11990000,,0,SI,contado,NO,Sin gestión
HX-00743,2026-04-08,Formulario Web,EMP-01,PV-002,Honda CB 125F Twister,7990000,120,7,SI,credito,SI,Cerrado
HX-00744,2026-03-06,WhatsApp,EMP-03,PV-013,Suzuki GN 125,7490000,1,2,SI,credito,NO,Perdido
HX-00745,2026-04-12,WhatsApp,EMP-03,PV-012,Honda CB 125F Twister,7990000,48,3,NO_INFORMA,contado,NO,Perdido
HX-00746,2026-06-05,WhatsApp,EMP-02,PV-006,Bajaj Pulsar NS 160,11290000,0.5,1,NO_INFORMA,credito,NO,Cerrado
HX-00747,2026-04-07,WhatsApp,EMP-02,PV-009,Honda Dio 110,6890000,72,5,SI,no_informa,NO,Perdido
HX-00748,2026-05-24,Meta Ads,EMP-02,PV-010,Honda XRE 300,22900000,16,3,NO_INFORMA,no_informa,SI,Perdido
HX-00749,2026-07-17,WhatsApp,EMP-01,PV-002,Honda Navi,7290000,,0,NO,contado,NO,Sin gestión
HX-00750,2026-05-07,Formulario Web,EMP-01,PV-004,Suzuki V-Strom 250,21900000,24,2,SI,no_informa,SI,Perdido
HX-00751,2026-07-07,WhatsApp,EMP-01,PV-003,Bajaj Pulsar NS 125,8990000,16,7,NO,contado,SI,Perdido
HX-00752,2026-05-15,Formulario Web,EMP-01,PV-004,Hero Hunk 160R,10490000,8,2,NO_INFORMA,credito,NO,Perdido
HX-00753,2026-06-20,Meta Ads,EMP-02,PV-006,Suzuki V-Strom 250,21900000,16,4,SI,credito,NO,Perdido
HX-00754,2026-07-28,WhatsApp,EMP-02,PV-009,Hero Xpulse 200,14990000,48,1,SI,contado,NO,Perdido
HX-00755,2026-06-10,WhatsApp,EMP-02,PV-009,AKT Evo RS 150,7190000,0.5,7,SI,credito,NO,Cerrado
HX-00756,2026-05-23,WhatsApp,EMP-03,PV-013,AKT Dynamic R3 125,5590000,24,5,NO_INFORMA,credito,SI,Perdido
HX-00757,2026-05-17,Formulario Web,EMP-03,PV-012,Honda CB 125F Twister,7990000,1,6,SI,no_informa,NO,Perdido
HX-00758,2026-07-12,Meta Ads,EMP-03,PV-011,Bajaj Pulsar NS 125,8990000,8,7,NO_INFORMA,credito,NO,Perdido
HX-00759,2026-05-03,Meta Ads,EMP-03,PV-015,Bajaj Dominar 400,24900000,0.5,5,NO,credito,NO,Perdido
HX-00760,2026-03-18,Formulario Web,EMP-03,PV-014,AKT Dynamic R3 125,5590000,16,5,SI,credito,NO,Perdido
HX-00761,2026-06-01,Formulario Web,EMP-02,PV-009,Hero Hunk 160R,10490000,1,2,SI,credito,NO,Cerrado
HX-00762,2026-06-04,Meta Ads,EMP-02,PV-006,AKT Dynamic R3 125,5590000,2,7,SI,no_informa,SI,Perdido
HX-00763,2026-03-15,WhatsApp,EMP-03,PV-012,AKT Dynamic R3 125,5590000,4,2,SI,credito,NO,Perdido
HX-00764,2026-03-22,WhatsApp,EMP-01,PV-005,AKT Dynamic R3 125,5590000,,0,NO_INFORMA,contado,SI,Sin gestión
HX-00765,2026-06-17,WhatsApp,EMP-03,PV-015,Hero Xpulse 200,14990000,16,1,NO_INFORMA,credito,SI,Perdido
HX-00766,2026-04-20,Meta Ads,EMP-03,PV-013,Bajaj Dominar 400,24900000,72,5,NO,credito,NO,Perdido
HX-00767,2026-07-27,Meta Ads,EMP-02,PV-007,AKT TTR 200,9890000,120,3,NO,credito,NO,Perdido
HX-00768,2026-06-07,WhatsApp,EMP-03,PV-011,Suzuki Gixxer 150,11990000,2,2,NO,credito,NO,Perdido
HX-00769,2026-03-05,WhatsApp,EMP-01,PV-002,Bajaj Pulsar RS 200,15490000,1,3,SI,contado,NO,Perdido
HX-00770,2026-06-08,WhatsApp,EMP-02,PV-010,Honda CB 190R,13990000,,0,NO,contado,NO,Sin gestión
HX-00771,2026-05-05,Meta Ads,EMP-01,PV-001,Honda Dio 110,6890000,8,5,NO_INFORMA,credito,NO,Perdido
HX-00772,2026-05-05,WhatsApp,EMP-01,PV-004,AKT Evo RS 150,7190000,1,2,NO,credito,NO,Perdido
HX-00773,2026-06-18,Formulario Web,EMP-01,PV-001,AKT Evo RS 150,7190000,1,1,SI,credito,NO,Perdido
HX-00774,2026-04-07,Formulario Web,EMP-01,PV-005,Bajaj Pulsar NS 125,8990000,2,6,SI,credito,NO,Perdido
HX-00775,2026-05-12,WhatsApp,EMP-01,PV-001,Honda XR 150L,11490000,16,5,SI,no_informa,NO,Cerrado
HX-00776,2026-04-01,WhatsApp,EMP-03,PV-014,Honda CB 190R,13990000,,0,NO_INFORMA,credito,NO,Sin gestión
HX-00777,2026-05-21,WhatsApp,EMP-03,PV-013,Honda CB 125F Twister,7990000,4,2,NO,no_informa,SI,Cerrado
HX-00778,2026-05-17,Meta Ads,EMP-02,PV-006,Bajaj Pulsar RS 200,15490000,120,2,NO_INFORMA,credito,NO,Perdido
HX-00779,2026-03-20,WhatsApp,EMP-02,PV-008,Hero Xpulse 200,14990000,4,2,SI,credito,SI,Perdido
HX-00780,2026-07-23,WhatsApp,EMP-02,PV-008,AKT NKD 125,5290000,2,3,NO,credito,SI,Perdido
HX-00781,2026-06-07,WhatsApp,EMP-03,PV-014,Hero Xpulse 200,14990000,1,7,NO,credito,NO,Perdido
HX-00782,2026-05-12,WhatsApp,EMP-01,PV-001,Bajaj Pulsar NS 125,8990000,120,5,NO,credito,SI,Perdido
HX-00783,2026-04-03,WhatsApp,EMP-02,PV-009,Honda CB 125F Twister,7990000,24,6,NO,no_informa,NO,Perdido
HX-00784,2026-04-15,WhatsApp,EMP-01,PV-002,Hero Hunk 160R,10490000,8,1,SI,credito,NO,Cerrado
HX-00785,2026-06-22,Meta Ads,EMP-02,PV-008,Honda CB 125F Twister,7990000,4,7,SI,contado,SI,Perdido
HX-00786,2026-05-01,Formulario Web,EMP-03,PV-015,Bajaj Discover 125,6990000,120,6,NO,no_informa,NO,Perdido
HX-00787,2026-03-21,WhatsApp,EMP-02,PV-010,Suzuki GN 125,7490000,16,1,SI,credito,SI,Perdido
HX-00788,2026-07-15,Meta Ads,EMP-03,PV-014,Honda CB 125F Twister,7990000,24,3,NO_INFORMA,credito,NO,Perdido
HX-00789,2026-03-12,WhatsApp,EMP-03,PV-015,Hero Eco Deluxe 100,4990000,24,1,SI,credito,NO,Perdido
HX-00790,2026-04-22,Formulario Web,EMP-03,PV-012,AKT TTR 200,9890000,48,6,SI,credito,SI,Perdido
HX-00791,2026-03-28,WhatsApp,EMP-03,PV-015,Suzuki GN 125,7490000,16,7,NO,contado,NO,Perdido
HX-00792,2026-06-18,WhatsApp,EMP-02,PV-006,Bajaj Pulsar NS 125,8990000,24,5,SI,contado,SI,Cerrado
HX-00793,2026-03-09,WhatsApp,EMP-01,PV-005,AKT NKD 125,5290000,4,7,SI,no_informa,SI,Perdido
HX-00794,2026-06-03,Meta Ads,EMP-01,PV-001,Honda XRE 300,22900000,4,2,NO,no_informa,NO,Perdido
HX-00795,2026-07-20,WhatsApp,EMP-02,PV-008,Hero Eco Deluxe 100,4990000,16,3,NO_INFORMA,credito,NO,Cerrado
HX-00796,2026-04-01,Formulario Web,EMP-02,PV-009,Honda XR 150L,11490000,48,6,SI,credito,SI,Perdido
HX-00797,2026-05-29,WhatsApp,EMP-01,PV-002,Suzuki GN 125,7490000,48,2,NO_INFORMA,contado,NO,Perdido
HX-00798,2026-03-02,Formulario Web,EMP-03,PV-014,Bajaj Pulsar NS 125,8990000,0.5,1,NO,credito,NO,Perdido
HX-00799,2026-05-17,WhatsApp,EMP-01,PV-002,Honda CB 125F Twister,7990000,2,4,NO_INFORMA,credito,SI,Perdido
HX-00800,2026-04-27,Formulario Web,EMP-03,PV-013,Bajaj Discover 125,6990000,4,6,NO,credito,SI,Perdido
HX-00801,2026-07-27,WhatsApp,EMP-03,PV-015,Bajaj Pulsar NS 160,11290000,48,2,SI,contado,NO,Perdido
HX-00802,2026-07-06,Meta Ads,EMP-01,PV-005,Hero Xpulse 200,14990000,72,5,NO,credito,NO,Perdido
HX-00803,2026-04-28,Formulario Web,EMP-01,PV-004,Suzuki Best 125,6590000,24,1,SI,credito,NO,Perdido
HX-00804,2026-04-02,Meta Ads,EMP-01,PV-005,AKT Evo RS 150,7190000,2,7,NO_INFORMA,contado,NO,Perdido
HX-00805,2026-07-02,WhatsApp,EMP-02,PV-006,Hero Eco Deluxe 100,4990000,16,6,NO_INFORMA,credito,SI,Perdido
HX-00806,2026-05-09,WhatsApp,EMP-02,PV-007,Hero Xpulse 200,14990000,0.5,3,NO,credito,NO,Cerrado
HX-00807,2026-04-26,WhatsApp,EMP-03,PV-014,Hero Hunk 160R,10490000,8,6,SI,contado,SI,Perdido
HX-00808,2026-06-01,Formulario Web,EMP-02,PV-010,Honda Dio 110,6890000,0.5,3,NO,contado,NO,Perdido
HX-00809,2026-07-05,WhatsApp,EMP-01,PV-001,Honda CB 125F Twister,7990000,24,4,SI,credito,NO,Perdido
HX-00810,2026-06-19,WhatsApp,EMP-03,PV-014,Honda Dio 110,6890000,48,1,NO_INFORMA,no_informa,SI,Perdido
HX-00811,2026-04-13,WhatsApp,EMP-03,PV-014,Honda XRE 300,22900000,48,1,SI,contado,SI,Perdido
HX-00812,2026-07-01,WhatsApp,EMP-03,PV-012,Hero Eco Deluxe 100,4990000,4,1,NO,credito,NO,Perdido
HX-00813,2026-06-21,WhatsApp,EMP-03,PV-013,AKT Evo RS 150,7190000,48,2,SI,credito,NO,Perdido
HX-00814,2026-07-14,WhatsApp,EMP-01,PV-005,Hero Hunk 160R,10490000,1,4,NO,contado,NO,Cerrado
HX-00815,2026-06-28,Meta Ads,EMP-01,PV-003,Honda XRE 300,22900000,72,4,SI,contado,NO,Perdido
HX-00816,2026-05-06,WhatsApp,EMP-02,PV-009,Suzuki GN 125,7490000,0.5,3,NO_INFORMA,credito,NO,Perdido
HX-00817,2026-07-28,WhatsApp,EMP-02,PV-008,Suzuki Gixxer 150,11990000,48,5,NO,credito,SI,Perdido
HX-00818,2026-07-21,Meta Ads,EMP-03,PV-012,Honda CB 125F Twister,7990000,120,2,SI,credito,SI,Perdido
HX-00819,2026-04-21,Meta Ads,EMP-01,PV-002,AKT TTR 200,9890000,48,4,NO,credito,SI,Perdido
HX-00820,2026-06-05,Meta Ads,EMP-01,PV-003,Bajaj Boxer CT 100,5790000,2,6,NO,credito,NO,Perdido
HX-00821,2026-06-28,WhatsApp,EMP-03,PV-012,Honda XR 150L,11490000,72,4,NO,credito,NO,Perdido
HX-00822,2026-05-12,WhatsApp,EMP-02,PV-009,AKT NKD 125,5290000,48,6,NO_INFORMA,credito,NO,Perdido
HX-00823,2026-06-09,Formulario Web,EMP-02,PV-006,Suzuki Gixxer 150,11990000,2,6,SI,contado,SI,Perdido
HX-00824,2026-04-16,WhatsApp,EMP-03,PV-012,Suzuki V-Strom 250,21900000,4,3,NO,credito,NO,Cerrado
HX-00825,2026-03-19,WhatsApp,EMP-01,PV-002,Suzuki V-Strom 250,21900000,,0,NO_INFORMA,contado,NO,Sin gestión
HX-00826,2026-04-25,WhatsApp,EMP-01,PV-002,Hero Dash 110,6290000,4,6,NO_INFORMA,credito,NO,Perdido
HX-00827,2026-05-09,Meta Ads,EMP-01,PV-005,Hero Dash 110,6290000,24,7,NO_INFORMA,contado,NO,Perdido
HX-00828,2026-06-30,Meta Ads,EMP-01,PV-001,Honda CB 125F Twister,7990000,72,3,NO_INFORMA,credito,NO,Perdido
HX-00829,2026-06-21,Formulario Web,EMP-03,PV-011,Bajaj Pulsar RS 200,15490000,72,6,SI,credito,NO,Perdido
HX-00830,2026-07-08,Meta Ads,EMP-03,PV-014,Bajaj Dominar 400,24900000,2,5,SI,credito,SI,Perdido
HX-00831,2026-03-29,WhatsApp,EMP-01,PV-001,Suzuki GN 125,7490000,120,7,NO,credito,SI,Perdido
HX-00832,2026-03-21,WhatsApp,EMP-01,PV-004,Suzuki Best 125,6590000,1,3,SI,credito,SI,Perdido
HX-00833,2026-04-19,WhatsApp,EMP-03,PV-012,Bajaj Discover 125,6990000,24,3,SI,credito,NO,Perdido
HX-00834,2026-07-01,Meta Ads,EMP-03,PV-015,Hero Dash 110,6290000,120,7,SI,contado,NO,Perdido
HX-00835,2026-05-05,WhatsApp,EMP-02,PV-008,Bajaj Pulsar RS 200,15490000,8,3,SI,credito,NO,Cerrado
HX-00836,2026-03-24,Formulario Web,EMP-03,PV-011,AKT TTR 200,9890000,24,5,NO,credito,NO,Perdido
HX-00837,2026-04-24,WhatsApp,EMP-03,PV-011,AKT TTR 200,9890000,48,3,NO_INFORMA,credito,NO,Perdido
HX-00838,2026-06-17,WhatsApp,EMP-01,PV-001,Suzuki Best 125,6590000,72,1,NO,credito,SI,Cerrado
HX-00839,2026-04-14,WhatsApp,EMP-02,PV-009,AKT TTR 200,9890000,24,7,NO_INFORMA,credito,NO,Perdido
HX-00840,2026-06-19,Meta Ads,EMP-02,PV-006,AKT Dynamic R3 125,5590000,48,5,SI,credito,NO,Perdido
HX-00841,2026-04-07,Meta Ads,EMP-03,PV-012,Honda CB 190R,13990000,1,1,SI,no_informa,SI,Perdido
HX-00842,2026-03-20,WhatsApp,EMP-03,PV-011,AKT TTR 200,9890000,48,1,SI,credito,SI,Perdido
HX-00843,2026-05-17,WhatsApp,EMP-01,PV-004,Hero Hunk 160R,10490000,16,4,SI,no_informa,NO,Perdido
HX-00844,2026-05-05,WhatsApp,EMP-01,PV-005,Honda Dio 110,6890000,24,3,NO_INFORMA,no_informa,SI,Perdido
HX-00845,2026-04-02,WhatsApp,EMP-02,PV-009,AKT Evo RS 150,7190000,2,5,SI,credito,SI,Cerrado
HX-00846,2026-05-14,WhatsApp,EMP-03,PV-013,Honda XR 150L,11490000,4,1,SI,no_informa,NO,Perdido
HX-00847,2026-07-27,Meta Ads,EMP-01,PV-003,AKT Evo RS 150,7190000,48,1,NO,credito,NO,Perdido
HX-00848,2026-06-07,Meta Ads,EMP-02,PV-007,Bajaj Dominar 400,24900000,2,2,SI,no_informa,NO,Perdido
HX-00849,2026-03-23,WhatsApp,EMP-02,PV-010,Honda Navi,7290000,24,6,SI,credito,NO,Perdido
HX-00850,2026-06-19,WhatsApp,EMP-01,PV-005,Bajaj Pulsar NS 125,8990000,120,1,NO_INFORMA,contado,NO,Perdido
HX-00851,2026-03-14,WhatsApp,EMP-02,PV-009,Honda Navi,7290000,1,2,NO,credito,SI,Perdido
HX-00852,2026-07-05,Formulario Web,EMP-01,PV-002,AKT Dynamic R3 125,5590000,4,2,NO,contado,NO,Perdido
HX-00853,2026-03-11,WhatsApp,EMP-01,PV-002,Bajaj Dominar 400,24900000,1,5,NO_INFORMA,credito,SI,Perdido
HX-00854,2026-03-25,Meta Ads,EMP-01,PV-003,Bajaj Pulsar NS 125,8990000,16,7,SI,contado,NO,Perdido
HX-00855,2026-05-28,WhatsApp,EMP-01,PV-001,Honda CB 190R,13990000,16,6,NO,contado,NO,Perdido
HX-00856,2026-03-21,WhatsApp,EMP-01,PV-004,Suzuki V-Strom 250,21900000,48,7,NO,no_informa,NO,Perdido
HX-00857,2026-05-06,Formulario Web,EMP-02,PV-010,Bajaj Pulsar NS 125,8990000,4,5,NO,credito,SI,Perdido
HX-00858,2026-07-20,WhatsApp,EMP-01,PV-005,Bajaj Dominar 400,24900000,48,4,NO,credito,NO,Perdido
HX-00859,2026-06-20,Meta Ads,EMP-02,PV-009,Honda XR 150L,11490000,1,3,NO,credito,SI,Perdido
HX-00860,2026-06-10,WhatsApp,EMP-03,PV-011,Suzuki Gixxer 150,11990000,48,1,NO_INFORMA,credito,NO,Perdido
HX-00861,2026-03-23,WhatsApp,EMP-02,PV-008,Bajaj Discover 125,6990000,,0,NO_INFORMA,no_informa,SI,Sin gestión
HX-00862,2026-04-13,Meta Ads,EMP-02,PV-008,Honda XRE 300,22900000,4,6,NO,contado,SI,Cerrado
HX-00863,2026-07-28,Formulario Web,EMP-03,PV-015,Honda Navi,7290000,16,5,SI,credito,NO,Perdido
HX-00864,2026-03-08,WhatsApp,EMP-02,PV-010,Honda Dio 110,6890000,2,2,NO,credito,NO,Perdido
HX-00865,2026-04-14,WhatsApp,EMP-01,PV-001,Hero Hunk 160R,10490000,1,1,NO,credito,NO,Perdido
HX-00866,2026-05-17,WhatsApp,EMP-01,PV-004,AKT Dynamic R3 125,5590000,1,5,SI,credito,NO,Cerrado
HX-00867,2026-04-28,Meta Ads,EMP-03,PV-013,Bajaj Pulsar NS 160,11290000,8,4,NO_INFORMA,contado,NO,Perdido
HX-00868,2026-05-04,WhatsApp,EMP-02,PV-009,AKT NKD 125,5290000,1,6,NO_INFORMA,credito,NO,Perdido
HX-00869,2026-05-07,WhatsApp,EMP-03,PV-013,Suzuki Gixxer 150,11990000,,0,NO,no_informa,NO,Sin gestión
HX-00870,2026-06-08,Meta Ads,EMP-03,PV-011,Bajaj Pulsar NS 125,8990000,4,5,SI,no_informa,NO,Perdido
HX-00871,2026-03-24,Meta Ads,EMP-01,PV-001,Hero Xpulse 200,14990000,0.5,5,NO_INFORMA,credito,SI,Perdido
HX-00872,2026-04-14,Meta Ads,EMP-02,PV-008,Honda CB 125F Twister,7990000,120,4,NO,no_informa,NO,Perdido
HX-00873,2026-04-06,WhatsApp,EMP-02,PV-009,Honda CB 190R,13990000,120,6,SI,credito,NO,Perdido
HX-00874,2026-04-21,Formulario Web,EMP-02,PV-008,Honda XR 150L,11490000,,0,NO_INFORMA,credito,NO,Sin gestión
HX-00875,2026-04-26,WhatsApp,EMP-02,PV-008,Honda CB 190R,13990000,1,1,SI,credito,NO,Perdido
HX-00876,2026-03-15,WhatsApp,EMP-03,PV-014,Bajaj Discover 125,6990000,4,4,NO,credito,NO,Cerrado
HX-00877,2026-07-12,WhatsApp,EMP-03,PV-014,Honda Dio 110,6890000,48,4,NO_INFORMA,credito,SI,Perdido
HX-00878,2026-04-19,WhatsApp,EMP-03,PV-011,Honda Dio 110,6890000,16,3,SI,credito,SI,Perdido
HX-00879,2026-06-23,WhatsApp,EMP-02,PV-010,Suzuki Best 125,6590000,120,7,SI,no_informa,NO,Cerrado
HX-00880,2026-03-28,WhatsApp,EMP-01,PV-005,AKT Evo RS 150,7190000,120,1,SI,credito,SI,Perdido
HX-00881,2026-03-09,Formulario Web,EMP-01,PV-002,Honda Navi,7290000,0.5,6,NO_INFORMA,contado,NO,Cerrado
HX-00882,2026-06-01,WhatsApp,EMP-03,PV-015,Bajaj Dominar 400,24900000,24,4,NO_INFORMA,credito,SI,Perdido
HX-00883,2026-04-16,WhatsApp,EMP-03,PV-015,Bajaj Pulsar NS 160,11290000,48,5,NO_INFORMA,contado,NO,Perdido
HX-00884,2026-06-23,WhatsApp,EMP-01,PV-005,Hero Xpulse 200,14990000,48,6,SI,contado,SI,Cerrado
HX-00885,2026-07-28,Formulario Web,EMP-02,PV-009,Hero Dash 110,6290000,1,5,NO,credito,NO,Perdido
HX-00886,2026-06-18,WhatsApp,EMP-01,PV-005,Honda CB 190R,13990000,0.5,6,NO,credito,NO,Perdido
HX-00887,2026-03-14,Meta Ads,EMP-02,PV-008,AKT NKD 125,5290000,2,2,NO_INFORMA,no_informa,SI,Perdido
HX-00888,2026-05-01,WhatsApp,EMP-01,PV-005,Honda CB 125F Twister,7990000,24,6,NO,no_informa,SI,Perdido
HX-00889,2026-05-29,Meta Ads,EMP-01,PV-001,Bajaj Dominar 400,24900000,24,6,NO,credito,NO,Cerrado
HX-00890,2026-03-08,Meta Ads,EMP-02,PV-006,Hero Dash 110,6290000,48,2,NO_INFORMA,contado,NO,Perdido
HX-00891,2026-03-02,Formulario Web,EMP-01,PV-001,AKT TTR 200,9890000,48,6,SI,contado,SI,Cerrado
HX-00892,2026-05-04,WhatsApp,EMP-02,PV-008,Bajaj Pulsar RS 200,15490000,2,3,SI,no_informa,NO,Perdido
HX-00893,2026-07-13,WhatsApp,EMP-02,PV-007,Honda CB 125F Twister,7990000,8,1,NO,no_informa,NO,Perdido
HX-00894,2026-06-14,WhatsApp,EMP-02,PV-008,Bajaj Pulsar NS 160,11290000,48,7,NO,no_informa,NO,Perdido
HX-00895,2026-07-27,Meta Ads,EMP-03,PV-014,Honda XR 150L,11490000,1,4,SI,contado,SI,Perdido
HX-00896,2026-05-12,Meta Ads,EMP-03,PV-013,Honda XR 150L,11490000,4,3,NO_INFORMA,credito,NO,Perdido
HX-00897,2026-07-26,WhatsApp,EMP-01,PV-005,Bajaj Pulsar NS 125,8990000,72,2,NO_INFORMA,credito,NO,Perdido
HX-00898,2026-05-31,Formulario Web,EMP-02,PV-007,Bajaj Pulsar RS 200,15490000,2,6,SI,no_informa,NO,Perdido
HX-00899,2026-03-09,Formulario Web,EMP-01,PV-004,Honda CB 190R,13990000,24,7,SI,credito,NO,Perdido
HX-00900,2026-03-18,Meta Ads,EMP-03,PV-013,Hero Xpulse 200,14990000,16,5,NO,no_informa,SI,Cerrado
HX-00901,2026-07-19,Formulario Web,EMP-02,PV-006,Bajaj Dominar 400,24900000,120,2,SI,credito,SI,Perdido
HX-00902,2026-04-19,Formulario Web,EMP-03,PV-013,AKT Evo RS 150,7190000,72,6,SI,no_informa,SI,Perdido
HX-00903,2026-04-23,WhatsApp,EMP-03,PV-012,Honda XRE 300,22900000,72,7,SI,credito,NO,Perdido
HX-00904,2026-07-22,Meta Ads,EMP-01,PV-003,Hero Xpulse 200,14990000,2,2,NO,credito,NO,Perdido
HX-00905,2026-03-02,Meta Ads,EMP-01,PV-001,Bajaj Dominar 400,24900000,,0,SI,credito,SI,Sin gestión
HX-00906,2026-03-13,WhatsApp,EMP-01,PV-001,AKT NKD 125,5290000,48,1,SI,credito,NO,Perdido
HX-00907,2026-06-02,Meta Ads,EMP-02,PV-007,Honda CB 190R,13990000,,0,NO,credito,NO,Sin gestión
HX-00908,2026-04-23,WhatsApp,EMP-03,PV-011,Honda XR 150L,11490000,2,3,NO,no_informa,NO,Perdido
HX-00909,2026-05-23,Formulario Web,EMP-03,PV-012,Bajaj Pulsar RS 200,15490000,48,5,SI,credito,SI,Perdido
HX-00910,2026-03-24,Meta Ads,EMP-01,PV-002,Bajaj Pulsar NS 160,11290000,1,3,SI,credito,SI,Perdido
HX-00911,2026-04-10,Meta Ads,EMP-01,PV-004,AKT NKD 125,5290000,48,7,SI,credito,SI,Cerrado
HX-00912,2026-03-31,WhatsApp,EMP-03,PV-014,AKT TTR 200,9890000,1,4,NO_INFORMA,credito,NO,Perdido
HX-00913,2026-05-30,WhatsApp,EMP-02,PV-007,Suzuki Gixxer 150,11990000,2,5,NO_INFORMA,contado,NO,Perdido
HX-00914,2026-05-14,Meta Ads,EMP-01,PV-005,AKT Evo RS 150,7190000,2,2,NO_INFORMA,credito,NO,Perdido
HX-00915,2026-06-15,Meta Ads,EMP-01,PV-002,Hero Eco Deluxe 100,4990000,120,6,NO_INFORMA,contado,NO,Cerrado
HX-00916,2026-03-14,Meta Ads,EMP-01,PV-001,Honda Navi,7290000,48,3,NO,credito,NO,Perdido
HX-00917,2026-07-20,WhatsApp,EMP-03,PV-012,Honda Navi,7290000,120,1,SI,contado,SI,Perdido
HX-00918,2026-06-21,WhatsApp,EMP-01,PV-004,Bajaj Pulsar NS 160,11290000,2,1,SI,credito,SI,Perdido
HX-00919,2026-07-05,Meta Ads,EMP-02,PV-007,Bajaj Boxer CT 100,5790000,72,6,NO_INFORMA,credito,NO,Perdido
HX-00920,2026-04-20,Formulario Web,EMP-03,PV-013,Honda Dio 110,6890000,0.5,2,NO_INFORMA,credito,NO,Perdido
HX-00921,2026-03-31,Formulario Web,EMP-03,PV-015,Honda CB 125F Twister,7990000,72,1,NO_INFORMA,credito,SI,Perdido
HX-00922,2026-05-04,WhatsApp,EMP-02,PV-010,Bajaj Boxer CT 100,5790000,72,5,NO_INFORMA,credito,SI,Perdido
HX-00923,2026-06-18,Formulario Web,EMP-02,PV-006,Honda Dio 110,6890000,,0,SI,no_informa,NO,Sin gestión
HX-00924,2026-04-22,Meta Ads,EMP-02,PV-010,Honda XR 150L,11490000,4,6,SI,credito,NO,Perdido
HX-00925,2026-04-11,WhatsApp,EMP-01,PV-005,Honda XRE 300,22900000,,0,NO,credito,NO,Sin gestión
HX-00926,2026-03-20,Meta Ads,EMP-01,PV-005,AKT Dynamic R3 125,5590000,1,3,SI,credito,SI,Perdido
HX-00927,2026-07-19,WhatsApp,EMP-01,PV-004,Honda CB 190R,13990000,,0,SI,contado,NO,Sin gestión
HX-00928,2026-03-24,Meta Ads,EMP-01,PV-004,Hero Dash 110,6290000,8,4,SI,credito,NO,Perdido
HX-00929,2026-04-07,WhatsApp,EMP-03,PV-011,Honda Navi,7290000,4,7,NO,credito,NO,Perdido
HX-00930,2026-05-27,WhatsApp,EMP-01,PV-003,Bajaj Pulsar NS 125,8990000,4,5,SI,credito,SI,Cerrado
HX-00931,2026-03-16,WhatsApp,EMP-03,PV-013,Hero Eco Deluxe 100,4990000,8,6,NO,contado,NO,Perdido
HX-00932,2026-04-15,Formulario Web,EMP-03,PV-012,AKT TTR 200,9890000,4,6,NO,credito,NO,Perdido
HX-00933,2026-07-07,WhatsApp,EMP-03,PV-014,Honda Dio 110,6890000,4,2,NO_INFORMA,no_informa,NO,Perdido
HX-00934,2026-06-09,WhatsApp,EMP-01,PV-004,Honda CB 190R,13990000,1,7,NO_INFORMA,credito,NO,Perdido
HX-00935,2026-03-03,Meta Ads,EMP-03,PV-012,Hero Hunk 160R,10490000,2,1,SI,credito,NO,Perdido
HX-00936,2026-05-30,Meta Ads,EMP-03,PV-013,Honda XR 150L,11490000,1,6,NO_INFORMA,no_informa,NO,Perdido
HX-00937,2026-03-27,WhatsApp,EMP-02,PV-010,AKT TTR 200,9890000,4,5,SI,no_informa,NO,Perdido
HX-00938,2026-05-26,WhatsApp,EMP-03,PV-015,AKT Dynamic R3 125,5590000,,0,SI,credito,NO,Sin gestión
HX-00939,2026-07-15,WhatsApp,EMP-01,PV-001,Bajaj Pulsar RS 200,15490000,0.5,7,SI,contado,SI,Cerrado
HX-00940,2026-06-25,WhatsApp,EMP-03,PV-014,Bajaj Boxer CT 100,5790000,1,6,NO,no_informa,SI,Perdido
HX-00941,2026-05-20,WhatsApp,EMP-02,PV-010,Bajaj Dominar 400,24900000,48,1,NO,contado,NO,Cerrado
HX-00942,2026-06-18,WhatsApp,EMP-02,PV-008,Suzuki Best 125,6590000,,0,SI,credito,SI,Sin gestión
HX-00943,2026-03-24,WhatsApp,EMP-03,PV-012,Bajaj Pulsar NS 160,11290000,48,7,NO,no_informa,NO,Perdido
HX-00944,2026-04-07,Meta Ads,EMP-02,PV-009,Bajaj Boxer CT 100,5790000,24,3,SI,credito,NO,Perdido
HX-00945,2026-07-10,WhatsApp,EMP-02,PV-009,Bajaj Pulsar NS 125,8990000,2,5,SI,no_informa,NO,Cerrado
HX-00946,2026-05-15,Meta Ads,EMP-03,PV-012,Bajaj Pulsar NS 160,11290000,4,3,NO_INFORMA,credito,NO,Perdido
HX-00947,2026-05-13,WhatsApp,EMP-03,PV-012,Honda Dio 110,6890000,2,5,NO,credito,NO,Perdido
HX-00948,2026-05-18,Formulario Web,EMP-02,PV-010,AKT NKD 125,5290000,,0,NO,credito,NO,Sin gestión
HX-00949,2026-04-18,WhatsApp,EMP-03,PV-012,Honda CB 125F Twister,7990000,4,6,NO_INFORMA,credito,NO,Perdido
HX-00950,2026-07-26,WhatsApp,EMP-02,PV-008,Bajaj Boxer CT 100,5790000,2,3,SI,no_informa,SI,Perdido
HX-00951,2026-05-28,WhatsApp,EMP-02,PV-006,AKT Dynamic R3 125,5590000,4,5,SI,credito,SI,Perdido
HX-00952,2026-06-01,Meta Ads,EMP-03,PV-014,Suzuki GN 125,7490000,48,1,NO_INFORMA,no_informa,NO,Perdido
HX-00953,2026-03-03,Meta Ads,EMP-01,PV-001,AKT Dynamic R3 125,5590000,48,5,NO,credito,SI,Perdido
HX-00954,2026-06-20,WhatsApp,EMP-01,PV-002,Honda Navi,7290000,4,1,NO_INFORMA,no_informa,NO,Perdido
HX-00955,2026-03-11,WhatsApp,EMP-01,PV-005,Suzuki V-Strom 250,21900000,4,5,SI,no_informa,NO,Perdido
HX-00956,2026-06-30,Meta Ads,EMP-03,PV-012,AKT Evo RS 150,7190000,,0,NO,no_informa,SI,Sin gestión
HX-00957,2026-03-15,Meta Ads,EMP-02,PV-009,Bajaj Dominar 400,24900000,48,7,SI,credito,NO,Perdido
HX-00958,2026-04-02,Formulario Web,EMP-01,PV-003,Hero Hunk 160R,10490000,2,2,NO,no_informa,NO,Perdido
HX-00959,2026-04-07,WhatsApp,EMP-01,PV-001,Suzuki GN 125,7490000,48,3,SI,credito,NO,Cerrado
HX-00960,2026-07-17,Formulario Web,EMP-02,PV-007,AKT NKD 125,5290000,8,7,SI,no_informa,NO,Perdido
HX-00961,2026-06-24,WhatsApp,EMP-02,PV-007,Honda CB 125F Twister,7990000,8,4,SI,no_informa,SI,Perdido
HX-00962,2026-04-18,WhatsApp,EMP-03,PV-014,Bajaj Pulsar RS 200,15490000,,0,SI,no_informa,NO,Sin gestión
HX-00963,2026-05-15,Meta Ads,EMP-02,PV-010,AKT NKD 125,5290000,24,6,SI,no_informa,NO,Perdido
HX-00964,2026-06-03,Meta Ads,EMP-01,PV-002,Bajaj Boxer CT 100,5790000,120,6,NO_INFORMA,contado,NO,Perdido
HX-00965,2026-04-15,WhatsApp,EMP-02,PV-008,AKT TTR 200,9890000,8,7,SI,credito,SI,Perdido
HX-00966,2026-05-07,Formulario Web,EMP-03,PV-012,Honda Dio 110,6890000,16,5,NO,credito,NO,Perdido
HX-00967,2026-06-14,WhatsApp,EMP-02,PV-008,Bajaj Boxer CT 100,5790000,2,7,SI,credito,NO,Cerrado
HX-00968,2026-06-10,Meta Ads,EMP-02,PV-006,Bajaj Pulsar NS 125,8990000,8,2,SI,credito,SI,Perdido
HX-00969,2026-05-03,Formulario Web,EMP-02,PV-010,AKT Evo RS 150,7190000,,0,SI,credito,NO,Sin gestión
HX-00970,2026-07-11,Meta Ads,EMP-02,PV-007,Hero Hunk 160R,10490000,48,1,NO_INFORMA,credito,NO,Perdido
HX-00971,2026-03-29,WhatsApp,EMP-03,PV-011,Hero Hunk 160R,10490000,72,5,NO,credito,NO,Perdido
HX-00972,2026-05-24,WhatsApp,EMP-02,PV-007,Bajaj Pulsar RS 200,15490000,4,5,SI,no_informa,SI,Perdido
HX-00973,2026-06-07,WhatsApp,EMP-02,PV-008,Suzuki Best 125,6590000,2,3,SI,credito,SI,Perdido
HX-00974,2026-03-02,WhatsApp,EMP-01,PV-003,Hero Dash 110,6290000,0.5,5,NO,credito,NO,Cerrado
HX-00975,2026-07-25,Meta Ads,EMP-02,PV-010,Suzuki GN 125,7490000,0.5,6,NO_INFORMA,credito,NO,Perdido
HX-00976,2026-03-04,WhatsApp,EMP-02,PV-009,Bajaj Pulsar NS 125,8990000,,0,NO_INFORMA,credito,NO,Sin gestión
HX-00977,2026-04-23,Meta Ads,EMP-02,PV-010,Hero Hunk 160R,10490000,48,3,NO_INFORMA,credito,NO,Perdido
HX-00978,2026-04-26,Meta Ads,EMP-01,PV-005,Honda Dio 110,6890000,2,4,NO_INFORMA,credito,NO,Cerrado
HX-00979,2026-05-23,Meta Ads,EMP-02,PV-007,Hero Eco Deluxe 100,4990000,8,2,SI,contado,NO,Perdido
HX-00980,2026-03-30,WhatsApp,EMP-02,PV-010,Suzuki Best 125,6590000,2,2,NO,no_informa,SI,Perdido
HX-00981,2026-07-03,Formulario Web,EMP-03,PV-011,Hero Xpulse 200,14990000,2,2,NO,credito,NO,Perdido
HX-00982,2026-04-13,WhatsApp,EMP-01,PV-005,Suzuki Gixxer 150,11990000,48,4,NO,no_informa,NO,Perdido
HX-00983,2026-07-16,Formulario Web,EMP-02,PV-009,AKT Evo RS 150,7190000,,0,NO,contado,NO,Sin gestión
HX-00984,2026-03-21,WhatsApp,EMP-02,PV-010,Bajaj Pulsar RS 200,15490000,2,7,NO_INFORMA,credito,NO,Perdido
HX-00985,2026-04-05,Meta Ads,EMP-03,PV-012,Honda XR 150L,11490000,4,6,NO,no_informa,NO,Perdido
HX-00986,2026-07-27,WhatsApp,EMP-01,PV-001,Honda CB 190R,13990000,24,3,NO_INFORMA,credito,SI,Perdido
HX-00987,2026-03-13,WhatsApp,EMP-01,PV-004,Hero Hunk 160R,10490000,1,5,SI,no_informa,SI,Cerrado
HX-00988,2026-07-10,Meta Ads,EMP-02,PV-007,AKT TTR 200,9890000,0.5,3,NO_INFORMA,credito,NO,Perdido
HX-00989,2026-03-08,WhatsApp,EMP-01,PV-001,Bajaj Pulsar NS 160,11290000,8,3,NO_INFORMA,credito,NO,Perdido
HX-00990,2026-04-27,WhatsApp,EMP-03,PV-014,Bajaj Dominar 400,24900000,16,1,NO,credito,SI,Perdido
HX-00991,2026-07-09,WhatsApp,EMP-01,PV-004,Suzuki GN 125,7490000,1,6,SI,credito,SI,Perdido
HX-00992,2026-03-19,WhatsApp,EMP-01,PV-005,Suzuki Gixxer 150,11990000,24,4,SI,credito,NO,Perdido
HX-00993,2026-04-17,Meta Ads,EMP-02,PV-008,Hero Xpulse 200,14990000,8,6,NO_INFORMA,no_informa,NO,Perdido
HX-00994,2026-06-19,Meta Ads,EMP-02,PV-008,Bajaj Boxer CT 100,5790000,24,7,NO,contado,SI,Perdido
HX-00995,2026-07-15,Meta Ads,EMP-03,PV-013,Honda XR 150L,11490000,8,6,NO,credito,SI,Cerrado
HX-00996,2026-05-06,WhatsApp,EMP-01,PV-003,AKT Dynamic R3 125,5590000,2,3,SI,no_informa,NO,Cerrado
HX-00997,2026-07-08,WhatsApp,EMP-03,PV-015,Hero Eco Deluxe 100,4990000,120,3,NO_INFORMA,credito,NO,Perdido
HX-00998,2026-04-03,Meta Ads,EMP-03,PV-013,Hero Xpulse 200,14990000,24,3,NO,no_informa,SI,Perdido
HX-00999,2026-04-15,WhatsApp,EMP-03,PV-013,Hero Eco Deluxe 100,4990000,8,7,NO,credito,NO,Perdido
HX-01000,2026-03-14,WhatsApp,EMP-01,PV-002,Hero Dash 110,6290000,48,5,SI,credito,NO,Perdido
HX-01001,2026-05-07,WhatsApp,EMP-03,PV-012,AKT Dynamic R3 125,5590000,4,1,NO,credito,NO,Perdido
HX-01002,2026-05-16,Meta Ads,EMP-03,PV-013,Bajaj Pulsar RS 200,15490000,16,4,NO_INFORMA,credito,NO,Perdido
HX-01003,2026-04-30,WhatsApp,EMP-03,PV-015,Hero Eco Deluxe 100,4990000,24,2,NO,credito,NO,Perdido
HX-01004,2026-06-27,Meta Ads,EMP-03,PV-011,Hero Xpulse 200,14990000,4,5,NO,credito,NO,Perdido
HX-01005,2026-06-14,Formulario Web,EMP-01,PV-003,Suzuki Best 125,6590000,,0,SI,contado,NO,Sin gestión
HX-01006,2026-05-25,WhatsApp,EMP-01,PV-005,Hero Eco Deluxe 100,4990000,1,3,NO_INFORMA,credito,SI,Perdido
HX-01007,2026-06-03,WhatsApp,EMP-01,PV-001,Honda XRE 300,22900000,0.5,1,NO_INFORMA,no_informa,NO,Perdido
HX-01008,2026-04-19,WhatsApp,EMP-03,PV-012,Bajaj Dominar 400,24900000,48,5,NO_INFORMA,no_informa,NO,Perdido
HX-01009,2026-03-25,WhatsApp,EMP-02,PV-010,Honda XRE 300,22900000,48,1,NO_INFORMA,credito,SI,Perdido
HX-01010,2026-06-20,WhatsApp,EMP-02,PV-006,Suzuki GN 125,7490000,48,5,NO_INFORMA,credito,SI,Perdido
HX-01011,2026-06-28,WhatsApp,EMP-03,PV-013,Hero Xpulse 200,14990000,48,5,SI,credito,SI,Perdido
HX-01012,2026-04-02,WhatsApp,EMP-02,PV-008,Hero Eco Deluxe 100,4990000,0.5,3,SI,contado,NO,Perdido
HX-01013,2026-04-02,Formulario Web,EMP-03,PV-015,AKT NKD 125,5290000,8,6,NO,no_informa,NO,Perdido
HX-01014,2026-04-07,WhatsApp,EMP-01,PV-002,Suzuki Best 125,6590000,24,7,SI,credito,SI,Perdido
HX-01015,2026-06-26,Meta Ads,EMP-03,PV-012,Suzuki GN 125,7490000,,0,NO_INFORMA,no_informa,SI,Sin gestión
HX-01016,2026-06-27,WhatsApp,EMP-01,PV-003,Honda Navi,7290000,4,5,SI,credito,SI,Perdido
HX-01017,2026-06-30,WhatsApp,EMP-03,PV-013,AKT Dynamic R3 125,5590000,48,3,SI,credito,NO,Perdido
HX-01018,2026-06-18,WhatsApp,EMP-03,PV-012,AKT Evo RS 150,7190000,4,2,NO,credito,NO,Perdido
HX-01019,2026-04-28,WhatsApp,EMP-03,PV-011,Hero Hunk 160R,10490000,1,1,NO,credito,SI,Perdido
HX-01020,2026-04-24,Formulario Web,EMP-01,PV-005,Hero Xpulse 200,14990000,16,6,NO_INFORMA,contado,NO,Perdido
HX-01021,2026-03-10,WhatsApp,EMP-03,PV-015,Hero Xpulse 200,14990000,8,5,NO,credito,NO,Perdido
HX-01022,2026-03-15,WhatsApp,EMP-02,PV-006,Bajaj Pulsar RS 200,15490000,24,3,SI,no_informa,SI,Perdido
HX-01023,2026-07-17,Meta Ads,EMP-03,PV-013,Hero Dash 110,6290000,2,3,NO_INFORMA,credito,SI,Perdido
HX-01024,2026-07-19,WhatsApp,EMP-01,PV-001,Hero Xpulse 200,14990000,8,6,SI,no_informa,NO,Cerrado
HX-01025,2026-07-21,WhatsApp,EMP-03,PV-011,Bajaj Boxer CT 100,5790000,120,4,SI,contado,SI,Perdido
HX-01026,2026-03-28,WhatsApp,EMP-02,PV-007,Suzuki Best 125,6590000,24,5,SI,credito,NO,Perdido
HX-01027,2026-06-02,Meta Ads,EMP-01,PV-005,Bajaj Pulsar RS 200,15490000,1,7,SI,credito,NO,Perdido
HX-01028,2026-03-10,WhatsApp,EMP-02,PV-009,Bajaj Discover 125,6990000,4,7,SI,credito,NO,Perdido
HX-01029,2026-04-13,Meta Ads,EMP-02,PV-007,Suzuki Best 125,6590000,48,3,SI,credito,SI,Perdido
HX-01030,2026-03-20,Formulario Web,EMP-03,PV-013,Honda XRE 300,22900000,24,6,SI,contado,SI,Perdido
HX-01031,2026-07-26,WhatsApp,EMP-01,PV-002,AKT TTR 200,9890000,0.5,6,NO,no_informa,SI,Cerrado
HX-01032,2026-04-09,WhatsApp,EMP-02,PV-006,Bajaj Discover 125,6990000,,0,SI,credito,NO,Sin gestión
HX-01033,2026-06-22,Meta Ads,EMP-02,PV-010,Hero Xpulse 200,14990000,2,7,NO_INFORMA,no_informa,SI,Perdido
HX-01034,2026-05-30,Meta Ads,EMP-03,PV-014,Bajaj Pulsar NS 125,8990000,1,5,NO_INFORMA,no_informa,NO,Perdido
HX-01035,2026-04-20,Meta Ads,EMP-03,PV-014,Suzuki GN 125,7490000,24,6,NO,contado,NO,Perdido
HX-01036,2026-05-11,Formulario Web,EMP-01,PV-005,AKT NKD 125,5290000,16,3,SI,contado,NO,Cerrado
HX-01037,2026-05-05,WhatsApp,EMP-01,PV-001,AKT NKD 125,5290000,2,2,NO,credito,NO,Perdido
HX-01038,2026-04-26,WhatsApp,EMP-01,PV-004,Bajaj Discover 125,6990000,48,4,NO,contado,NO,Perdido
HX-01039,2026-05-08,WhatsApp,EMP-02,PV-008,Bajaj Dominar 400,24900000,48,3,NO_INFORMA,contado,SI,Perdido
HX-01040,2026-06-03,Formulario Web,EMP-03,PV-013,Suzuki V-Strom 250,21900000,72,2,NO,credito,SI,Perdido
HX-01041,2026-04-19,Meta Ads,EMP-03,PV-014,Suzuki Best 125,6590000,2,1,NO,contado,NO,Perdido
HX-01042,2026-06-28,WhatsApp,EMP-01,PV-004,Bajaj Discover 125,6990000,48,7,SI,credito,NO,Perdido
HX-01043,2026-04-13,Formulario Web,EMP-03,PV-013,Honda CB 125F Twister,7990000,48,5,NO,contado,SI,Perdido
HX-01044,2026-07-11,WhatsApp,EMP-02,PV-010,Honda Dio 110,6890000,2,5,NO,credito,NO,Perdido
HX-01045,2026-07-27,WhatsApp,EMP-01,PV-002,Suzuki GN 125,7490000,4,2,NO,contado,NO,Perdido
HX-01046,2026-04-08,WhatsApp,EMP-02,PV-008,Honda XRE 300,22900000,4,4,NO,credito,NO,Perdido
HX-01047,2026-07-04,WhatsApp,EMP-02,PV-008,Suzuki V-Strom 250,21900000,24,2,SI,credito,NO,Perdido
HX-01048,2026-07-01,Meta Ads,EMP-02,PV-009,AKT NKD 125,5290000,16,4,NO,credito,NO,Perdido
HX-01049,2026-03-20,WhatsApp,EMP-01,PV-002,Bajaj Boxer CT 100,5790000,,0,NO,no_informa,NO,Sin gestión
HX-01050,2026-03-29,WhatsApp,EMP-01,PV-005,Hero Hunk 160R,10490000,24,7,SI,credito,NO,Perdido
HX-01051,2026-05-27,WhatsApp,EMP-03,PV-015,AKT TTR 200,9890000,72,6,NO_INFORMA,credito,NO,Perdido
HX-01052,2026-04-30,WhatsApp,EMP-03,PV-014,Honda CB 125F Twister,7990000,1,7,SI,credito,NO,Perdido
HX-01053,2026-03-06,Meta Ads,EMP-01,PV-004,Hero Hunk 160R,10490000,72,2,NO,credito,SI,Perdido
HX-01054,2026-07-07,Meta Ads,EMP-03,PV-012,Honda XR 150L,11490000,2,4,SI,credito,SI,Perdido
HX-01055,2026-06-22,WhatsApp,EMP-01,PV-004,Bajaj Pulsar RS 200,15490000,,0,NO_INFORMA,credito,NO,Sin gestión
HX-01056,2026-06-09,WhatsApp,EMP-01,PV-003,Bajaj Pulsar RS 200,15490000,72,5,SI,credito,NO,Perdido
HX-01057,2026-03-09,WhatsApp,EMP-02,PV-009,Bajaj Pulsar RS 200,15490000,2,5,SI,credito,NO,Perdido
HX-01058,2026-06-20,WhatsApp,EMP-03,PV-011,Honda XR 150L,11490000,8,2,NO_INFORMA,credito,NO,Perdido
HX-01059,2026-07-17,WhatsApp,EMP-02,PV-007,Hero Dash 110,6290000,4,2,SI,no_informa,NO,Perdido
HX-01060,2026-05-18,WhatsApp,EMP-01,PV-004,AKT Dynamic R3 125,5590000,16,6,SI,credito,SI,Perdido
HX-01061,2026-03-16,WhatsApp,EMP-03,PV-015,Suzuki Gixxer 150,11990000,16,7,NO,credito,SI,Perdido
HX-01062,2026-04-26,WhatsApp,EMP-03,PV-014,Bajaj Pulsar RS 200,15490000,48,1,NO,credito,SI,Perdido
HX-01063,2026-05-30,Meta Ads,EMP-01,PV-001,Honda XR 150L,11490000,8,7,NO_INFORMA,credito,NO,Perdido
HX-01064,2026-04-02,WhatsApp,EMP-02,PV-006,Honda Dio 110,6890000,8,4,NO,credito,NO,Perdido
HX-01065,2026-04-06,WhatsApp,EMP-02,PV-010,Honda CB 125F Twister,7990000,1,7,NO,no_informa,SI,Perdido
HX-01066,2026-03-24,Meta Ads,EMP-01,PV-002,Bajaj Pulsar RS 200,15490000,120,4,NO,credito,SI,Perdido
HX-01067,2026-05-06,Formulario Web,EMP-03,PV-012,Honda XRE 300,22900000,48,2,NO,contado,SI,Perdido
HX-01068,2026-03-08,Meta Ads,EMP-01,PV-001,Honda Navi,7290000,4,3,NO,contado,SI,Perdido
HX-01069,2026-05-06,WhatsApp,EMP-03,PV-012,AKT Evo RS 150,7190000,4,4,NO_INFORMA,credito,NO,Perdido
HX-01070,2026-06-25,WhatsApp,EMP-03,PV-013,AKT TTR 200,9890000,,0,NO_INFORMA,no_informa,NO,Sin gestión
HX-01071,2026-04-01,WhatsApp,EMP-03,PV-013,Bajaj Boxer CT 100,5790000,24,1,NO,credito,NO,Perdido
HX-01072,2026-07-19,WhatsApp,EMP-03,PV-013,Hero Xpulse 200,14990000,16,5,NO,contado,NO,Perdido
HX-01073,2026-06-09,WhatsApp,EMP-03,PV-015,Suzuki GN 125,7490000,1,7,SI,credito,SI,Perdido
HX-01074,2026-06-20,WhatsApp,EMP-01,PV-004,Honda XR 150L,11490000,72,2,NO,contado,NO,Perdido
HX-01075,2026-03-20,Meta Ads,EMP-03,PV-014,Hero Eco Deluxe 100,4990000,1,3,NO,credito,NO,Perdido
HX-01076,2026-06-25,WhatsApp,EMP-01,PV-005,AKT NKD 125,5290000,1,2,NO,credito,SI,Perdido
HX-01077,2026-04-06,WhatsApp,EMP-02,PV-008,AKT NKD 125,5290000,48,1,NO,no_informa,NO,Perdido
HX-01078,2026-06-27,WhatsApp,EMP-03,PV-012,Suzuki Gixxer 150,11990000,0.5,7,SI,credito,NO,Cerrado
HX-01079,2026-04-25,WhatsApp,EMP-03,PV-011,Hero Hunk 160R,10490000,24,4,NO,credito,NO,Perdido
HX-01080,2026-03-06,WhatsApp,EMP-01,PV-001,Honda XRE 300,22900000,,0,NO,credito,NO,Sin gestión
HX-01081,2026-03-13,Formulario Web,EMP-02,PV-010,Bajaj Boxer CT 100,5790000,,0,SI,no_informa,NO,Sin gestión
HX-01082,2026-05-21,WhatsApp,EMP-03,PV-011,Hero Eco Deluxe 100,4990000,72,7,NO,credito,NO,Perdido
HX-01083,2026-04-01,Formulario Web,EMP-02,PV-009,Bajaj Discover 125,6990000,48,4,NO_INFORMA,contado,SI,Perdido
HX-01084,2026-07-17,WhatsApp,EMP-01,PV-001,Honda Navi,7290000,8,6,NO,credito,NO,Perdido
HX-01085,2026-04-07,WhatsApp,EMP-03,PV-013,Honda XRE 300,22900000,2,2,NO,credito,SI,Perdido
HX-01086,2026-07-08,Meta Ads,EMP-01,PV-004,AKT NKD 125,5290000,24,7,SI,credito,NO,Perdido
HX-01087,2026-07-15,Meta Ads,EMP-01,PV-001,AKT Dynamic R3 125,5590000,48,6,NO_INFORMA,credito,NO,Perdido
HX-01088,2026-06-15,WhatsApp,EMP-02,PV-007,Honda Dio 110,6890000,1,4,NO_INFORMA,no_informa,NO,Perdido
HX-01089,2026-07-07,WhatsApp,EMP-01,PV-004,Suzuki V-Strom 250,21900000,1,7,NO,contado,NO,Perdido
HX-01090,2026-03-23,WhatsApp,EMP-03,PV-011,Hero Hunk 160R,10490000,16,6,SI,no_informa,NO,Perdido
HX-01091,2026-06-03,Meta Ads,EMP-03,PV-013,Hero Hunk 160R,10490000,0.5,7,NO_INFORMA,credito,NO,Perdido
HX-01092,2026-06-25,WhatsApp,EMP-01,PV-005,Suzuki Best 125,6590000,24,2,NO,credito,SI,Perdido
HX-01093,2026-07-24,Meta Ads,EMP-03,PV-012,Hero Eco Deluxe 100,4990000,0.5,2,SI,credito,NO,Perdido
HX-01094,2026-04-02,WhatsApp,EMP-03,PV-013,Honda Navi,7290000,48,4,SI,credito,SI,Perdido
HX-01095,2026-07-04,Meta Ads,EMP-03,PV-012,AKT NKD 125,5290000,4,5,NO_INFORMA,credito,NO,Perdido
HX-01096,2026-04-18,Meta Ads,EMP-03,PV-015,Bajaj Dominar 400,24900000,4,6,NO_INFORMA,credito,NO,Perdido
HX-01097,2026-06-25,WhatsApp,EMP-01,PV-001,AKT Evo RS 150,7190000,72,4,NO_INFORMA,no_informa,NO,Cerrado
HX-01098,2026-05-05,WhatsApp,EMP-02,PV-006,Honda Navi,7290000,120,4,NO_INFORMA,credito,NO,Perdido
HX-01099,2026-06-09,WhatsApp,EMP-03,PV-012,AKT TTR 200,9890000,2,5,NO_INFORMA,credito,NO,Perdido
HX-01100,2026-07-16,Formulario Web,EMP-03,PV-012,Honda Navi,7290000,2,2,SI,no_informa,NO,Perdido
HX-01101,2026-07-10,WhatsApp,EMP-02,PV-008,Bajaj Discover 125,6990000,16,7,SI,credito,NO,Perdido
HX-01102,2026-04-29,WhatsApp,EMP-03,PV-011,Suzuki V-Strom 250,21900000,1,6,NO_INFORMA,no_informa,NO,Perdido
HX-01103,2026-04-13,Meta Ads,EMP-02,PV-007,Bajaj Discover 125,6990000,72,1,SI,credito,SI,Perdido
HX-01104,2026-07-17,Meta Ads,EMP-01,PV-004,Hero Xpulse 200,14990000,4,1,NO_INFORMA,credito,NO,Perdido
HX-01105,2026-04-30,Formulario Web,EMP-01,PV-001,Bajaj Dominar 400,24900000,48,2,SI,credito,NO,Perdido
HX-01106,2026-07-01,WhatsApp,EMP-02,PV-009,Honda XR 150L,11490000,24,2,NO_INFORMA,contado,NO,Perdido
HX-01107,2026-05-17,Meta Ads,EMP-02,PV-010,Bajaj Pulsar RS 200,15490000,16,4,NO,credito,NO,Perdido
HX-01108,2026-04-12,Meta Ads,EMP-01,PV-004,Bajaj Dominar 400,24900000,0.5,1,SI,no_informa,NO,Perdido
HX-01109,2026-04-25,Meta Ads,EMP-01,PV-001,Hero Xpulse 200,14990000,1,2,NO_INFORMA,no_informa,NO,Cerrado
HX-01110,2026-03-26,WhatsApp,EMP-01,PV-005,Honda Dio 110,6890000,0.5,1,NO,credito,SI,Perdido
HX-01111,2026-06-08,Meta Ads,EMP-01,PV-001,Suzuki GN 125,7490000,24,7,NO_INFORMA,credito,NO,Perdido
HX-01112,2026-05-13,Formulario Web,EMP-01,PV-005,Bajaj Pulsar NS 125,8990000,16,4,NO,no_informa,NO,Perdido
HX-01113,2026-05-28,WhatsApp,EMP-01,PV-004,Honda CB 190R,13990000,8,4,SI,credito,NO,Perdido
HX-01114,2026-04-05,WhatsApp,EMP-01,PV-002,Hero Hunk 160R,10490000,72,2,NO_INFORMA,credito,NO,Cerrado
HX-01115,2026-05-09,WhatsApp,EMP-02,PV-008,Bajaj Pulsar NS 125,8990000,0.5,3,SI,credito,NO,Perdido
HX-01116,2026-06-13,WhatsApp,EMP-03,PV-015,Bajaj Boxer CT 100,5790000,,0,NO_INFORMA,credito,NO,Sin gestión
HX-01117,2026-05-28,WhatsApp,EMP-01,PV-001,Bajaj Boxer CT 100,5790000,8,3,SI,no_informa,SI,Perdido
HX-01118,2026-03-18,WhatsApp,EMP-03,PV-011,AKT Evo RS 150,7190000,120,2,NO,contado,SI,Perdido
HX-01119,2026-03-24,WhatsApp,EMP-02,PV-009,Suzuki V-Strom 250,21900000,4,4,NO,contado,NO,Perdido
HX-01120,2026-06-17,WhatsApp,EMP-02,PV-009,AKT TTR 200,9890000,48,7,NO,no_informa,NO,Perdido
HX-01121,2026-04-01,Meta Ads,EMP-03,PV-012,Hero Xpulse 200,14990000,8,1,SI,contado,NO,Perdido
HX-01122,2026-03-21,Meta Ads,EMP-01,PV-004,Bajaj Boxer CT 100,5790000,72,1,SI,no_informa,NO,Perdido
HX-01123,2026-05-27,Formulario Web,EMP-01,PV-001,Bajaj Pulsar NS 160,11290000,48,5,SI,credito,NO,Perdido
HX-01124,2026-06-09,Formulario Web,EMP-01,PV-004,Hero Dash 110,6290000,48,4,SI,credito,SI,Perdido
HX-01125,2026-05-03,Meta Ads,EMP-01,PV-002,AKT Evo RS 150,7190000,4,6,SI,credito,NO,Perdido
HX-01126,2026-07-05,WhatsApp,EMP-03,PV-014,Suzuki Gixxer 150,11990000,0.5,3,NO_INFORMA,credito,NO,Perdido
HX-01127,2026-04-04,Meta Ads,EMP-02,PV-010,Suzuki Gixxer 150,11990000,0.5,1,NO_INFORMA,contado,NO,Perdido
HX-01128,2026-07-13,WhatsApp,EMP-01,PV-003,AKT TTR 200,9890000,120,6,NO,credito,NO,Perdido
HX-01129,2026-03-02,WhatsApp,EMP-03,PV-011,Suzuki Best 125,6590000,2,4,NO,credito,NO,Perdido
HX-01130,2026-03-11,Meta Ads,EMP-02,PV-006,Hero Eco Deluxe 100,4990000,72,4,NO,credito,SI,Perdido
HX-01131,2026-07-19,WhatsApp,EMP-01,PV-001,Honda Dio 110,6890000,120,3,NO,credito,NO,Perdido
HX-01132,2026-04-30,Meta Ads,EMP-01,PV-005,AKT Evo RS 150,7190000,,0,NO_INFORMA,credito,NO,Sin gestión
HX-01133,2026-03-09,WhatsApp,EMP-01,PV-004,Honda XR 150L,11490000,48,5,NO_INFORMA,credito,SI,Perdido
HX-01134,2026-03-24,WhatsApp,EMP-03,PV-011,Bajaj Boxer CT 100,5790000,8,6,NO_INFORMA,credito,NO,Perdido
HX-01135,2026-03-19,WhatsApp,EMP-03,PV-012,Honda XR 150L,11490000,8,7,SI,credito,SI,Perdido
HX-01136,2026-05-05,WhatsApp,EMP-03,PV-011,Bajaj Boxer CT 100,5790000,72,6,NO,credito,NO,Perdido
HX-01137,2026-04-12,WhatsApp,EMP-02,PV-007,Honda CB 125F Twister,7990000,1,5,NO,credito,SI,Perdido
HX-01138,2026-03-05,WhatsApp,EMP-03,PV-012,Suzuki Best 125,6590000,0.5,5,SI,credito,NO,Perdido
HX-01139,2026-07-24,Meta Ads,EMP-03,PV-013,Bajaj Boxer CT 100,5790000,4,5,NO,no_informa,NO,Perdido
HX-01140,2026-07-11,Formulario Web,EMP-02,PV-010,Hero Xpulse 200,14990000,0.5,5,NO_INFORMA,credito,SI,Perdido
HX-01141,2026-04-20,Formulario Web,EMP-03,PV-013,AKT Evo RS 150,7190000,4,2,NO_INFORMA,contado,SI,Perdido
HX-01142,2026-04-19,Meta Ads,EMP-02,PV-007,AKT Evo RS 150,7190000,1,2,NO,credito,NO,Perdido
HX-01143,2026-05-02,Meta Ads,EMP-03,PV-011,Bajaj Pulsar NS 160,11290000,48,1,NO_INFORMA,credito,NO,Perdido
HX-01144,2026-07-03,Meta Ads,EMP-02,PV-006,Suzuki Gixxer 150,11990000,8,4,SI,no_informa,NO,Perdido
HX-01145,2026-04-20,Formulario Web,EMP-02,PV-007,Bajaj Pulsar NS 125,8990000,72,4,SI,contado,NO,Perdido
HX-01146,2026-04-28,WhatsApp,EMP-02,PV-009,Honda XR 150L,11490000,48,6,NO_INFORMA,credito,NO,Perdido
HX-01147,2026-05-06,WhatsApp,EMP-02,PV-009,Hero Xpulse 200,14990000,72,5,NO,contado,NO,Perdido
HX-01148,2026-05-29,WhatsApp,EMP-02,PV-006,Hero Dash 110,6290000,8,7,SI,credito,NO,Perdido
HX-01149,2026-07-05,Formulario Web,EMP-02,PV-006,Bajaj Pulsar NS 160,11290000,8,2,NO,credito,NO,Perdido
HX-01150,2026-03-26,WhatsApp,EMP-02,PV-007,Honda CB 125F Twister,7990000,2,3,NO,contado,NO,Cerrado
HX-01151,2026-05-22,WhatsApp,EMP-02,PV-007,Suzuki GN 125,7490000,8,2,SI,no_informa,SI,Cerrado
HX-01152,2026-04-07,Formulario Web,EMP-01,PV-003,Hero Eco Deluxe 100,4990000,120,3,NO_INFORMA,credito,NO,Perdido
HX-01153,2026-04-11,WhatsApp,EMP-02,PV-007,Bajaj Pulsar NS 160,11290000,2,4,NO_INFORMA,credito,NO,Cerrado
HX-01154,2026-04-08,WhatsApp,EMP-02,PV-006,Honda CB 125F Twister,7990000,2,6,NO,no_informa,NO,Perdido
HX-01155,2026-03-09,WhatsApp,EMP-03,PV-011,Hero Eco Deluxe 100,4990000,8,5,NO,credito,SI,Perdido
HX-01156,2026-05-16,WhatsApp,EMP-01,PV-001,AKT Evo RS 150,7190000,16,7,NO_INFORMA,credito,SI,Perdido
HX-01157,2026-07-11,WhatsApp,EMP-03,PV-015,AKT NKD 125,5290000,8,1,NO_INFORMA,contado,NO,Perdido
HX-01158,2026-03-28,WhatsApp,EMP-02,PV-006,Suzuki Gixxer 150,11990000,72,7,NO,credito,SI,Perdido
HX-01159,2026-07-09,Formulario Web,EMP-02,PV-010,AKT TTR 200,9890000,2,2,NO,credito,NO,Perdido
HX-01160,2026-04-07,Meta Ads,EMP-03,PV-014,Hero Dash 110,6290000,120,5,SI,credito,NO,Perdido
HX-01161,2026-03-20,WhatsApp,EMP-01,PV-001,AKT TTR 200,9890000,8,1,NO_INFORMA,credito,NO,Perdido
HX-01162,2026-05-09,Meta Ads,EMP-01,PV-005,Suzuki Best 125,6590000,1,3,SI,credito,NO,Perdido
HX-01163,2026-05-20,WhatsApp,EMP-01,PV-004,Bajaj Discover 125,6990000,24,7,SI,credito,NO,Perdido
HX-01164,2026-03-21,Meta Ads,EMP-01,PV-001,Honda CB 125F Twister,7990000,72,5,NO_INFORMA,credito,SI,Perdido
HX-01165,2026-03-04,Formulario Web,EMP-01,PV-003,Bajaj Pulsar NS 125,8990000,,0,SI,no_informa,NO,Sin gestión
HX-01166,2026-06-14,WhatsApp,EMP-02,PV-008,Hero Dash 110,6290000,120,2,NO_INFORMA,credito,NO,Perdido
HX-01167,2026-04-04,WhatsApp,EMP-03,PV-014,Hero Hunk 160R,10490000,72,6,NO_INFORMA,no_informa,NO,Perdido
HX-01168,2026-06-15,Meta Ads,EMP-03,PV-015,Bajaj Pulsar NS 160,11290000,48,1,NO,credito,NO,Perdido
HX-01169,2026-07-20,WhatsApp,EMP-03,PV-014,Honda CB 125F Twister,7990000,2,5,SI,credito,NO,Perdido
HX-01170,2026-04-04,Meta Ads,EMP-02,PV-007,Honda CB 190R,13990000,2,2,NO,contado,SI,Cerrado
HX-01171,2026-05-06,WhatsApp,EMP-03,PV-013,AKT Dynamic R3 125,5590000,1,2,NO,credito,SI,Perdido
HX-01172,2026-03-27,WhatsApp,EMP-01,PV-003,Honda Dio 110,6890000,,0,SI,no_informa,NO,Sin gestión
HX-01173,2026-05-26,WhatsApp,EMP-03,PV-015,AKT Dynamic R3 125,5590000,1,5,SI,no_informa,NO,Perdido
HX-01174,2026-04-11,WhatsApp,EMP-03,PV-012,Hero Hunk 160R,10490000,24,5,NO_INFORMA,credito,NO,Perdido
HX-01175,2026-07-04,Meta Ads,EMP-03,PV-015,AKT NKD 125,5290000,,0,NO_INFORMA,no_informa,NO,Sin gestión
HX-01176,2026-04-28,Formulario Web,EMP-02,PV-010,Suzuki Gixxer 150,11990000,16,6,NO,credito,SI,Perdido
HX-01177,2026-07-25,Meta Ads,EMP-02,PV-010,Bajaj Discover 125,6990000,48,3,SI,credito,NO,Perdido
HX-01178,2026-03-19,WhatsApp,EMP-02,PV-010,AKT Dynamic R3 125,5590000,0.5,4,SI,no_informa,NO,Perdido
HX-01179,2026-03-05,WhatsApp,EMP-02,PV-010,Suzuki GN 125,7490000,48,7,SI,credito,NO,Perdido
HX-01180,2026-05-15,WhatsApp,EMP-03,PV-012,AKT Dynamic R3 125,5590000,16,2,SI,contado,NO,Perdido
HX-01181,2026-04-30,WhatsApp,EMP-03,PV-014,Honda CB 190R,13990000,,0,NO,no_informa,NO,Sin gestión
HX-01182,2026-06-09,Meta Ads,EMP-02,PV-008,Honda CB 190R,13990000,48,3,NO,credito,NO,Perdido
HX-01183,2026-06-14,WhatsApp,EMP-03,PV-012,Suzuki Gixxer 150,11990000,0.5,6,NO_INFORMA,credito,NO,Perdido
HX-01184,2026-03-10,Meta Ads,EMP-03,PV-013,Suzuki GN 125,7490000,8,4,NO,credito,NO,Perdido
HX-01185,2026-04-24,Meta Ads,EMP-01,PV-005,Honda Dio 110,6890000,4,6,NO,credito,SI,Perdido
HX-01186,2026-05-19,Meta Ads,EMP-03,PV-012,Honda Dio 110,6890000,2,5,NO,credito,SI,Perdido
HX-01187,2026-07-04,Formulario Web,EMP-01,PV-002,Bajaj Discover 125,6990000,72,4,SI,credito,NO,Perdido
HX-01188,2026-06-10,WhatsApp,EMP-03,PV-013,Bajaj Boxer CT 100,5790000,72,2,SI,no_informa,NO,Perdido
HX-01189,2026-03-10,Meta Ads,EMP-01,PV-001,Honda XRE 300,22900000,24,2,SI,contado,NO,Perdido
HX-01190,2026-05-22,Meta Ads,EMP-01,PV-004,AKT NKD 125,5290000,0.5,6,NO_INFORMA,credito,NO,Perdido
HX-01191,2026-03-23,Meta Ads,EMP-01,PV-002,Bajaj Pulsar RS 200,15490000,24,4,NO,no_informa,NO,Perdido
HX-01192,2026-04-08,Formulario Web,EMP-03,PV-013,Bajaj Discover 125,6990000,1,2,SI,credito,NO,Perdido
HX-01193,2026-05-27,WhatsApp,EMP-01,PV-004,Bajaj Discover 125,6990000,72,6,NO,credito,NO,Perdido
HX-01194,2026-03-06,WhatsApp,EMP-02,PV-006,Honda Navi,7290000,2,3,NO,no_informa,SI,Perdido
HX-01195,2026-07-12,Meta Ads,EMP-01,PV-001,Honda XR 150L,11490000,1,1,NO,credito,NO,Perdido
HX-01196,2026-05-19,WhatsApp,EMP-03,PV-012,Honda Dio 110,6890000,120,7,NO,credito,NO,Perdido
HX-01197,2026-03-11,Meta Ads,EMP-03,PV-015,AKT TTR 200,9890000,24,6,NO,credito,NO,Perdido
HX-01198,2026-06-01,Meta Ads,EMP-03,PV-011,Bajaj Boxer CT 100,5790000,16,3,NO,contado,SI,Perdido
HX-01199,2026-07-14,WhatsApp,EMP-02,PV-009,Suzuki GN 125,7490000,48,5,NO,credito,NO,Perdido
HX-01200,2026-05-30,Meta Ads,EMP-02,PV-008,Hero Dash 110,6290000,,0,NO,contado,NO,Sin gestión
HX-01201,2026-06-16,Meta Ads,EMP-02,PV-008,Honda Navi,7290000,16,1,SI,credito,NO,Perdido
HX-01202,2026-06-27,WhatsApp,EMP-02,PV-006,Hero Dash 110,6290000,16,5,NO_INFORMA,no_informa,NO,Perdido
HX-01203,2026-04-09,Meta Ads,EMP-02,PV-009,Honda Navi,7290000,24,3,SI,credito,NO,Perdido
HX-01204,2026-04-22,WhatsApp,EMP-01,PV-003,Honda CB 125F Twister,7990000,2,5,NO_INFORMA,no_informa,NO,Perdido
HX-01205,2026-06-26,WhatsApp,EMP-01,PV-001,Honda CB 125F Twister,7990000,120,3,SI,no_informa,NO,Perdido
HX-01206,2026-06-27,WhatsApp,EMP-01,PV-004,Hero Dash 110,6290000,4,3,NO_INFORMA,contado,NO,Perdido
HX-01207,2026-06-07,WhatsApp,EMP-01,PV-005,Suzuki GN 125,7490000,24,1,NO_INFORMA,credito,SI,Perdido
HX-01208,2026-04-28,Meta Ads,EMP-01,PV-003,Bajaj Pulsar NS 125,8990000,0.5,6,NO_INFORMA,credito,NO,Perdido
HX-01209,2026-03-27,WhatsApp,EMP-03,PV-013,Suzuki GN 125,7490000,8,3,NO_INFORMA,credito,NO,Perdido
HX-01210,2026-06-03,Formulario Web,EMP-01,PV-001,Honda Dio 110,6890000,120,5,SI,credito,NO,Perdido
HX-01211,2026-03-17,WhatsApp,EMP-03,PV-014,Suzuki GN 125,7490000,1,1,NO,credito,NO,Perdido
HX-01212,2026-05-27,Formulario Web,EMP-03,PV-015,Hero Dash 110,6290000,4,1,SI,no_informa,NO,Perdido
HX-01213,2026-06-03,Formulario Web,EMP-01,PV-001,Honda CB 190R,13990000,,0,SI,credito,SI,Sin gestión
HX-01214,2026-03-16,WhatsApp,EMP-02,PV-009,Honda XR 150L,11490000,8,1,NO,credito,SI,Perdido
HX-01215,2026-07-22,Meta Ads,EMP-02,PV-007,Hero Xpulse 200,14990000,24,2,NO,no_informa,SI,Perdido
HX-01216,2026-06-30,WhatsApp,EMP-02,PV-010,Bajaj Pulsar NS 125,8990000,1,3,SI,credito,NO,Perdido
HX-01217,2026-04-28,Meta Ads,EMP-01,PV-005,AKT TTR 200,9890000,1,5,SI,contado,NO,Perdido
HX-01218,2026-04-08,WhatsApp,EMP-01,PV-001,Suzuki Best 125,6590000,1,4,NO,credito,NO,Perdido
HX-01219,2026-05-18,WhatsApp,EMP-02,PV-006,AKT Evo RS 150,7190000,24,1,NO,no_informa,NO,Perdido
HX-01220,2026-06-27,Meta Ads,EMP-03,PV-012,AKT Evo RS 150,7190000,24,5,SI,no_informa,NO,Perdido
HX-01221,2026-06-19,Meta Ads,EMP-02,PV-008,AKT Evo RS 150,7190000,16,3,SI,credito,NO,Perdido
HX-01222,2026-04-29,Formulario Web,EMP-03,PV-015,Honda Navi,7290000,0.5,2,SI,credito,NO,Perdido
HX-01223,2026-07-05,WhatsApp,EMP-02,PV-006,Honda XRE 300,22900000,,0,NO,credito,NO,Sin gestión
HX-01224,2026-07-19,Formulario Web,EMP-01,PV-005,Honda Dio 110,6890000,0.5,3,SI,no_informa,NO,Perdido
HX-01225,2026-07-18,Meta Ads,EMP-01,PV-005,AKT Evo RS 150,7190000,1,1,NO,no_informa,NO,Perdido
HX-01226,2026-04-17,Meta Ads,EMP-02,PV-007,Honda XR 150L,11490000,4,1,SI,credito,NO,Cerrado
HX-01227,2026-06-28,WhatsApp,EMP-03,PV-011,Honda CB 190R,13990000,24,6,SI,credito,NO,Perdido
HX-01228,2026-03-11,Meta Ads,EMP-02,PV-008,Hero Dash 110,6290000,24,2,SI,credito,NO,Perdido
HX-01229,2026-04-30,Meta Ads,EMP-03,PV-015,Bajaj Boxer CT 100,5790000,120,4,NO,credito,NO,Perdido
HX-01230,2026-05-07,Formulario Web,EMP-01,PV-001,Bajaj Pulsar NS 125,8990000,24,1,SI,no_informa,SI,Perdido
HX-01231,2026-03-13,Meta Ads,EMP-01,PV-002,AKT Evo RS 150,7190000,1,6,NO_INFORMA,credito,NO,Perdido
HX-01232,2026-04-23,WhatsApp,EMP-03,PV-012,Hero Xpulse 200,14990000,24,1,SI,credito,NO,Perdido
HX-01233,2026-05-07,Meta Ads,EMP-03,PV-011,AKT TTR 200,9890000,8,3,SI,credito,NO,Perdido
HX-01234,2026-05-15,Formulario Web,EMP-01,PV-004,Honda XR 150L,11490000,1,3,SI,credito,NO,Perdido
HX-01235,2026-07-10,WhatsApp,EMP-01,PV-004,Honda Dio 110,6890000,4,4,NO_INFORMA,credito,SI,Perdido
HX-01236,2026-03-09,WhatsApp,EMP-03,PV-013,Hero Eco Deluxe 100,4990000,120,4,NO,credito,SI,Perdido
HX-01237,2026-05-19,Meta Ads,EMP-01,PV-001,AKT Dynamic R3 125,5590000,48,4,NO_INFORMA,contado,NO,Perdido
HX-01238,2026-06-27,WhatsApp,EMP-03,PV-015,Suzuki Best 125,6590000,,0,SI,no_informa,NO,Sin gestión
HX-01239,2026-05-05,WhatsApp,EMP-03,PV-012,Bajaj Pulsar RS 200,15490000,8,6,SI,credito,NO,Cerrado
HX-01240,2026-04-21,Formulario Web,EMP-01,PV-001,AKT Evo RS 150,7190000,4,3,SI,credito,NO,Perdido
HX-01241,2026-05-14,Meta Ads,EMP-02,PV-007,AKT TTR 200,9890000,,0,NO,credito,SI,Sin gestión
HX-01242,2026-05-17,WhatsApp,EMP-02,PV-009,Hero Dash 110,6290000,48,6,NO_INFORMA,no_informa,NO,Perdido
HX-01243,2026-06-16,Formulario Web,EMP-01,PV-001,Hero Eco Deluxe 100,4990000,4,2,NO_INFORMA,contado,SI,Perdido
HX-01244,2026-06-02,Meta Ads,EMP-03,PV-013,Honda Navi,7290000,2,5,NO_INFORMA,credito,NO,Perdido
HX-01245,2026-04-26,WhatsApp,EMP-02,PV-007,Bajaj Pulsar RS 200,15490000,2,5,SI,credito,NO,Perdido
HX-01246,2026-07-01,WhatsApp,EMP-02,PV-009,AKT NKD 125,5290000,4,3,NO_INFORMA,credito,NO,Perdido
HX-01247,2026-04-07,Meta Ads,EMP-02,PV-009,Bajaj Dominar 400,24900000,8,3,SI,credito,SI,Perdido
HX-01248,2026-04-27,Formulario Web,EMP-01,PV-003,AKT Dynamic R3 125,5590000,8,1,SI,contado,SI,Cerrado
HX-01249,2026-06-07,Formulario Web,EMP-02,PV-009,Bajaj Discover 125,6990000,8,7,NO_INFORMA,credito,NO,Perdido
HX-01250,2026-05-29,Meta Ads,EMP-01,PV-004,Hero Dash 110,6290000,72,7,NO,contado,NO,Perdido
HX-01251,2026-04-10,Meta Ads,EMP-02,PV-010,Bajaj Pulsar NS 125,8990000,1,3,SI,credito,NO,Perdido
HX-01252,2026-06-04,Meta Ads,EMP-01,PV-001,Suzuki GN 125,7490000,48,7,NO_INFORMA,contado,SI,Perdido
HX-01253,2026-05-13,WhatsApp,EMP-03,PV-015,Hero Hunk 160R,10490000,4,3,NO_INFORMA,credito,NO,Perdido
HX-01254,2026-04-28,Meta Ads,EMP-03,PV-015,AKT Evo RS 150,7190000,4,1,SI,credito,SI,Perdido
HX-01255,2026-03-30,WhatsApp,EMP-02,PV-010,Honda CB 125F Twister,7990000,1,7,NO_INFORMA,credito,SI,Perdido
HX-01256,2026-06-24,WhatsApp,EMP-03,PV-014,AKT Evo RS 150,7190000,0.5,5,SI,credito,SI,Perdido
HX-01257,2026-05-31,WhatsApp,EMP-02,PV-010,Hero Dash 110,6290000,24,5,SI,credito,NO,Perdido
HX-01258,2026-05-17,Meta Ads,EMP-02,PV-010,Suzuki GN 125,7490000,1,4,SI,contado,NO,Perdido
HX-01259,2026-04-22,WhatsApp,EMP-01,PV-002,Bajaj Dominar 400,24900000,72,3,SI,contado,NO,Perdido
HX-01260,2026-04-17,WhatsApp,EMP-03,PV-014,Bajaj Discover 125,6990000,48,7,SI,credito,NO,Cerrado
HX-01261,2026-03-22,WhatsApp,EMP-03,PV-014,Hero Xpulse 200,14990000,1,2,NO_INFORMA,no_informa,NO,Perdido
HX-01262,2026-03-02,Formulario Web,EMP-01,PV-002,Bajaj Pulsar NS 125,8990000,120,7,SI,credito,NO,Perdido
HX-01263,2026-07-23,WhatsApp,EMP-03,PV-012,Hero Dash 110,6290000,4,1,NO_INFORMA,credito,NO,Perdido
HX-01264,2026-03-29,WhatsApp,EMP-02,PV-008,Suzuki GN 125,7490000,4,3,SI,credito,NO,Perdido
HX-01265,2026-04-26,WhatsApp,EMP-01,PV-001,AKT Evo RS 150,7190000,120,5,SI,credito,NO,Cerrado
HX-01266,2026-03-03,WhatsApp,EMP-03,PV-014,Honda CB 125F Twister,7990000,,0,NO_INFORMA,credito,SI,Sin gestión
HX-01267,2026-07-03,Meta Ads,EMP-01,PV-004,AKT Evo RS 150,7190000,4,7,NO,contado,NO,Perdido
HX-01268,2026-06-14,Meta Ads,EMP-03,PV-014,Honda Dio 110,6890000,1,7,NO_INFORMA,contado,SI,Perdido
HX-01269,2026-05-13,WhatsApp,EMP-02,PV-009,Bajaj Discover 125,6990000,1,1,NO_INFORMA,credito,SI,Perdido
HX-01270,2026-05-29,Meta Ads,EMP-03,PV-015,AKT TTR 200,9890000,8,6,SI,credito,NO,Perdido
HX-01271,2026-04-17,WhatsApp,EMP-01,PV-003,Honda Dio 110,6890000,,0,NO,credito,NO,Sin gestión
HX-01272,2026-05-27,WhatsApp,EMP-01,PV-004,Honda CB 190R,13990000,,0,NO_INFORMA,credito,NO,Sin gestión
HX-01273,2026-05-20,Formulario Web,EMP-01,PV-004,Bajaj Discover 125,6990000,24,7,NO,credito,NO,Perdido
HX-01274,2026-04-12,Meta Ads,EMP-03,PV-011,Hero Dash 110,6290000,4,2,NO_INFORMA,no_informa,NO,Perdido
HX-01275,2026-03-21,Formulario Web,EMP-01,PV-005,Hero Eco Deluxe 100,4990000,72,4,SI,contado,NO,Cerrado
HX-01276,2026-03-05,WhatsApp,EMP-03,PV-013,Honda XRE 300,22900000,72,3,SI,credito,NO,Perdido
HX-01277,2026-06-18,WhatsApp,EMP-01,PV-001,AKT TTR 200,9890000,4,6,SI,credito,NO,Perdido
HX-01278,2026-03-18,WhatsApp,EMP-01,PV-001,Suzuki GN 125,7490000,1,5,NO,no_informa,NO,Perdido
HX-01279,2026-06-13,Formulario Web,EMP-03,PV-011,Hero Eco Deluxe 100,4990000,2,7,NO_INFORMA,credito,NO,Perdido
HX-01280,2026-03-08,Formulario Web,EMP-03,PV-014,Suzuki V-Strom 250,21900000,72,5,NO_INFORMA,credito,SI,Perdido
HX-01281,2026-03-03,WhatsApp,EMP-01,PV-003,Hero Eco Deluxe 100,4990000,120,6,NO,no_informa,NO,Perdido
HX-01282,2026-06-03,WhatsApp,EMP-03,PV-014,Bajaj Pulsar NS 125,8990000,,0,NO,contado,NO,Sin gestión
HX-01283,2026-04-22,Meta Ads,EMP-01,PV-004,Honda Navi,7290000,8,1,SI,credito,NO,Perdido
HX-01284,2026-07-26,WhatsApp,EMP-01,PV-005,Suzuki GN 125,7490000,48,7,NO,credito,NO,Perdido
HX-01285,2026-03-07,Meta Ads,EMP-03,PV-015,Honda XRE 300,22900000,0.5,7,NO,credito,NO,Perdido
HX-01286,2026-04-26,WhatsApp,EMP-01,PV-004,Honda CB 125F Twister,7990000,24,6,SI,no_informa,NO,Perdido
HX-01287,2026-04-12,Meta Ads,EMP-02,PV-009,Bajaj Discover 125,6990000,16,6,NO,contado,NO,Perdido
HX-01288,2026-04-30,Meta Ads,EMP-03,PV-011,Hero Eco Deluxe 100,4990000,2,6,SI,credito,NO,Cerrado
HX-01289,2026-04-21,Meta Ads,EMP-02,PV-007,Honda CB 125F Twister,7990000,4,7,SI,contado,NO,Perdido
HX-01290,2026-06-13,Meta Ads,EMP-01,PV-005,Suzuki Best 125,6590000,72,1,SI,contado,NO,Perdido
HX-01291,2026-03-28,Formulario Web,EMP-03,PV-012,Bajaj Pulsar NS 125,8990000,,0,NO_INFORMA,credito,NO,Sin gestión
HX-01292,2026-03-21,WhatsApp,EMP-01,PV-002,Honda Dio 110,6890000,1,6,NO,contado,SI,Cerrado
HX-01293,2026-06-09,WhatsApp,EMP-01,PV-004,Bajaj Pulsar NS 160,11290000,72,3,NO,credito,SI,Perdido
HX-01294,2026-05-05,WhatsApp,EMP-03,PV-012,Honda Navi,7290000,24,3,NO,credito,SI,Perdido
HX-01295,2026-03-21,Meta Ads,EMP-02,PV-007,Honda Navi,7290000,8,6,NO_INFORMA,credito,NO,Perdido
HX-01296,2026-03-25,WhatsApp,EMP-03,PV-013,AKT Dynamic R3 125,5590000,1,7,SI,credito,NO,Perdido
HX-01297,2026-06-29,WhatsApp,EMP-01,PV-002,Hero Eco Deluxe 100,4990000,0.5,7,SI,contado,NO,Perdido
HX-01298,2026-04-23,WhatsApp,EMP-03,PV-013,Bajaj Pulsar NS 160,11290000,48,7,NO,credito,SI,Perdido
HX-01299,2026-04-06,Formulario Web,EMP-02,PV-010,Honda CB 190R,13990000,1,4,NO,no_informa,NO,Cerrado
HX-01300,2026-04-04,Meta Ads,EMP-01,PV-001,Bajaj Discover 125,6990000,24,6,NO,credito,SI,Perdido
HX-01301,2026-04-13,WhatsApp,EMP-03,PV-015,Hero Eco Deluxe 100,4990000,120,4,NO,credito,NO,Perdido
HX-01302,2026-05-06,Meta Ads,EMP-01,PV-002,Bajaj Pulsar NS 160,11290000,4,5,SI,no_informa,NO,Perdido
HX-01303,2026-04-09,WhatsApp,EMP-01,PV-004,Bajaj Pulsar NS 125,8990000,120,1,NO,no_informa,NO,Perdido
HX-01304,2026-03-17,Meta Ads,EMP-02,PV-006,Honda CB 190R,13990000,1,4,NO,credito,SI,Perdido
HX-01305,2026-07-19,WhatsApp,EMP-01,PV-003,Honda CB 190R,13990000,,0,NO,credito,NO,Sin gestión
HX-01306,2026-03-26,Formulario Web,EMP-03,PV-015,Honda CB 125F Twister,7990000,2,1,NO_INFORMA,credito,NO,Perdido
HX-01307,2026-05-02,WhatsApp,EMP-03,PV-014,Bajaj Boxer CT 100,5790000,2,6,SI,contado,SI,Perdido
HX-01308,2026-07-06,Formulario Web,EMP-02,PV-006,Suzuki GN 125,7490000,0.5,5,SI,credito,SI,Perdido
HX-01309,2026-07-07,WhatsApp,EMP-01,PV-004,Honda Dio 110,6890000,72,2,NO_INFORMA,credito,SI,Perdido
HX-01310,2026-05-27,Meta Ads,EMP-03,PV-014,Honda CB 190R,13990000,16,7,SI,contado,NO,Cerrado
HX-01311,2026-03-07,Formulario Web,EMP-03,PV-012,AKT TTR 200,9890000,0.5,6,NO_INFORMA,no_informa,SI,Perdido
HX-01312,2026-07-09,WhatsApp,EMP-02,PV-006,AKT NKD 125,5290000,72,2,SI,credito,NO,Perdido
HX-01313,2026-07-16,WhatsApp,EMP-02,PV-007,Honda XR 150L,11490000,8,2,NO,credito,NO,Perdido
HX-01314,2026-04-30,WhatsApp,EMP-03,PV-012,Honda XRE 300,22900000,48,6,SI,credito,SI,Perdido
HX-01315,2026-07-20,WhatsApp,EMP-02,PV-007,Honda Navi,7290000,120,5,NO_INFORMA,credito,NO,Perdido
HX-01316,2026-03-17,WhatsApp,EMP-02,PV-006,Honda CB 125F Twister,7990000,1,2,SI,no_informa,NO,Perdido
HX-01317,2026-04-20,WhatsApp,EMP-03,PV-011,Bajaj Boxer CT 100,5790000,72,6,NO_INFORMA,credito,NO,Perdido
HX-01318,2026-05-07,WhatsApp,EMP-03,PV-013,Honda CB 190R,13990000,16,2,SI,credito,NO,Perdido
HX-01319,2026-04-10,Meta Ads,EMP-03,PV-013,Bajaj Pulsar NS 125,8990000,1,7,NO,no_informa,NO,Cerrado
HX-01320,2026-03-04,WhatsApp,EMP-01,PV-003,AKT NKD 125,5290000,2,1,SI,credito,NO,Perdido
HX-01321,2026-04-19,Meta Ads,EMP-03,PV-015,AKT Evo RS 150,7190000,,0,SI,credito,SI,Sin gestión
HX-01322,2026-07-18,WhatsApp,EMP-03,PV-012,Honda XR 150L,11490000,8,1,SI,contado,NO,Perdido
HX-01323,2026-06-03,Meta Ads,EMP-03,PV-011,Bajaj Dominar 400,24900000,0.5,7,NO,credito,SI,Perdido
HX-01324,2026-03-22,Meta Ads,EMP-03,PV-011,Bajaj Discover 125,6990000,72,1,SI,credito,NO,Perdido
HX-01325,2026-05-22,WhatsApp,EMP-01,PV-005,Hero Hunk 160R,10490000,8,6,NO,credito,SI,Perdido
HX-01326,2026-04-18,Meta Ads,EMP-03,PV-013,Suzuki GN 125,7490000,120,5,SI,credito,NO,Perdido
HX-01327,2026-05-22,Meta Ads,EMP-02,PV-009,Bajaj Pulsar NS 125,8990000,,0,NO_INFORMA,credito,NO,Sin gestión
HX-01328,2026-03-29,WhatsApp,EMP-02,PV-006,Suzuki GN 125,7490000,72,4,SI,credito,NO,Perdido
HX-01329,2026-04-19,WhatsApp,EMP-02,PV-008,Bajaj Discover 125,6990000,120,6,NO_INFORMA,contado,SI,Perdido
HX-01330,2026-03-11,WhatsApp,EMP-02,PV-006,Bajaj Discover 125,6990000,8,5,SI,no_informa,NO,Perdido
HX-01331,2026-04-13,Formulario Web,EMP-02,PV-007,Suzuki Best 125,6590000,8,5,SI,no_informa,NO,Perdido
HX-01332,2026-06-16,Meta Ads,EMP-01,PV-002,Suzuki V-Strom 250,21900000,8,6,SI,credito,NO,Perdido
HX-01333,2026-04-17,Meta Ads,EMP-01,PV-005,Suzuki Best 125,6590000,2,1,SI,credito,SI,Perdido
HX-01334,2026-05-30,WhatsApp,EMP-03,PV-014,Suzuki Gixxer 150,11990000,4,7,NO,contado,SI,Perdido
HX-01335,2026-06-22,WhatsApp,EMP-02,PV-008,AKT Evo RS 150,7190000,2,7,SI,credito,NO,Perdido
HX-01336,2026-04-07,WhatsApp,EMP-01,PV-004,AKT Evo RS 150,7190000,1,3,NO,credito,NO,Perdido
HX-01337,2026-04-21,WhatsApp,EMP-03,PV-012,Honda Navi,7290000,2,1,SI,credito,NO,Perdido
HX-01338,2026-05-29,Formulario Web,EMP-01,PV-002,AKT Dynamic R3 125,5590000,72,7,SI,credito,NO,Perdido
HX-01339,2026-04-11,Meta Ads,EMP-02,PV-007,Honda CB 125F Twister,7990000,1,3,NO_INFORMA,credito,NO,Perdido
HX-01340,2026-05-26,Formulario Web,EMP-02,PV-010,Bajaj Pulsar NS 125,8990000,24,5,SI,no_informa,NO,Perdido
HX-01341,2026-03-01,Formulario Web,EMP-03,PV-015,Hero Eco Deluxe 100,4990000,2,7,NO,contado,NO,Perdido
HX-01342,2026-05-30,Meta Ads,EMP-01,PV-004,AKT NKD 125,5290000,16,7,NO,credito,SI,Perdido
HX-01343,2026-06-04,Meta Ads,EMP-01,PV-002,Bajaj Discover 125,6990000,72,2,NO,contado,NO,Perdido
HX-01344,2026-07-26,Formulario Web,EMP-01,PV-005,Suzuki Best 125,6590000,120,7,NO_INFORMA,credito,SI,Perdido
HX-01345,2026-03-01,Meta Ads,EMP-02,PV-009,Bajaj Pulsar RS 200,15490000,2,2,NO_INFORMA,credito,SI,Perdido
HX-01346,2026-05-28,WhatsApp,EMP-01,PV-001,Honda Navi,7290000,72,3,NO,contado,NO,Perdido
HX-01347,2026-07-26,Meta Ads,EMP-01,PV-003,Honda Dio 110,6890000,8,2,SI,credito,NO,Perdido
HX-01348,2026-03-19,Meta Ads,EMP-02,PV-010,Suzuki V-Strom 250,21900000,24,6,NO,credito,SI,Perdido
HX-01349,2026-04-08,WhatsApp,EMP-02,PV-007,Honda Navi,7290000,8,2,NO_INFORMA,credito,NO,Perdido
HX-01350,2026-07-13,Meta Ads,EMP-02,PV-009,Suzuki Best 125,6590000,2,1,NO_INFORMA,credito,NO,Perdido
HX-01351,2026-07-03,WhatsApp,EMP-01,PV-003,Bajaj Pulsar RS 200,15490000,2,3,SI,credito,NO,Cerrado
HX-01352,2026-04-30,WhatsApp,EMP-01,PV-002,Suzuki Best 125,6590000,0.5,4,NO,credito,NO,Perdido
HX-01353,2026-06-08,Meta Ads,EMP-01,PV-003,Bajaj Discover 125,6990000,0.5,7,NO_INFORMA,no_informa,NO,Perdido
HX-01354,2026-05-30,Meta Ads,EMP-02,PV-007,Suzuki V-Strom 250,21900000,8,7,SI,credito,NO,Perdido
HX-01355,2026-06-08,Meta Ads,EMP-02,PV-008,Suzuki GN 125,7490000,16,5,SI,credito,SI,Perdido
HX-01356,2026-05-19,Formulario Web,EMP-01,PV-004,AKT TTR 200,9890000,2,1,NO_INFORMA,no_informa,NO,Perdido
HX-01357,2026-05-14,WhatsApp,EMP-03,PV-015,Honda XRE 300,22900000,16,1,NO_INFORMA,credito,NO,Perdido
HX-01358,2026-06-20,Formulario Web,EMP-01,PV-003,Honda XR 150L,11490000,4,1,SI,credito,SI,Perdido
HX-01359,2026-05-05,WhatsApp,EMP-03,PV-011,Honda Dio 110,6890000,24,5,SI,credito,NO,Perdido
HX-01360,2026-06-01,WhatsApp,EMP-01,PV-004,Honda XRE 300,22900000,,0,NO_INFORMA,credito,NO,Sin gestión
HX-01361,2026-05-22,Formulario Web,EMP-01,PV-001,Suzuki Best 125,6590000,8,1,SI,credito,NO,Perdido
HX-01362,2026-04-26,WhatsApp,EMP-01,PV-001,AKT Dynamic R3 125,5590000,,0,NO,credito,SI,Sin gestión
HX-01363,2026-06-08,WhatsApp,EMP-03,PV-014,Hero Dash 110,6290000,120,3,NO,no_informa,NO,Perdido
HX-01364,2026-05-10,WhatsApp,EMP-02,PV-009,Hero Hunk 160R,10490000,4,1,NO_INFORMA,contado,NO,Cerrado
HX-01365,2026-03-22,Meta Ads,EMP-02,PV-006,Suzuki GN 125,7490000,1,4,SI,contado,NO,Perdido
HX-01366,2026-07-10,WhatsApp,EMP-03,PV-014,AKT Dynamic R3 125,5590000,0.5,4,SI,no_informa,SI,Perdido
HX-01367,2026-05-11,Meta Ads,EMP-02,PV-008,Bajaj Boxer CT 100,5790000,24,4,NO_INFORMA,credito,NO,Perdido
HX-01368,2026-03-04,WhatsApp,EMP-02,PV-008,Suzuki Gixxer 150,11990000,0.5,4,NO_INFORMA,credito,NO,Cerrado
HX-01369,2026-05-25,WhatsApp,EMP-03,PV-012,Hero Eco Deluxe 100,4990000,4,1,NO,credito,NO,Perdido
HX-01370,2026-03-25,WhatsApp,EMP-03,PV-013,Bajaj Boxer CT 100,5790000,,0,SI,credito,NO,Sin gestión
HX-01371,2026-06-20,WhatsApp,EMP-02,PV-007,Bajaj Pulsar RS 200,15490000,8,5,SI,credito,SI,Perdido
HX-01372,2026-07-18,WhatsApp,EMP-03,PV-013,Suzuki GN 125,7490000,24,6,NO_INFORMA,credito,NO,Perdido
HX-01373,2026-03-08,Meta Ads,EMP-02,PV-009,AKT Dynamic R3 125,5590000,,0,NO_INFORMA,credito,NO,Sin gestión
HX-01374,2026-04-05,WhatsApp,EMP-01,PV-005,Bajaj Pulsar RS 200,15490000,1,5,SI,credito,NO,Perdido
HX-01375,2026-07-23,Meta Ads,EMP-01,PV-001,Honda CB 125F Twister,7990000,2,3,NO,no_informa,SI,Cerrado
HX-01376,2026-03-03,Meta Ads,EMP-03,PV-015,AKT NKD 125,5290000,4,3,SI,contado,NO,Perdido
HX-01377,2026-07-20,WhatsApp,EMP-02,PV-008,Honda XRE 300,22900000,24,5,NO_INFORMA,credito,NO,Perdido
HX-01378,2026-03-11,WhatsApp,EMP-02,PV-009,Bajaj Pulsar NS 160,11290000,48,1,NO_INFORMA,credito,NO,Cerrado
HX-01379,2026-03-05,Meta Ads,EMP-03,PV-015,Hero Dash 110,6290000,72,1,NO_INFORMA,credito,NO,Perdido
HX-01380,2026-07-04,Meta Ads,EMP-03,PV-015,Bajaj Boxer CT 100,5790000,24,3,SI,contado,NO,Perdido
HX-01381,2026-03-18,Formulario Web,EMP-02,PV-006,Honda Dio 110,6890000,120,7,NO,contado,NO,Perdido
HX-01382,2026-06-11,Formulario Web,EMP-01,PV-002,Bajaj Pulsar NS 125,8990000,48,3,NO_INFORMA,contado,NO,Perdido
HX-01383,2026-03-11,Meta Ads,EMP-01,PV-005,Bajaj Discover 125,6990000,4,7,NO,credito,NO,Perdido
HX-01384,2026-06-25,WhatsApp,EMP-03,PV-014,Hero Dash 110,6290000,,0,NO,credito,NO,Sin gestión
HX-01385,2026-06-30,Meta Ads,EMP-03,PV-011,Bajaj Dominar 400,24900000,24,1,NO_INFORMA,credito,SI,Perdido
HX-01386,2026-05-27,Meta Ads,EMP-01,PV-005,Bajaj Pulsar RS 200,15490000,24,6,NO_INFORMA,credito,NO,Perdido
HX-01387,2026-06-04,Meta Ads,EMP-01,PV-005,Suzuki Gixxer 150,11990000,2,1,SI,no_informa,SI,Cerrado
HX-01388,2026-03-15,Meta Ads,EMP-03,PV-011,Honda Navi,7290000,72,3,SI,no_informa,NO,Perdido
HX-01389,2026-05-04,Meta Ads,EMP-01,PV-001,Suzuki GN 125,7490000,8,3,NO_INFORMA,credito,NO,Perdido
HX-01390,2026-04-12,WhatsApp,EMP-01,PV-004,Bajaj Dominar 400,24900000,48,1,SI,no_informa,SI,Cerrado
HX-01391,2026-07-15,WhatsApp,EMP-03,PV-012,Suzuki Best 125,6590000,72,6,SI,credito,NO,Perdido
HX-01392,2026-04-25,Meta Ads,EMP-03,PV-015,AKT TTR 200,9890000,72,4,NO_INFORMA,credito,NO,Perdido
HX-01393,2026-07-26,WhatsApp,EMP-03,PV-013,Bajaj Pulsar RS 200,15490000,48,7,SI,credito,NO,Perdido
HX-01394,2026-07-04,Meta Ads,EMP-02,PV-010,AKT Evo RS 150,7190000,2,2,NO_INFORMA,contado,SI,Perdido
HX-01395,2026-05-19,WhatsApp,EMP-03,PV-012,Suzuki Best 125,6590000,1,2,SI,no_informa,NO,Perdido
HX-01396,2026-06-10,Meta Ads,EMP-02,PV-006,Bajaj Pulsar RS 200,15490000,72,5,SI,credito,SI,Perdido
HX-01397,2026-03-07,WhatsApp,EMP-03,PV-013,Honda Dio 110,6890000,4,6,NO_INFORMA,contado,NO,Perdido
HX-01398,2026-04-08,WhatsApp,EMP-01,PV-002,Bajaj Pulsar RS 200,15490000,,0,SI,credito,NO,Sin gestión
HX-01399,2026-05-24,WhatsApp,EMP-03,PV-012,Bajaj Dominar 400,24900000,48,1,SI,credito,NO,Perdido
HX-01400,2026-04-20,WhatsApp,EMP-01,PV-001,Suzuki Gixxer 150,11990000,,0,NO_INFORMA,credito,NO,Sin gestión
HX-01401,2026-07-19,Formulario Web,EMP-03,PV-011,Suzuki Best 125,6590000,8,7,SI,no_informa,SI,Cerrado
HX-01402,2026-04-08,Meta Ads,EMP-02,PV-010,Suzuki Best 125,6590000,0.5,5,NO_INFORMA,contado,SI,Cerrado
HX-01403,2026-05-30,WhatsApp,EMP-02,PV-006,Suzuki Gixxer 150,11990000,120,5,NO_INFORMA,contado,NO,Perdido
HX-01404,2026-07-02,Meta Ads,EMP-02,PV-006,AKT Dynamic R3 125,5590000,1,7,SI,credito,NO,Perdido
HX-01405,2026-04-12,WhatsApp,EMP-03,PV-014,Honda XRE 300,22900000,120,1,NO,contado,SI,Perdido
HX-01406,2026-03-18,Meta Ads,EMP-02,PV-008,Bajaj Dominar 400,24900000,120,6,SI,credito,SI,Perdido
HX-01407,2026-04-05,WhatsApp,EMP-03,PV-012,Bajaj Dominar 400,24900000,1,7,SI,no_informa,NO,Perdido
HX-01408,2026-03-15,Formulario Web,EMP-02,PV-010,Bajaj Pulsar RS 200,15490000,16,2,SI,contado,SI,Perdido
HX-01409,2026-07-21,Formulario Web,EMP-02,PV-006,Hero Dash 110,6290000,0.5,7,SI,no_informa,NO,Cerrado
HX-01410,2026-03-11,WhatsApp,EMP-02,PV-006,Suzuki GN 125,7490000,1,1,NO_INFORMA,credito,NO,Perdido
HX-01411,2026-06-13,Meta Ads,EMP-02,PV-007,Suzuki Best 125,6590000,48,1,SI,credito,NO,Perdido
HX-01412,2026-07-07,WhatsApp,EMP-03,PV-012,Bajaj Discover 125,6990000,0.5,1,SI,credito,NO,Perdido
HX-01413,2026-06-09,WhatsApp,EMP-01,PV-002,AKT NKD 125,5290000,120,2,SI,credito,NO,Perdido
HX-01414,2026-06-03,Meta Ads,EMP-03,PV-015,Hero Xpulse 200,14990000,4,4,NO,credito,SI,Perdido
HX-01415,2026-05-24,WhatsApp,EMP-03,PV-011,Hero Hunk 160R,10490000,2,5,NO,credito,NO,Perdido
HX-01416,2026-07-04,Meta Ads,EMP-03,PV-012,Suzuki GN 125,7490000,4,4,NO,credito,SI,Cerrado
HX-01417,2026-06-06,WhatsApp,EMP-02,PV-006,Bajaj Pulsar NS 125,8990000,120,4,NO,contado,NO,Perdido
HX-01418,2026-04-06,Formulario Web,EMP-02,PV-007,Honda Navi,7290000,120,2,NO_INFORMA,contado,NO,Perdido
HX-01419,2026-07-11,Meta Ads,EMP-02,PV-010,AKT Evo RS 150,7190000,120,3,SI,credito,SI,Perdido
HX-01420,2026-05-22,WhatsApp,EMP-03,PV-013,Honda XR 150L,11490000,24,5,NO_INFORMA,contado,NO,Cerrado
HX-01421,2026-06-02,Meta Ads,EMP-01,PV-001,Hero Eco Deluxe 100,4990000,16,7,NO,credito,SI,Perdido
HX-01422,2026-05-23,WhatsApp,EMP-03,PV-011,Hero Xpulse 200,14990000,2,4,SI,credito,NO,Perdido
HX-01423,2026-05-08,Formulario Web,EMP-03,PV-014,AKT Dynamic R3 125,5590000,,0,NO,credito,NO,Sin gestión
HX-01424,2026-05-29,Formulario Web,EMP-02,PV-010,Bajaj Discover 125,6990000,1,6,NO,credito,SI,Perdido
HX-01425,2026-06-06,Meta Ads,EMP-01,PV-005,Bajaj Pulsar NS 125,8990000,24,5,SI,no_informa,NO,Perdido
HX-01426,2026-07-04,Meta Ads,EMP-03,PV-011,Bajaj Pulsar NS 160,11290000,24,3,SI,credito,NO,Perdido
HX-01427,2026-07-17,Meta Ads,EMP-01,PV-004,Honda Dio 110,6890000,48,1,NO,credito,SI,Perdido
HX-01428,2026-05-26,Meta Ads,EMP-01,PV-005,Honda CB 190R,13990000,,0,SI,credito,NO,Sin gestión
HX-01429,2026-05-28,WhatsApp,EMP-01,PV-005,Suzuki Gixxer 150,11990000,24,6,SI,credito,SI,Perdido
HX-01430,2026-06-04,Formulario Web,EMP-01,PV-002,Bajaj Pulsar NS 160,11290000,,0,NO_INFORMA,credito,NO,Sin gestión
HX-01431,2026-04-15,Meta Ads,EMP-03,PV-011,Honda CB 190R,13990000,24,2,NO,contado,NO,Perdido
HX-01432,2026-07-08,Meta Ads,EMP-01,PV-002,Honda CB 190R,13990000,72,7,NO_INFORMA,credito,SI,Cerrado
HX-01433,2026-04-20,WhatsApp,EMP-01,PV-003,Bajaj Discover 125,6990000,,0,SI,credito,SI,Sin gestión
HX-01434,2026-07-17,WhatsApp,EMP-03,PV-011,Hero Eco Deluxe 100,4990000,4,1,SI,credito,NO,Perdido
HX-01435,2026-07-20,Meta Ads,EMP-01,PV-005,Honda XR 150L,11490000,4,1,NO_INFORMA,no_informa,NO,Perdido
HX-01436,2026-03-12,WhatsApp,EMP-02,PV-008,AKT NKD 125,5290000,0.5,4,NO,credito,NO,Perdido
HX-01437,2026-04-27,Meta Ads,EMP-02,PV-007,Bajaj Boxer CT 100,5790000,72,7,SI,credito,SI,Perdido
HX-01438,2026-06-06,Meta Ads,EMP-02,PV-010,Hero Hunk 160R,10490000,2,2,NO_INFORMA,contado,NO,Perdido
HX-01439,2026-04-05,Formulario Web,EMP-02,PV-007,Bajaj Pulsar RS 200,15490000,16,3,NO,credito,NO,Perdido
HX-01440,2026-06-08,Meta Ads,EMP-03,PV-011,Bajaj Pulsar NS 125,8990000,24,3,NO,no_informa,NO,Perdido
HX-01441,2026-05-10,WhatsApp,EMP-01,PV-001,Bajaj Dominar 400,24900000,,0,SI,credito,SI,Sin gestión
HX-01442,2026-04-26,WhatsApp,EMP-02,PV-010,Honda Dio 110,6890000,2,1,NO,credito,SI,Perdido
HX-01443,2026-03-07,WhatsApp,EMP-03,PV-011,Bajaj Pulsar RS 200,15490000,48,2,NO_INFORMA,contado,NO,Cerrado
HX-01444,2026-03-21,WhatsApp,EMP-03,PV-015,Suzuki Gixxer 150,11990000,48,4,NO,contado,NO,Perdido
HX-01445,2026-05-10,Formulario Web,EMP-01,PV-001,Bajaj Boxer CT 100,5790000,24,2,NO_INFORMA,credito,NO,Perdido
HX-01446,2026-07-24,Meta Ads,EMP-02,PV-007,Hero Dash 110,6290000,4,5,NO,no_informa,SI,Perdido
HX-01447,2026-07-19,WhatsApp,EMP-01,PV-005,Bajaj Dominar 400,24900000,24,4,NO,no_informa,NO,Perdido
HX-01448,2026-04-18,Meta Ads,EMP-02,PV-006,Honda XR 150L,11490000,1,3,NO_INFORMA,credito,NO,Cerrado
HX-01449,2026-06-08,WhatsApp,EMP-03,PV-014,AKT Evo RS 150,7190000,24,3,NO,credito,NO,Perdido
HX-01450,2026-07-17,Formulario Web,EMP-01,PV-004,AKT NKD 125,5290000,72,2,SI,credito,NO,Perdido
HX-01451,2026-07-07,Meta Ads,EMP-03,PV-014,AKT NKD 125,5290000,24,7,SI,contado,SI,Perdido
HX-01452,2026-03-11,WhatsApp,EMP-02,PV-008,Hero Hunk 160R,10490000,1,1,SI,credito,NO,Perdido
HX-01453,2026-05-14,WhatsApp,EMP-02,PV-008,Honda XR 150L,11490000,8,4,NO_INFORMA,credito,NO,Perdido
HX-01454,2026-03-06,Meta Ads,EMP-01,PV-004,Bajaj Pulsar RS 200,15490000,2,7,NO,no_informa,NO,Cerrado
HX-01455,2026-06-21,WhatsApp,EMP-01,PV-001,Honda CB 125F Twister,7990000,16,6,NO,no_informa,NO,Perdido
HX-01456,2026-04-20,Formulario Web,EMP-02,PV-006,Hero Dash 110,6290000,0.5,5,NO,credito,NO,Perdido
HX-01457,2026-07-22,Meta Ads,EMP-01,PV-004,Suzuki V-Strom 250,21900000,72,7,NO,contado,SI,Perdido
HX-01458,2026-06-06,Meta Ads,EMP-01,PV-002,Honda CB 125F Twister,7990000,8,2,SI,credito,NO,Perdido
HX-01459,2026-04-07,WhatsApp,EMP-03,PV-014,Honda Dio 110,6890000,4,6,NO,credito,SI,Cerrado
HX-01460,2026-03-25,Meta Ads,EMP-03,PV-012,AKT Dynamic R3 125,5590000,48,7,SI,credito,NO,Perdido
HX-01461,2026-03-21,Formulario Web,EMP-02,PV-006,Hero Dash 110,6290000,1,6,SI,credito,NO,Perdido
HX-01462,2026-06-11,Meta Ads,EMP-02,PV-009,Bajaj Pulsar NS 160,11290000,8,1,NO,no_informa,NO,Perdido
HX-01463,2026-06-07,Meta Ads,EMP-01,PV-005,Suzuki GN 125,7490000,120,5,SI,credito,NO,Perdido
HX-01464,2026-05-29,WhatsApp,EMP-01,PV-002,Hero Hunk 160R,10490000,0.5,4,SI,contado,SI,Perdido
HX-01465,2026-07-25,Meta Ads,EMP-01,PV-001,Honda Navi,7290000,48,1,NO,credito,NO,Perdido
HX-01466,2026-04-20,Meta Ads,EMP-02,PV-008,Honda XRE 300,22900000,16,7,NO,credito,SI,Perdido
HX-01467,2026-06-15,WhatsApp,EMP-01,PV-005,Suzuki Best 125,6590000,,0,NO_INFORMA,credito,SI,Sin gestión
HX-01468,2026-04-09,Formulario Web,EMP-03,PV-012,Hero Xpulse 200,14990000,24,7,NO_INFORMA,credito,SI,Perdido
HX-01469,2026-03-18,Formulario Web,EMP-03,PV-011,Bajaj Pulsar NS 125,8990000,4,1,SI,no_informa,NO,Perdido
HX-01470,2026-04-27,WhatsApp,EMP-02,PV-010,AKT Dynamic R3 125,5590000,24,6,SI,credito,SI,Perdido
HX-01471,2026-03-12,Meta Ads,EMP-03,PV-015,Honda CB 125F Twister,7990000,0.5,1,NO,contado,SI,Perdido
HX-01472,2026-03-27,WhatsApp,EMP-03,PV-011,Bajaj Pulsar NS 125,8990000,16,2,NO,credito,SI,Perdido
HX-01473,2026-06-22,WhatsApp,EMP-03,PV-011,AKT NKD 125,5290000,,0,SI,no_informa,NO,Sin gestión
HX-01474,2026-06-25,Meta Ads,EMP-02,PV-006,Honda CB 125F Twister,7990000,16,7,NO_INFORMA,credito,SI,Perdido
HX-01475,2026-03-30,Formulario Web,EMP-02,PV-010,AKT Dynamic R3 125,5590000,2,5,SI,credito,SI,Perdido
HX-01476,2026-06-04,WhatsApp,EMP-01,PV-003,AKT Dynamic R3 125,5590000,1,5,NO,no_informa,NO,Perdido
HX-01477,2026-06-24,WhatsApp,EMP-03,PV-014,Suzuki Best 125,6590000,16,2,NO_INFORMA,credito,NO,Perdido
HX-01478,2026-07-26,WhatsApp,EMP-03,PV-012,Bajaj Dominar 400,24900000,4,7,SI,credito,NO,Perdido
HX-01479,2026-07-05,Formulario Web,EMP-02,PV-007,Hero Hunk 160R,10490000,48,2,SI,credito,NO,Perdido
HX-01480,2026-04-03,WhatsApp,EMP-02,PV-008,Bajaj Pulsar RS 200,15490000,,0,NO,credito,NO,Sin gestión
HX-01481,2026-06-23,WhatsApp,EMP-01,PV-002,AKT NKD 125,5290000,2,3,NO_INFORMA,credito,NO,Perdido
HX-01482,2026-06-30,WhatsApp,EMP-01,PV-003,Hero Dash 110,6290000,24,6,SI,credito,NO,Perdido
HX-01483,2026-06-12,WhatsApp,EMP-01,PV-001,Suzuki Best 125,6590000,72,3,SI,no_informa,NO,Cerrado
HX-01484,2026-07-24,Meta Ads,EMP-01,PV-004,Bajaj Pulsar NS 125,8990000,72,7,SI,no_informa,SI,Perdido
HX-01485,2026-03-30,Meta Ads,EMP-03,PV-014,Suzuki V-Strom 250,21900000,,0,SI,no_informa,NO,Sin gestión
HX-01486,2026-06-15,WhatsApp,EMP-01,PV-003,Bajaj Pulsar NS 160,11290000,16,2,NO_INFORMA,credito,NO,Perdido
HX-01487,2026-04-11,WhatsApp,EMP-02,PV-007,Honda XRE 300,22900000,2,3,SI,credito,NO,Perdido
HX-01488,2026-06-20,Meta Ads,EMP-02,PV-006,Honda CB 125F Twister,7990000,48,1,NO,credito,NO,Perdido
HX-01489,2026-03-23,Formulario Web,EMP-03,PV-014,Honda CB 190R,13990000,16,6,SI,contado,NO,Perdido
HX-01490,2026-03-08,Formulario Web,EMP-02,PV-009,Honda CB 190R,13990000,2,2,SI,credito,SI,Perdido
HX-01491,2026-06-26,WhatsApp,EMP-02,PV-006,Suzuki Best 125,6590000,24,6,SI,no_informa,NO,Perdido
HX-01492,2026-04-15,Meta Ads,EMP-02,PV-010,Bajaj Pulsar NS 160,11290000,0.5,1,NO,credito,NO,Perdido
HX-01493,2026-04-02,WhatsApp,EMP-01,PV-003,AKT NKD 125,5290000,72,1,SI,credito,SI,Perdido
HX-01494,2026-04-02,Meta Ads,EMP-01,PV-004,Honda CB 190R,13990000,1,6,NO_INFORMA,credito,SI,Perdido
HX-01495,2026-04-27,Formulario Web,EMP-03,PV-011,AKT Dynamic R3 125,5590000,24,5,NO,credito,NO,Cerrado
HX-01496,2026-06-15,WhatsApp,EMP-03,PV-015,Hero Xpulse 200,14990000,72,5,SI,no_informa,NO,Perdido
HX-01497,2026-03-29,Formulario Web,EMP-01,PV-002,Bajaj Pulsar RS 200,15490000,2,7,SI,credito,SI,Perdido
HX-01498,2026-07-01,Meta Ads,EMP-02,PV-007,Honda XRE 300,22900000,,0,NO_INFORMA,contado,NO,Sin gestión
HX-01499,2026-04-02,Meta Ads,EMP-01,PV-002,Suzuki Gixxer 150,11990000,16,1,NO_INFORMA,contado,NO,Cerrado
HX-01500,2026-07-20,WhatsApp,EMP-03,PV-013,Honda XR 150L,11490000,4,1,NO,no_informa,NO,Perdido
HX-01501,2026-03-02,Meta Ads,EMP-01,PV-002,Suzuki Gixxer 150,11990000,2,4,NO,credito,SI,Perdido
HX-01502,2026-05-15,Meta Ads,EMP-01,PV-002,Suzuki Gixxer 150,11990000,24,1,NO,credito,NO,Perdido
HX-01503,2026-04-18,WhatsApp,EMP-02,PV-009,Honda XRE 300,22900000,,0,SI,credito,NO,Sin gestión
HX-01504,2026-07-12,WhatsApp,EMP-02,PV-009,Honda CB 125F Twister,7990000,8,2,SI,no_informa,NO,Perdido
HX-01505,2026-04-10,WhatsApp,EMP-01,PV-003,Suzuki GN 125,7490000,2,6,NO,credito,NO,Perdido
HX-01506,2026-06-08,WhatsApp,EMP-02,PV-006,Honda Dio 110,6890000,16,2,NO,credito,SI,Perdido
HX-01507,2026-05-28,Formulario Web,EMP-03,PV-015,Hero Eco Deluxe 100,4990000,0.5,3,NO,credito,NO,Perdido
HX-01508,2026-06-20,Formulario Web,EMP-02,PV-008,Bajaj Pulsar RS 200,15490000,2,3,NO_INFORMA,contado,NO,Perdido
HX-01509,2026-07-11,WhatsApp,EMP-01,PV-003,Hero Hunk 160R,10490000,2,2,NO_INFORMA,no_informa,SI,Cerrado
HX-01510,2026-03-22,WhatsApp,EMP-03,PV-013,Bajaj Dominar 400,24900000,16,3,NO_INFORMA,credito,NO,Perdido
HX-01511,2026-03-06,WhatsApp,EMP-01,PV-004,Bajaj Boxer CT 100,5790000,24,3,SI,contado,NO,Perdido
HX-01512,2026-07-09,Meta Ads,EMP-02,PV-010,Hero Eco Deluxe 100,4990000,24,3,NO_INFORMA,contado,NO,Perdido
HX-01513,2026-05-19,Meta Ads,EMP-01,PV-001,Honda XRE 300,22900000,16,7,SI,credito,NO,Perdido
HX-01514,2026-03-28,WhatsApp,EMP-02,PV-006,Honda CB 190R,13990000,48,6,SI,credito,SI,Perdido
HX-01515,2026-04-25,WhatsApp,EMP-02,PV-006,Honda XRE 300,22900000,72,5,NO,credito,NO,Perdido
HX-01516,2026-04-19,Meta Ads,EMP-03,PV-012,Bajaj Boxer CT 100,5790000,72,3,NO,contado,NO,Perdido
HX-01517,2026-05-10,WhatsApp,EMP-01,PV-001,Bajaj Pulsar NS 160,11290000,,0,NO,no_informa,NO,Sin gestión
HX-01518,2026-03-17,WhatsApp,EMP-02,PV-010,AKT Dynamic R3 125,5590000,4,3,SI,credito,NO,Perdido
HX-01519,2026-06-07,Meta Ads,EMP-02,PV-006,Bajaj Discover 125,6990000,2,7,SI,credito,SI,Perdido
HX-01520,2026-04-11,Meta Ads,EMP-01,PV-003,Honda CB 190R,13990000,72,3,NO,credito,NO,Perdido
HX-01521,2026-07-27,Formulario Web,EMP-02,PV-007,Honda XRE 300,22900000,2,3,NO,credito,NO,Perdido
HX-01522,2026-03-07,WhatsApp,EMP-02,PV-010,Hero Eco Deluxe 100,4990000,8,2,SI,no_informa,NO,Perdido
HX-01523,2026-03-19,WhatsApp,EMP-03,PV-012,Suzuki Gixxer 150,11990000,1,5,NO,credito,SI,Perdido
HX-01524,2026-04-14,Formulario Web,EMP-01,PV-004,AKT TTR 200,9890000,72,1,NO,credito,NO,Perdido
HX-01525,2026-04-14,Formulario Web,EMP-03,PV-015,Suzuki Best 125,6590000,4,5,SI,credito,SI,Perdido
HX-01526,2026-04-22,WhatsApp,EMP-02,PV-010,Suzuki GN 125,7490000,,0,SI,credito,SI,Sin gestión
HX-01527,2026-03-14,Meta Ads,EMP-02,PV-009,Honda XRE 300,22900000,1,5,NO,no_informa,NO,Cerrado
HX-01528,2026-04-16,Meta Ads,EMP-03,PV-013,Hero Hunk 160R,10490000,72,7,NO_INFORMA,contado,NO,Perdido
HX-01529,2026-05-20,WhatsApp,EMP-02,PV-009,Bajaj Pulsar RS 200,15490000,0.5,2,NO,contado,NO,Perdido
HX-01530,2026-06-13,Formulario Web,EMP-03,PV-013,Suzuki V-Strom 250,21900000,1,4,NO_INFORMA,credito,NO,Perdido
HX-01531,2026-07-27,Meta Ads,EMP-01,PV-002,Honda XR 150L,11490000,24,6,NO_INFORMA,credito,NO,Perdido
HX-01532,2026-06-02,WhatsApp,EMP-03,PV-012,Bajaj Dominar 400,24900000,4,7,NO_INFORMA,no_informa,SI,Perdido
HX-01533,2026-07-27,WhatsApp,EMP-03,PV-015,Hero Eco Deluxe 100,4990000,0.5,5,SI,credito,NO,Perdido
HX-01534,2026-03-11,WhatsApp,EMP-02,PV-006,Honda Dio 110,6890000,24,2,NO,credito,SI,Perdido
HX-01535,2026-04-01,WhatsApp,EMP-03,PV-013,Bajaj Pulsar RS 200,15490000,48,4,NO,credito,NO,Perdido
HX-01536,2026-06-14,WhatsApp,EMP-01,PV-003,Honda XRE 300,22900000,0.5,3,NO,credito,NO,Perdido
HX-01537,2026-03-08,WhatsApp,EMP-03,PV-013,Suzuki Gixxer 150,11990000,1,6,SI,credito,NO,Perdido
HX-01538,2026-05-10,Formulario Web,EMP-02,PV-009,Honda CB 125F Twister,7990000,4,6,SI,contado,NO,Perdido
HX-01539,2026-06-11,Meta Ads,EMP-02,PV-009,AKT NKD 125,5290000,4,4,SI,credito,NO,Perdido
HX-01540,2026-03-24,WhatsApp,EMP-01,PV-004,Bajaj Dominar 400,24900000,48,4,NO,contado,NO,Perdido
HX-01541,2026-06-27,WhatsApp,EMP-02,PV-006,Suzuki V-Strom 250,21900000,48,5,NO_INFORMA,credito,NO,Perdido
HX-01542,2026-06-13,WhatsApp,EMP-01,PV-005,Honda Navi,7290000,24,7,NO,contado,NO,Perdido
HX-01543,2026-05-03,WhatsApp,EMP-01,PV-001,Bajaj Pulsar NS 125,8990000,16,6,SI,credito,NO,Perdido
HX-01544,2026-05-19,WhatsApp,EMP-03,PV-015,Hero Eco Deluxe 100,4990000,16,5,SI,contado,NO,Perdido
HX-01545,2026-03-08,WhatsApp,EMP-02,PV-010,Honda XR 150L,11490000,1,1,NO,credito,SI,Perdido
HX-01546,2026-04-09,WhatsApp,EMP-01,PV-003,Hero Dash 110,6290000,24,4,SI,credito,NO,Cerrado
HX-01547,2026-04-04,WhatsApp,EMP-01,PV-004,Suzuki Best 125,6590000,1,7,SI,no_informa,NO,Cerrado
HX-01548,2026-03-10,WhatsApp,EMP-01,PV-004,Bajaj Pulsar RS 200,15490000,,0,SI,credito,NO,Sin gestión
HX-01549,2026-06-15,WhatsApp,EMP-02,PV-008,Suzuki Gixxer 150,11990000,16,5,SI,credito,NO,Perdido
HX-01550,2026-04-22,Formulario Web,EMP-01,PV-001,Hero Xpulse 200,14990000,4,3,SI,contado,NO,Cerrado
HX-01551,2026-06-30,Formulario Web,EMP-03,PV-015,Hero Xpulse 200,14990000,,0,NO,credito,NO,Sin gestión
HX-01552,2026-06-10,Meta Ads,EMP-03,PV-011,Bajaj Boxer CT 100,5790000,1,5,NO_INFORMA,credito,NO,Perdido
HX-01553,2026-06-03,Meta Ads,EMP-01,PV-004,Bajaj Pulsar NS 125,8990000,1,4,NO_INFORMA,contado,NO,Perdido
HX-01554,2026-03-02,WhatsApp,EMP-01,PV-004,Hero Xpulse 200,14990000,1,1,SI,credito,NO,Perdido
HX-01555,2026-05-08,Meta Ads,EMP-02,PV-007,AKT NKD 125,5290000,8,7,NO_INFORMA,credito,SI,Perdido
HX-01556,2026-05-01,Formulario Web,EMP-02,PV-010,Suzuki V-Strom 250,21900000,8,2,SI,credito,SI,Perdido
HX-01557,2026-04-27,WhatsApp,EMP-03,PV-013,Hero Eco Deluxe 100,4990000,1,4,NO_INFORMA,credito,SI,Cerrado
HX-01558,2026-03-08,Meta Ads,EMP-03,PV-014,Honda Dio 110,6890000,48,1,NO,credito,NO,Cerrado
HX-01559,2026-06-09,WhatsApp,EMP-01,PV-002,Bajaj Dominar 400,24900000,,0,SI,credito,NO,Sin gestión
HX-01560,2026-06-10,WhatsApp,EMP-02,PV-010,Hero Dash 110,6290000,4,6,NO_INFORMA,no_informa,NO,Perdido
HX-01561,2026-03-01,Formulario Web,EMP-03,PV-011,Hero Hunk 160R,10490000,16,2,SI,no_informa,SI,Perdido
HX-01562,2026-03-20,Meta Ads,EMP-01,PV-005,Honda CB 125F Twister,7990000,,0,NO_INFORMA,credito,SI,Sin gestión
HX-01563,2026-04-02,WhatsApp,EMP-01,PV-001,Honda CB 125F Twister,7990000,48,7,SI,credito,NO,Perdido
HX-01564,2026-07-03,WhatsApp,EMP-03,PV-015,Bajaj Pulsar NS 125,8990000,1,4,SI,credito,SI,Perdido
HX-01565,2026-06-30,Meta Ads,EMP-03,PV-011,Hero Eco Deluxe 100,4990000,72,2,NO,credito,SI,Perdido
HX-01566,2026-05-14,Formulario Web,EMP-03,PV-015,Hero Xpulse 200,14990000,72,4,NO,credito,NO,Perdido
HX-01567,2026-07-25,Meta Ads,EMP-01,PV-002,Suzuki V-Strom 250,21900000,16,3,NO,credito,NO,Perdido
HX-01568,2026-04-23,WhatsApp,EMP-03,PV-013,Bajaj Discover 125,6990000,4,4,NO,contado,NO,Perdido
HX-01569,2026-03-08,WhatsApp,EMP-02,PV-009,Bajaj Pulsar NS 125,8990000,1,1,SI,contado,SI,Perdido
HX-01570,2026-05-23,WhatsApp,EMP-01,PV-002,Honda Dio 110,6890000,48,6,NO,contado,NO,Perdido
HX-01571,2026-04-17,WhatsApp,EMP-01,PV-004,Suzuki V-Strom 250,21900000,8,5,SI,no_informa,NO,Perdido
HX-01572,2026-04-26,Meta Ads,EMP-02,PV-008,Bajaj Pulsar NS 160,11290000,1,6,SI,credito,SI,Perdido
HX-01573,2026-06-01,WhatsApp,EMP-03,PV-012,Honda CB 125F Twister,7990000,24,3,NO_INFORMA,credito,NO,Perdido
HX-01574,2026-05-27,Formulario Web,EMP-01,PV-004,Bajaj Pulsar NS 125,8990000,8,7,SI,no_informa,NO,Perdido
HX-01575,2026-06-10,Formulario Web,EMP-01,PV-004,AKT Evo RS 150,7190000,24,2,NO,contado,NO,Perdido
HX-01576,2026-05-28,Meta Ads,EMP-01,PV-001,Honda CB 125F Twister,7990000,4,3,NO,credito,SI,Perdido
HX-01577,2026-06-28,Formulario Web,EMP-02,PV-009,Suzuki Gixxer 150,11990000,0.5,5,NO_INFORMA,no_informa,SI,Perdido
HX-01578,2026-05-26,WhatsApp,EMP-01,PV-001,Hero Dash 110,6290000,8,2,SI,credito,NO,Perdido
HX-01579,2026-03-29,Meta Ads,EMP-03,PV-011,Hero Eco Deluxe 100,4990000,1,3,NO_INFORMA,contado,NO,Cerrado
HX-01580,2026-04-25,WhatsApp,EMP-01,PV-001,Honda CB 190R,13990000,1,6,NO_INFORMA,no_informa,NO,Perdido
HX-01581,2026-03-07,WhatsApp,EMP-03,PV-013,Honda CB 190R,13990000,,0,NO_INFORMA,credito,NO,Sin gestión
HX-01582,2026-04-20,Meta Ads,EMP-02,PV-010,Bajaj Dominar 400,24900000,8,7,SI,credito,NO,Perdido
HX-01583,2026-04-09,WhatsApp,EMP-03,PV-014,Suzuki V-Strom 250,21900000,2,3,NO,contado,NO,Perdido
HX-01584,2026-04-26,WhatsApp,EMP-02,PV-006,Hero Dash 110,6290000,1,7,SI,no_informa,NO,Perdido
HX-01585,2026-04-14,Formulario Web,EMP-03,PV-012,Bajaj Pulsar NS 125,8990000,48,4,NO,credito,NO,Perdido
HX-01586,2026-03-07,WhatsApp,EMP-01,PV-004,Suzuki GN 125,7490000,48,6,NO,no_informa,NO,Perdido
HX-01587,2026-07-08,WhatsApp,EMP-01,PV-001,Hero Eco Deluxe 100,4990000,4,2,NO,credito,SI,Perdido
HX-01588,2026-03-02,Formulario Web,EMP-02,PV-007,AKT TTR 200,9890000,72,3,SI,contado,SI,Perdido
HX-01589,2026-04-06,WhatsApp,EMP-01,PV-004,AKT TTR 200,9890000,8,4,NO_INFORMA,credito,NO,Perdido
HX-01590,2026-03-19,WhatsApp,EMP-02,PV-009,Bajaj Pulsar RS 200,15490000,1,6,SI,credito,NO,Cerrado
HX-01591,2026-07-19,WhatsApp,EMP-01,PV-005,Suzuki Gixxer 150,11990000,0.5,2,NO,credito,SI,Perdido
HX-01592,2026-06-24,Meta Ads,EMP-02,PV-010,Suzuki Gixxer 150,11990000,16,2,NO,contado,NO,Perdido
HX-01593,2026-03-24,WhatsApp,EMP-02,PV-007,Bajaj Pulsar NS 125,8990000,2,5,NO_INFORMA,credito,NO,Perdido
HX-01594,2026-06-21,WhatsApp,EMP-01,PV-001,Bajaj Pulsar NS 160,11290000,4,2,SI,credito,SI,Cerrado
HX-01595,2026-03-14,WhatsApp,EMP-03,PV-013,Bajaj Discover 125,6990000,16,2,NO_INFORMA,contado,NO,Perdido
HX-01596,2026-04-24,Meta Ads,EMP-03,PV-014,AKT NKD 125,5290000,2,4,SI,credito,SI,Perdido
HX-01597,2026-07-13,Formulario Web,EMP-01,PV-002,Honda CB 125F Twister,7990000,72,2,NO_INFORMA,credito,SI,Perdido
HX-01598,2026-06-20,WhatsApp,EMP-03,PV-011,Honda CB 125F Twister,7990000,0.5,2,SI,no_informa,NO,Perdido
HX-01599,2026-07-11,Meta Ads,EMP-01,PV-002,Honda CB 190R,13990000,48,1,NO,credito,NO,Perdido
HX-01600,2026-06-30,WhatsApp,EMP-03,PV-011,Honda Navi,7290000,8,6,SI,no_informa,NO,Perdido
HX-01601,2026-04-02,Meta Ads,EMP-03,PV-011,Suzuki V-Strom 250,21900000,48,3,NO,credito,SI,Perdido
HX-01602,2026-06-18,Formulario Web,EMP-02,PV-006,Honda CB 190R,13990000,8,4,SI,no_informa,NO,Perdido
HX-01603,2026-03-08,WhatsApp,EMP-01,PV-005,Honda CB 190R,13990000,4,7,NO,credito,NO,Perdido
HX-01604,2026-06-28,WhatsApp,EMP-02,PV-010,AKT Evo RS 150,7190000,72,6,NO,credito,SI,Perdido
HX-01605,2026-05-04,WhatsApp,EMP-01,PV-002,Suzuki Gixxer 150,11990000,4,6,NO_INFORMA,contado,SI,Perdido
HX-01606,2026-04-25,WhatsApp,EMP-03,PV-013,Hero Hunk 160R,10490000,4,4,SI,credito,NO,Perdido
HX-01607,2026-05-10,WhatsApp,EMP-02,PV-008,Bajaj Discover 125,6990000,4,5,NO,credito,NO,Perdido
HX-01608,2026-07-21,Meta Ads,EMP-02,PV-006,Suzuki Gixxer 150,11990000,16,4,NO,credito,NO,Perdido
HX-01609,2026-04-27,Meta Ads,EMP-02,PV-007,Hero Eco Deluxe 100,4990000,1,4,NO,no_informa,NO,Perdido
HX-01610,2026-07-04,WhatsApp,EMP-01,PV-004,Suzuki Gixxer 150,11990000,4,7,SI,contado,NO,Perdido
HX-01611,2026-03-29,WhatsApp,EMP-02,PV-008,Honda XR 150L,11490000,72,5,SI,no_informa,NO,Perdido
HX-01612,2026-06-12,Meta Ads,EMP-02,PV-009,Hero Hunk 160R,10490000,2,6,SI,credito,NO,Perdido
HX-01613,2026-06-12,WhatsApp,EMP-01,PV-003,Bajaj Pulsar NS 160,11290000,8,4,NO_INFORMA,credito,SI,Perdido
HX-01614,2026-04-10,WhatsApp,EMP-03,PV-013,AKT Dynamic R3 125,5590000,72,7,NO_INFORMA,contado,SI,Perdido
HX-01615,2026-04-23,WhatsApp,EMP-03,PV-015,AKT Dynamic R3 125,5590000,1,6,NO_INFORMA,credito,SI,Perdido
HX-01616,2026-06-08,Meta Ads,EMP-01,PV-003,Bajaj Boxer CT 100,5790000,16,4,NO_INFORMA,credito,SI,Perdido
HX-01617,2026-03-16,WhatsApp,EMP-01,PV-003,Suzuki V-Strom 250,21900000,48,6,NO_INFORMA,credito,NO,Perdido
HX-01618,2026-05-13,Formulario Web,EMP-01,PV-003,Suzuki Gixxer 150,11990000,120,7,NO_INFORMA,credito,SI,Perdido
HX-01619,2026-05-28,Meta Ads,EMP-02,PV-006,Hero Dash 110,6290000,8,5,NO,contado,NO,Perdido
HX-01620,2026-03-05,Meta Ads,EMP-03,PV-014,Honda Navi,7290000,4,2,NO,contado,NO,Perdido
HX-01621,2026-07-18,WhatsApp,EMP-02,PV-006,Suzuki V-Strom 250,21900000,1,6,NO,credito,SI,Perdido
HX-01622,2026-05-19,WhatsApp,EMP-03,PV-011,Suzuki Best 125,6590000,0.5,4,NO_INFORMA,credito,SI,Perdido
HX-01623,2026-07-03,Meta Ads,EMP-02,PV-009,Bajaj Dominar 400,24900000,8,3,NO,credito,SI,Perdido
HX-01624,2026-03-21,Formulario Web,EMP-02,PV-007,Suzuki V-Strom 250,21900000,,0,SI,credito,SI,Sin gestión
HX-01625,2026-04-15,WhatsApp,EMP-01,PV-005,Hero Xpulse 200,14990000,4,3,SI,credito,NO,Perdido
HX-01626,2026-05-31,WhatsApp,EMP-02,PV-009,AKT TTR 200,9890000,,0,NO_INFORMA,credito,NO,Sin gestión
HX-01627,2026-05-07,WhatsApp,EMP-02,PV-008,Hero Hunk 160R,10490000,48,3,SI,no_informa,NO,Perdido
HX-01628,2026-04-15,Formulario Web,EMP-01,PV-002,Honda XR 150L,11490000,120,4,NO_INFORMA,contado,SI,Perdido
HX-01629,2026-07-23,Formulario Web,EMP-03,PV-012,Hero Hunk 160R,10490000,8,5,SI,no_informa,NO,Perdido
HX-01630,2026-04-18,Meta Ads,EMP-02,PV-010,Bajaj Discover 125,6990000,4,2,SI,no_informa,NO,Perdido
HX-01631,2026-04-06,WhatsApp,EMP-01,PV-002,Bajaj Dominar 400,24900000,16,2,SI,credito,NO,Perdido
HX-01632,2026-07-18,Meta Ads,EMP-01,PV-005,Honda Dio 110,6890000,48,7,NO_INFORMA,credito,NO,Perdido
HX-01633,2026-05-30,WhatsApp,EMP-01,PV-005,AKT TTR 200,9890000,120,5,NO,contado,NO,Perdido
HX-01634,2026-07-17,Formulario Web,EMP-03,PV-011,Honda XRE 300,22900000,8,5,NO_INFORMA,credito,NO,Perdido
HX-01635,2026-07-25,WhatsApp,EMP-02,PV-008,Bajaj Boxer CT 100,5790000,16,5,SI,credito,NO,Perdido
HX-01636,2026-06-12,WhatsApp,EMP-02,PV-006,Bajaj Pulsar NS 125,8990000,0.5,7,SI,credito,NO,Perdido
HX-01637,2026-03-05,WhatsApp,EMP-03,PV-015,Suzuki GN 125,7490000,,0,NO,credito,NO,Sin gestión
HX-01638,2026-07-22,WhatsApp,EMP-02,PV-008,Honda Dio 110,6890000,16,7,SI,contado,NO,Perdido
HX-01639,2026-04-20,WhatsApp,EMP-01,PV-005,Suzuki GN 125,7490000,,0,SI,no_informa,NO,Sin gestión
HX-01640,2026-04-17,Formulario Web,EMP-03,PV-013,Bajaj Boxer CT 100,5790000,8,6,NO,credito,NO,Perdido
HX-01641,2026-06-29,WhatsApp,EMP-01,PV-005,AKT Dynamic R3 125,5590000,8,5,NO,credito,SI,Perdido
HX-01642,2026-05-20,Meta Ads,EMP-03,PV-014,Honda XR 150L,11490000,16,1,NO,no_informa,SI,Perdido
HX-01643,2026-06-08,Meta Ads,EMP-02,PV-007,Bajaj Pulsar NS 125,8990000,2,2,NO_INFORMA,credito,NO,Perdido
HX-01644,2026-07-09,WhatsApp,EMP-03,PV-011,Suzuki GN 125,7490000,24,7,SI,credito,NO,Cerrado
HX-01645,2026-03-30,WhatsApp,EMP-03,PV-014,AKT Dynamic R3 125,5590000,24,1,NO,contado,NO,Perdido
HX-01646,2026-07-05,Formulario Web,EMP-01,PV-005,Suzuki Best 125,6590000,2,4,NO,credito,NO,Perdido
HX-01647,2026-03-16,Formulario Web,EMP-01,PV-001,Bajaj Pulsar NS 160,11290000,0.5,5,NO_INFORMA,credito,SI,Perdido
HX-01648,2026-07-04,Meta Ads,EMP-01,PV-003,Honda CB 190R,13990000,48,3,NO,credito,NO,Perdido
HX-01649,2026-06-28,WhatsApp,EMP-03,PV-015,Suzuki Gixxer 150,11990000,4,4,NO,no_informa,NO,Perdido
HX-01650,2026-04-14,WhatsApp,EMP-03,PV-014,AKT TTR 200,9890000,48,2,SI,no_informa,SI,Perdido
HX-01651,2026-03-18,Formulario Web,EMP-01,PV-002,Bajaj Discover 125,6990000,1,5,NO,credito,NO,Perdido
HX-01652,2026-04-08,WhatsApp,EMP-02,PV-008,Suzuki GN 125,7490000,48,3,SI,credito,NO,Cerrado
HX-01653,2026-04-28,Formulario Web,EMP-03,PV-012,Hero Hunk 160R,10490000,120,3,NO,credito,NO,Perdido
HX-01654,2026-04-18,WhatsApp,EMP-02,PV-009,AKT Evo RS 150,7190000,16,4,NO,credito,NO,Cerrado
HX-01655,2026-06-17,Meta Ads,EMP-02,PV-009,Hero Dash 110,6290000,48,7,NO_INFORMA,no_informa,SI,Perdido
HX-01656,2026-04-13,WhatsApp,EMP-02,PV-008,Honda CB 125F Twister,7990000,16,6,SI,credito,SI,Perdido
HX-01657,2026-04-29,WhatsApp,EMP-01,PV-002,Honda XRE 300,22900000,8,6,SI,credito,SI,Perdido
HX-01658,2026-05-21,WhatsApp,EMP-03,PV-014,Suzuki V-Strom 250,21900000,1,4,NO,credito,SI,Perdido
HX-01659,2026-07-21,WhatsApp,EMP-01,PV-003,Bajaj Boxer CT 100,5790000,120,1,NO,no_informa,SI,Perdido
HX-01660,2026-05-27,Meta Ads,EMP-03,PV-013,Honda CB 125F Twister,7990000,2,4,NO_INFORMA,credito,NO,Cerrado
HX-01661,2026-06-01,WhatsApp,EMP-01,PV-003,AKT Dynamic R3 125,5590000,2,4,SI,no_informa,NO,Cerrado
HX-01662,2026-05-17,WhatsApp,EMP-01,PV-003,Bajaj Boxer CT 100,5790000,120,4,SI,credito,NO,Cerrado
HX-01663,2026-04-09,Meta Ads,EMP-02,PV-008,Bajaj Boxer CT 100,5790000,16,3,NO,credito,NO,Perdido
HX-01664,2026-03-03,WhatsApp,EMP-01,PV-001,Honda XR 150L,11490000,,0,NO,credito,NO,Sin gestión
HX-01665,2026-06-12,WhatsApp,EMP-01,PV-004,Honda XRE 300,22900000,16,4,NO,credito,NO,Perdido
HX-01666,2026-04-03,Meta Ads,EMP-03,PV-013,Suzuki Gixxer 150,11990000,48,7,NO_INFORMA,contado,NO,Perdido
HX-01667,2026-04-05,Meta Ads,EMP-03,PV-011,Bajaj Boxer CT 100,5790000,24,4,SI,credito,NO,Perdido
HX-01668,2026-05-08,Formulario Web,EMP-03,PV-015,Bajaj Pulsar RS 200,15490000,1,4,NO,no_informa,NO,Cerrado
HX-01669,2026-03-21,Formulario Web,EMP-03,PV-011,Hero Xpulse 200,14990000,4,5,SI,credito,NO,Perdido
HX-01670,2026-07-27,WhatsApp,EMP-01,PV-002,AKT Evo RS 150,7190000,8,1,NO,credito,SI,Perdido
HX-01671,2026-04-23,WhatsApp,EMP-02,PV-010,Suzuki GN 125,7490000,1,1,SI,credito,NO,Perdido
HX-01672,2026-05-14,Meta Ads,EMP-03,PV-012,Suzuki Gixxer 150,11990000,16,4,SI,credito,NO,Cerrado
HX-01673,2026-03-20,WhatsApp,EMP-03,PV-014,Suzuki Best 125,6590000,24,1,SI,credito,NO,Perdido
HX-01674,2026-05-31,WhatsApp,EMP-01,PV-003,Honda Dio 110,6890000,48,6,SI,credito,NO,Perdido
HX-01675,2026-06-17,WhatsApp,EMP-01,PV-005,Honda Navi,7290000,2,7,SI,no_informa,NO,Perdido
HX-01676,2026-04-30,Formulario Web,EMP-01,PV-005,Hero Xpulse 200,14990000,1,7,NO,credito,SI,Perdido
HX-01677,2026-07-15,WhatsApp,EMP-01,PV-004,Suzuki Best 125,6590000,120,7,NO,credito,NO,Perdido
HX-01678,2026-04-14,Meta Ads,EMP-02,PV-010,Suzuki Gixxer 150,11990000,1,5,SI,credito,NO,Perdido
HX-01679,2026-04-10,WhatsApp,EMP-02,PV-007,Bajaj Pulsar NS 125,8990000,48,5,NO,no_informa,SI,Perdido
HX-01680,2026-06-30,Formulario Web,EMP-03,PV-012,Honda Dio 110,6890000,1,2,NO_INFORMA,contado,NO,Perdido
HX-01681,2026-05-21,WhatsApp,EMP-02,PV-006,AKT Evo RS 150,7190000,4,2,SI,credito,NO,Perdido
HX-01682,2026-07-03,Meta Ads,EMP-02,PV-008,Bajaj Dominar 400,24900000,120,2,NO_INFORMA,credito,SI,Perdido
HX-01683,2026-04-27,Meta Ads,EMP-03,PV-013,Honda CB 125F Twister,7990000,4,7,SI,no_informa,NO,Perdido
HX-01684,2026-04-20,WhatsApp,EMP-01,PV-002,AKT TTR 200,9890000,72,7,SI,credito,NO,Perdido
HX-01685,2026-05-11,Formulario Web,EMP-03,PV-012,AKT Evo RS 150,7190000,0.5,6,SI,credito,NO,Perdido
HX-01686,2026-06-17,WhatsApp,EMP-01,PV-003,Honda CB 190R,13990000,1,2,SI,contado,SI,Perdido
HX-01687,2026-04-17,WhatsApp,EMP-02,PV-008,Suzuki GN 125,7490000,,0,SI,credito,SI,Sin gestión
HX-01688,2026-05-24,WhatsApp,EMP-01,PV-005,Suzuki Gixxer 150,11990000,48,7,NO,no_informa,NO,Perdido
HX-01689,2026-07-02,WhatsApp,EMP-02,PV-006,Bajaj Pulsar NS 160,11290000,2,7,NO,credito,NO,Perdido
HX-01690,2026-06-15,Meta Ads,EMP-02,PV-009,Bajaj Dominar 400,24900000,16,6,NO,credito,NO,Perdido
HX-01691,2026-05-04,Meta Ads,EMP-03,PV-015,Bajaj Dominar 400,24900000,4,4,NO,credito,NO,Perdido
HX-01692,2026-05-30,WhatsApp,EMP-03,PV-015,Honda CB 190R,13990000,16,2,NO,contado,NO,Perdido
HX-01693,2026-03-28,WhatsApp,EMP-01,PV-004,Bajaj Discover 125,6990000,2,3,NO,credito,NO,Perdido
HX-01694,2026-06-20,Formulario Web,EMP-03,PV-013,Bajaj Pulsar NS 125,8990000,1,4,NO_INFORMA,credito,NO,Perdido
HX-01695,2026-03-24,Formulario Web,EMP-03,PV-014,Bajaj Pulsar NS 160,11290000,8,3,NO,no_informa,NO,Perdido
HX-01696,2026-04-12,WhatsApp,EMP-03,PV-014,Suzuki Gixxer 150,11990000,2,3,NO,credito,NO,Perdido
HX-01697,2026-06-26,WhatsApp,EMP-03,PV-014,Honda Dio 110,6890000,8,2,NO_INFORMA,contado,NO,Cerrado
HX-01698,2026-05-08,WhatsApp,EMP-03,PV-013,Honda CB 190R,13990000,1,7,SI,credito,NO,Perdido
HX-01699,2026-04-04,WhatsApp,EMP-01,PV-003,Suzuki GN 125,7490000,120,3,SI,contado,NO,Perdido
HX-01700,2026-06-27,WhatsApp,EMP-02,PV-010,Suzuki V-Strom 250,21900000,16,6,SI,credito,SI,Cerrado
HX-01701,2026-06-01,Meta Ads,EMP-03,PV-014,Suzuki GN 125,7490000,,0,SI,no_informa,SI,Sin gestión
HX-01702,2026-03-17,WhatsApp,EMP-02,PV-010,Honda Navi,7290000,2,1,NO,credito,NO,Perdido
HX-01703,2026-03-30,WhatsApp,EMP-01,PV-002,Hero Dash 110,6290000,1,4,NO,credito,SI,Perdido
HX-01704,2026-05-10,Formulario Web,EMP-03,PV-014,Bajaj Pulsar NS 160,11290000,1,4,SI,contado,SI,Cerrado
HX-01705,2026-03-06,WhatsApp,EMP-03,PV-014,Hero Hunk 160R,10490000,120,3,SI,credito,NO,Perdido
HX-01706,2026-04-01,WhatsApp,EMP-02,PV-006,Hero Eco Deluxe 100,4990000,16,2,SI,credito,NO,Perdido
HX-01707,2026-03-22,WhatsApp,EMP-03,PV-012,Honda XRE 300,22900000,1,5,SI,credito,NO,Perdido
HX-01708,2026-05-31,Formulario Web,EMP-02,PV-006,Honda Navi,7290000,2,4,NO,credito,SI,Perdido
HX-01709,2026-06-09,WhatsApp,EMP-03,PV-012,Honda CB 125F Twister,7990000,2,1,NO,credito,NO,Perdido
HX-01710,2026-03-28,Meta Ads,EMP-03,PV-015,Bajaj Pulsar RS 200,15490000,16,4,SI,credito,SI,Perdido
HX-01711,2026-07-20,WhatsApp,EMP-03,PV-013,Bajaj Dominar 400,24900000,1,3,SI,credito,SI,Perdido
HX-01712,2026-07-10,Meta Ads,EMP-02,PV-006,Honda XRE 300,22900000,2,4,NO,contado,NO,Perdido
HX-01713,2026-03-01,WhatsApp,EMP-01,PV-004,Bajaj Pulsar RS 200,15490000,4,5,SI,no_informa,NO,Cerrado
HX-01714,2026-03-16,Formulario Web,EMP-02,PV-007,Bajaj Discover 125,6990000,4,4,SI,credito,SI,Cerrado
HX-01715,2026-07-22,WhatsApp,EMP-03,PV-013,Honda Navi,7290000,48,7,SI,no_informa,NO,Perdido
HX-01716,2026-05-18,WhatsApp,EMP-03,PV-013,Suzuki GN 125,7490000,2,4,NO,no_informa,NO,Cerrado
HX-01717,2026-04-12,WhatsApp,EMP-01,PV-004,Bajaj Dominar 400,24900000,1,4,NO,credito,NO,Perdido
HX-01718,2026-05-09,WhatsApp,EMP-02,PV-010,Bajaj Pulsar NS 160,11290000,2,5,SI,credito,NO,Perdido
HX-01719,2026-05-07,Formulario Web,EMP-03,PV-014,Bajaj Pulsar NS 160,11290000,0.5,1,NO,credito,NO,Perdido
HX-01720,2026-06-03,WhatsApp,EMP-02,PV-009,Honda XRE 300,22900000,,0,NO_INFORMA,credito,NO,Sin gestión
HX-01721,2026-07-28,WhatsApp,EMP-01,PV-001,Bajaj Dominar 400,24900000,,0,SI,credito,NO,Sin gestión
HX-01722,2026-07-02,WhatsApp,EMP-03,PV-014,Honda CB 125F Twister,7990000,2,7,NO,credito,NO,Perdido
HX-01723,2026-07-24,WhatsApp,EMP-02,PV-007,Suzuki GN 125,7490000,72,5,NO,no_informa,SI,Perdido
HX-01724,2026-03-22,Meta Ads,EMP-01,PV-001,AKT TTR 200,9890000,0.5,2,NO,credito,SI,Perdido
HX-01725,2026-04-18,Formulario Web,EMP-01,PV-001,Honda XR 150L,11490000,24,3,NO_INFORMA,credito,NO,Cerrado
HX-01726,2026-07-06,WhatsApp,EMP-01,PV-004,Suzuki Gixxer 150,11990000,4,3,NO_INFORMA,no_informa,NO,Perdido
HX-01727,2026-04-13,WhatsApp,EMP-02,PV-006,AKT TTR 200,9890000,1,6,NO,credito,NO,Perdido
HX-01728,2026-06-19,WhatsApp,EMP-02,PV-006,AKT Evo RS 150,7190000,,0,SI,contado,NO,Sin gestión
HX-01729,2026-04-12,Meta Ads,EMP-01,PV-004,Honda XR 150L,11490000,120,6,NO_INFORMA,credito,NO,Perdido
HX-01730,2026-03-13,WhatsApp,EMP-02,PV-007,AKT NKD 125,5290000,4,7,SI,no_informa,SI,Perdido
HX-01731,2026-04-01,WhatsApp,EMP-02,PV-009,Bajaj Discover 125,6990000,24,4,NO,contado,SI,Perdido
HX-01732,2026-06-13,Formulario Web,EMP-02,PV-009,Hero Dash 110,6290000,72,1,SI,contado,NO,Perdido
HX-01733,2026-03-04,WhatsApp,EMP-02,PV-007,Honda CB 190R,13990000,24,4,NO,credito,NO,Perdido
HX-01734,2026-05-09,Meta Ads,EMP-03,PV-014,Bajaj Dominar 400,24900000,8,1,NO,credito,SI,Perdido
HX-01735,2026-04-29,WhatsApp,EMP-02,PV-009,AKT TTR 200,9890000,16,7,NO_INFORMA,credito,NO,Perdido
HX-01736,2026-07-06,WhatsApp,EMP-01,PV-001,Hero Hunk 160R,10490000,8,7,NO,credito,NO,Perdido
HX-01737,2026-03-31,Meta Ads,EMP-01,PV-001,AKT Evo RS 150,7190000,4,7,SI,credito,NO,Perdido
HX-01738,2026-04-13,Meta Ads,EMP-01,PV-005,AKT TTR 200,9890000,4,1,NO,no_informa,NO,Perdido
HX-01739,2026-04-24,Meta Ads,EMP-02,PV-006,Hero Eco Deluxe 100,4990000,24,3,NO,credito,NO,Perdido
HX-01740,2026-06-10,WhatsApp,EMP-01,PV-003,AKT NKD 125,5290000,4,4,NO_INFORMA,credito,NO,Perdido
HX-01741,2026-05-07,Formulario Web,EMP-03,PV-011,Honda XR 150L,11490000,24,7,SI,credito,NO,Cerrado
HX-01742,2026-04-05,Meta Ads,EMP-02,PV-008,Suzuki Best 125,6590000,1,7,NO,no_informa,SI,Perdido
HX-01743,2026-04-21,WhatsApp,EMP-01,PV-001,Bajaj Pulsar RS 200,15490000,2,2,SI,contado,NO,Perdido
HX-01744,2026-06-07,Meta Ads,EMP-03,PV-015,Bajaj Pulsar RS 200,15490000,48,1,SI,no_informa,NO,Perdido
HX-01745,2026-06-19,Formulario Web,EMP-03,PV-013,Bajaj Boxer CT 100,5790000,48,2,SI,credito,SI,Perdido
HX-01746,2026-07-12,Meta Ads,EMP-01,PV-001,Honda Navi,7290000,8,6,SI,credito,SI,Perdido
HX-01747,2026-04-23,Meta Ads,EMP-02,PV-010,AKT Dynamic R3 125,5590000,72,5,NO,contado,SI,Perdido
HX-01748,2026-04-14,Formulario Web,EMP-02,PV-009,Honda Dio 110,6890000,72,1,NO,credito,NO,Perdido
HX-01749,2026-06-23,WhatsApp,EMP-03,PV-014,Honda CB 190R,13990000,16,5,SI,credito,SI,Perdido
HX-01750,2026-07-15,WhatsApp,EMP-03,PV-015,Honda CB 125F Twister,7990000,4,4,NO_INFORMA,no_informa,SI,Perdido
HX-01751,2026-05-03,Meta Ads,EMP-02,PV-008,Honda XR 150L,11490000,1,7,SI,credito,NO,Cerrado
HX-01752,2026-07-15,WhatsApp,EMP-01,PV-001,Hero Eco Deluxe 100,4990000,4,6,NO_INFORMA,credito,NO,Perdido
HX-01753,2026-07-05,WhatsApp,EMP-03,PV-013,Honda CB 125F Twister,7990000,72,6,SI,credito,NO,Cerrado
HX-01754,2026-06-17,Meta Ads,EMP-01,PV-005,Hero Xpulse 200,14990000,16,7,SI,no_informa,SI,Perdido
HX-01755,2026-05-01,WhatsApp,EMP-01,PV-004,Bajaj Pulsar RS 200,15490000,24,4,SI,credito,SI,Perdido
HX-01756,2026-05-25,WhatsApp,EMP-01,PV-005,Bajaj Pulsar RS 200,15490000,16,4,NO,credito,NO,Perdido
HX-01757,2026-06-20,WhatsApp,EMP-02,PV-010,Bajaj Boxer CT 100,5790000,2,6,SI,credito,SI,Perdido
HX-01758,2026-04-23,WhatsApp,EMP-01,PV-002,Hero Dash 110,6290000,1,3,NO,no_informa,NO,Perdido
HX-01759,2026-07-26,Meta Ads,EMP-02,PV-010,Honda Navi,7290000,,0,SI,credito,NO,Sin gestión
HX-01760,2026-06-05,WhatsApp,EMP-01,PV-005,Honda CB 190R,13990000,,0,SI,credito,NO,Sin gestión
HX-01761,2026-05-22,WhatsApp,EMP-01,PV-001,Bajaj Dominar 400,24900000,0.5,4,NO,no_informa,NO,Perdido
HX-01762,2026-06-11,WhatsApp,EMP-02,PV-006,Hero Hunk 160R,10490000,,0,NO_INFORMA,no_informa,NO,Sin gestión
HX-01763,2026-04-03,WhatsApp,EMP-02,PV-010,AKT Dynamic R3 125,5590000,72,7,NO,contado,NO,Perdido
HX-01764,2026-03-12,Formulario Web,EMP-03,PV-011,AKT Evo RS 150,7190000,72,6,NO,credito,NO,Perdido
HX-01765,2026-06-22,Formulario Web,EMP-03,PV-013,Bajaj Pulsar RS 200,15490000,4,3,NO,contado,SI,Cerrado
HX-01766,2026-07-04,Meta Ads,EMP-03,PV-011,Bajaj Dominar 400,24900000,0.5,7,SI,credito,SI,Perdido
HX-01767,2026-03-29,Meta Ads,EMP-03,PV-015,AKT Dynamic R3 125,5590000,2,2,NO,credito,SI,Perdido
HX-01768,2026-06-22,WhatsApp,EMP-01,PV-005,Hero Hunk 160R,10490000,8,7,NO,contado,NO,Perdido
HX-01769,2026-07-03,Meta Ads,EMP-01,PV-005,Suzuki Gixxer 150,11990000,4,5,SI,credito,NO,Perdido
HX-01770,2026-06-02,WhatsApp,EMP-02,PV-009,Hero Xpulse 200,14990000,120,5,NO,no_informa,SI,Perdido
HX-01771,2026-05-21,WhatsApp,EMP-02,PV-009,Hero Dash 110,6290000,1,3,SI,credito,NO,Perdido
HX-01772,2026-07-28,Meta Ads,EMP-01,PV-001,Honda Dio 110,6890000,16,6,SI,credito,SI,Perdido
HX-01773,2026-05-08,WhatsApp,EMP-03,PV-013,Bajaj Discover 125,6990000,24,7,SI,credito,NO,Cerrado
HX-01774,2026-07-09,WhatsApp,EMP-03,PV-013,Bajaj Boxer CT 100,5790000,2,4,NO_INFORMA,credito,NO,Perdido
HX-01775,2026-07-12,Formulario Web,EMP-01,PV-004,Suzuki Best 125,6590000,16,6,NO,credito,NO,Perdido
HX-01776,2026-07-02,Meta Ads,EMP-01,PV-002,Bajaj Pulsar NS 125,8990000,2,5,SI,contado,NO,Perdido
HX-01777,2026-06-25,WhatsApp,EMP-02,PV-008,Honda XRE 300,22900000,16,7,NO,credito,NO,Perdido
HX-01778,2026-06-22,WhatsApp,EMP-02,PV-006,Hero Xpulse 200,14990000,1,6,SI,no_informa,NO,Cerrado
HX-01779,2026-03-20,Meta Ads,EMP-01,PV-002,Suzuki GN 125,7490000,1,6,NO_INFORMA,contado,NO,Perdido
HX-01780,2026-05-07,Meta Ads,EMP-01,PV-005,Bajaj Pulsar RS 200,15490000,4,3,NO,credito,SI,Perdido
HX-01781,2026-03-27,Meta Ads,EMP-02,PV-007,Hero Dash 110,6290000,24,3,NO,credito,NO,Perdido
HX-01782,2026-06-08,Formulario Web,EMP-03,PV-015,Bajaj Pulsar NS 125,8990000,16,4,NO_INFORMA,contado,NO,Perdido
HX-01783,2026-07-19,WhatsApp,EMP-02,PV-007,Honda CB 190R,13990000,48,2,NO,contado,NO,Perdido
HX-01784,2026-07-14,WhatsApp,EMP-02,PV-009,Honda CB 125F Twister,7990000,120,3,NO,credito,NO,Perdido
HX-01785,2026-06-12,Formulario Web,EMP-03,PV-011,AKT Dynamic R3 125,5590000,8,7,NO_INFORMA,credito,SI,Perdido
HX-01786,2026-04-14,Meta Ads,EMP-03,PV-014,Bajaj Pulsar RS 200,15490000,4,6,NO_INFORMA,credito,NO,Perdido
HX-01787,2026-06-15,Meta Ads,EMP-03,PV-015,Suzuki Gixxer 150,11990000,1,6,SI,no_informa,NO,Perdido
HX-01788,2026-04-08,WhatsApp,EMP-02,PV-010,Bajaj Discover 125,6990000,1,5,SI,no_informa,NO,Perdido
HX-01789,2026-06-05,WhatsApp,EMP-02,PV-010,Bajaj Boxer CT 100,5790000,24,1,SI,contado,SI,Perdido
HX-01790,2026-03-09,Meta Ads,EMP-03,PV-012,Bajaj Dominar 400,24900000,72,7,NO,contado,NO,Perdido
HX-01791,2026-06-14,Formulario Web,EMP-02,PV-006,Bajaj Pulsar NS 125,8990000,24,4,NO_INFORMA,credito,NO,Perdido
HX-01792,2026-07-13,WhatsApp,EMP-03,PV-011,Bajaj Pulsar NS 160,11290000,8,7,SI,credito,SI,Perdido
HX-01793,2026-07-27,WhatsApp,EMP-03,PV-015,Honda CB 190R,13990000,,0,SI,credito,NO,Sin gestión
HX-01794,2026-03-14,WhatsApp,EMP-03,PV-013,Suzuki GN 125,7490000,24,3,NO,contado,SI,Perdido
HX-01795,2026-05-09,WhatsApp,EMP-01,PV-001,Honda XR 150L,11490000,4,5,NO,credito,NO,Perdido
HX-01796,2026-04-22,Formulario Web,EMP-03,PV-015,Honda CB 190R,13990000,,0,NO,credito,NO,Sin gestión
HX-01797,2026-04-18,WhatsApp,EMP-01,PV-001,Suzuki V-Strom 250,21900000,2,7,NO,credito,NO,Perdido
HX-01798,2026-06-15,Meta Ads,EMP-01,PV-005,AKT NKD 125,5290000,16,1,NO,no_informa,NO,Perdido
HX-01799,2026-06-05,Meta Ads,EMP-01,PV-003,Hero Xpulse 200,14990000,8,4,SI,no_informa,NO,Perdido
HX-01800,2026-05-12,WhatsApp,EMP-02,PV-008,Hero Xpulse 200,14990000,2,7,SI,credito,SI,Perdido
HX-01801,2026-05-08,WhatsApp,EMP-01,PV-002,Honda CB 125F Twister,7990000,0.5,4,NO_INFORMA,credito,NO,Perdido
HX-01802,2026-06-22,WhatsApp,EMP-01,PV-002,Honda XR 150L,11490000,1,6,NO,credito,NO,Perdido
HX-01803,2026-04-06,Meta Ads,EMP-01,PV-004,Hero Dash 110,6290000,120,4,NO_INFORMA,credito,SI,Perdido
HX-01804,2026-03-15,WhatsApp,EMP-01,PV-003,AKT Evo RS 150,7190000,8,2,SI,credito,SI,Perdido
HX-01805,2026-07-23,WhatsApp,EMP-01,PV-004,Hero Eco Deluxe 100,4990000,16,6,NO_INFORMA,credito,SI,Perdido
HX-01806,2026-04-17,Meta Ads,EMP-03,PV-012,Suzuki Gixxer 150,11990000,2,6,NO_INFORMA,credito,SI,Perdido
HX-01807,2026-06-25,WhatsApp,EMP-01,PV-002,Suzuki Gixxer 150,11990000,72,3,NO_INFORMA,no_informa,NO,Cerrado
HX-01808,2026-03-29,Meta Ads,EMP-01,PV-004,Suzuki V-Strom 250,21900000,24,4,NO,no_informa,SI,Cerrado
HX-01809,2026-03-09,Formulario Web,EMP-03,PV-015,Honda CB 125F Twister,7990000,0.5,6,SI,credito,NO,Perdido
HX-01810,2026-06-05,Meta Ads,EMP-02,PV-007,AKT NKD 125,5290000,24,5,SI,credito,SI,Perdido
HX-01811,2026-03-01,WhatsApp,EMP-02,PV-009,Bajaj Discover 125,6990000,72,5,NO_INFORMA,credito,NO,Perdido
HX-01812,2026-03-23,WhatsApp,EMP-02,PV-009,Hero Dash 110,6290000,8,5,NO_INFORMA,credito,NO,Perdido
HX-01813,2026-06-08,Meta Ads,EMP-02,PV-006,Suzuki Gixxer 150,11990000,1,6,SI,credito,NO,Perdido
HX-01814,2026-04-17,Meta Ads,EMP-03,PV-014,Honda Dio 110,6890000,120,1,SI,credito,NO,Perdido
HX-01815,2026-06-29,WhatsApp,EMP-01,PV-002,Hero Eco Deluxe 100,4990000,16,7,SI,no_informa,NO,Perdido
HX-01816,2026-05-16,Meta Ads,EMP-03,PV-013,Bajaj Boxer CT 100,5790000,2,5,SI,no_informa,NO,Perdido
HX-01817,2026-05-25,Meta Ads,EMP-02,PV-006,Bajaj Pulsar NS 125,8990000,,0,NO_INFORMA,no_informa,NO,Sin gestión
HX-01818,2026-06-15,WhatsApp,EMP-02,PV-006,Hero Hunk 160R,10490000,4,6,SI,credito,SI,Perdido
HX-01819,2026-04-28,Formulario Web,EMP-01,PV-002,Honda CB 125F Twister,7990000,2,6,SI,credito,NO,Perdido
HX-01820,2026-06-05,WhatsApp,EMP-03,PV-012,Bajaj Boxer CT 100,5790000,120,5,NO,credito,SI,Perdido
HX-01821,2026-07-17,WhatsApp,EMP-01,PV-003,Hero Eco Deluxe 100,4990000,2,6,NO_INFORMA,no_informa,NO,Perdido
HX-01822,2026-06-01,WhatsApp,EMP-03,PV-015,Honda XRE 300,22900000,48,3,NO_INFORMA,credito,NO,Perdido
HX-01823,2026-07-22,Meta Ads,EMP-03,PV-015,Bajaj Discover 125,6990000,1,5,NO_INFORMA,contado,NO,Perdido
HX-01824,2026-05-04,Meta Ads,EMP-01,PV-002,AKT TTR 200,9890000,2,4,NO,no_informa,NO,Perdido
HX-01825,2026-04-20,Formulario Web,EMP-02,PV-007,Suzuki Gixxer 150,11990000,72,4,NO_INFORMA,credito,NO,Perdido
HX-01826,2026-04-17,WhatsApp,EMP-03,PV-014,Bajaj Boxer CT 100,5790000,48,1,NO_INFORMA,credito,SI,Perdido
HX-01827,2026-04-17,Formulario Web,EMP-01,PV-005,Bajaj Pulsar NS 125,8990000,120,4,SI,credito,NO,Perdido
HX-01828,2026-06-30,Formulario Web,EMP-01,PV-003,Hero Hunk 160R,10490000,4,5,NO_INFORMA,credito,SI,Perdido
HX-01829,2026-03-30,WhatsApp,EMP-01,PV-002,Bajaj Pulsar NS 160,11290000,8,3,SI,credito,NO,Perdido
HX-01830,2026-04-07,WhatsApp,EMP-02,PV-010,Honda CB 190R,13990000,48,3,NO,no_informa,NO,Perdido
HX-01831,2026-06-22,WhatsApp,EMP-01,PV-003,Honda CB 125F Twister,7990000,,0,NO_INFORMA,no_informa,NO,Sin gestión
HX-01832,2026-05-29,WhatsApp,EMP-02,PV-010,Honda XRE 300,22900000,2,5,NO_INFORMA,credito,SI,Perdido
HX-01833,2026-06-27,Meta Ads,EMP-02,PV-006,Hero Dash 110,6290000,72,5,NO_INFORMA,credito,NO,Perdido
HX-01834,2026-05-16,WhatsApp,EMP-01,PV-001,Bajaj Pulsar RS 200,15490000,16,3,NO_INFORMA,credito,NO,Perdido
HX-01835,2026-06-16,WhatsApp,EMP-01,PV-002,Suzuki V-Strom 250,21900000,24,4,SI,credito,NO,Perdido
HX-01836,2026-04-18,WhatsApp,EMP-02,PV-007,Bajaj Boxer CT 100,5790000,72,4,SI,credito,NO,Perdido
HX-01837,2026-03-31,Meta Ads,EMP-03,PV-014,Bajaj Discover 125,6990000,,0,NO,no_informa,SI,Sin gestión
HX-01838,2026-06-07,WhatsApp,EMP-01,PV-001,Bajaj Dominar 400,24900000,48,4,NO_INFORMA,credito,NO,Perdido
HX-01839,2026-03-31,WhatsApp,EMP-01,PV-002,Bajaj Pulsar RS 200,15490000,120,1,NO,credito,SI,Perdido
HX-01840,2026-04-12,WhatsApp,EMP-01,PV-004,Hero Dash 110,6290000,,0,NO,credito,SI,Sin gestión
HX-01841,2026-04-12,WhatsApp,EMP-01,PV-005,Honda XR 150L,11490000,72,7,SI,no_informa,NO,Perdido
HX-01842,2026-05-03,WhatsApp,EMP-03,PV-012,Bajaj Pulsar RS 200,15490000,24,6,SI,credito,NO,Perdido
HX-01843,2026-07-18,Meta Ads,EMP-03,PV-015,Honda CB 190R,13990000,1,7,NO,no_informa,SI,Perdido
HX-01844,2026-05-12,Meta Ads,EMP-01,PV-004,Honda CB 125F Twister,7990000,2,4,SI,credito,NO,Perdido
HX-01845,2026-05-05,WhatsApp,EMP-01,PV-001,Bajaj Pulsar NS 160,11290000,48,7,NO,contado,NO,Perdido
HX-01846,2026-03-08,Meta Ads,EMP-02,PV-006,Honda XR 150L,11490000,0.5,6,NO_INFORMA,contado,SI,Perdido
HX-01847,2026-06-02,WhatsApp,EMP-01,PV-005,Honda XRE 300,22900000,72,4,NO,credito,SI,Perdido
HX-01848,2026-07-03,WhatsApp,EMP-02,PV-009,Honda CB 125F Twister,7990000,16,1,SI,no_informa,NO,Perdido
HX-01849,2026-05-14,Meta Ads,EMP-03,PV-015,AKT Dynamic R3 125,5590000,2,6,NO,no_informa,SI,Perdido
HX-01850,2026-07-25,Formulario Web,EMP-01,PV-005,Hero Hunk 160R,10490000,120,5,NO,contado,NO,Perdido
HX-01851,2026-06-25,WhatsApp,EMP-03,PV-015,Honda XRE 300,22900000,,0,NO_INFORMA,credito,NO,Sin gestión
HX-01852,2026-03-06,WhatsApp,EMP-02,PV-007,Bajaj Boxer CT 100,5790000,72,2,NO,credito,NO,Perdido
HX-01853,2026-04-11,WhatsApp,EMP-02,PV-008,AKT Evo RS 150,7190000,48,7,NO,credito,SI,Perdido
HX-01854,2026-03-11,WhatsApp,EMP-02,PV-007,Bajaj Pulsar NS 125,8990000,1,4,SI,credito,NO,Perdido
HX-01855,2026-06-17,Meta Ads,EMP-02,PV-008,Hero Xpulse 200,14990000,48,1,SI,credito,NO,Perdido
HX-01856,2026-07-01,Meta Ads,EMP-03,PV-014,Bajaj Pulsar RS 200,15490000,8,2,SI,credito,NO,Perdido
HX-01857,2026-04-18,WhatsApp,EMP-03,PV-013,Bajaj Pulsar RS 200,15490000,48,3,NO_INFORMA,credito,NO,Perdido
HX-01858,2026-07-02,WhatsApp,EMP-02,PV-006,Bajaj Dominar 400,24900000,16,2,SI,credito,NO,Perdido
HX-01859,2026-05-09,Meta Ads,EMP-02,PV-009,AKT Evo RS 150,7190000,1,3,NO,contado,SI,Perdido
HX-01860,2026-04-21,WhatsApp,EMP-02,PV-007,Hero Xpulse 200,14990000,72,4,NO_INFORMA,credito,NO,Perdido
HX-01861,2026-03-04,Meta Ads,EMP-03,PV-014,Suzuki Best 125,6590000,0.5,6,NO,credito,NO,Perdido
HX-01862,2026-03-22,WhatsApp,EMP-03,PV-012,Bajaj Boxer CT 100,5790000,2,6,SI,credito,NO,Perdido
HX-01863,2026-07-09,WhatsApp,EMP-02,PV-006,Bajaj Pulsar NS 160,11290000,8,2,NO_INFORMA,credito,NO,Perdido
HX-01864,2026-05-29,WhatsApp,EMP-02,PV-008,AKT NKD 125,5290000,16,7,NO,credito,NO,Perdido
HX-01865,2026-05-03,Formulario Web,EMP-03,PV-015,Hero Xpulse 200,14990000,,0,NO_INFORMA,credito,NO,Sin gestión
HX-01866,2026-04-25,Meta Ads,EMP-03,PV-012,Honda XR 150L,11490000,8,7,NO,credito,NO,Perdido
HX-01867,2026-07-10,Formulario Web,EMP-01,PV-004,Honda CB 125F Twister,7990000,2,5,SI,credito,NO,Cerrado
HX-01868,2026-04-05,WhatsApp,EMP-01,PV-003,Honda Dio 110,6890000,1,7,SI,credito,NO,Cerrado
HX-01869,2026-06-18,Meta Ads,EMP-01,PV-005,Suzuki GN 125,7490000,1,5,SI,credito,NO,Perdido
HX-01870,2026-06-20,Meta Ads,EMP-02,PV-009,Bajaj Pulsar NS 125,8990000,8,2,NO_INFORMA,credito,NO,Perdido
HX-01871,2026-04-07,WhatsApp,EMP-03,PV-013,Bajaj Pulsar RS 200,15490000,,0,NO_INFORMA,credito,SI,Sin gestión
HX-01872,2026-03-11,Formulario Web,EMP-02,PV-008,AKT Dynamic R3 125,5590000,24,5,SI,credito,SI,Perdido
HX-01873,2026-04-16,WhatsApp,EMP-01,PV-003,Suzuki V-Strom 250,21900000,120,7,NO_INFORMA,no_informa,SI,Perdido
HX-01874,2026-07-14,WhatsApp,EMP-01,PV-004,Honda CB 190R,13990000,48,4,SI,credito,NO,Perdido
HX-01875,2026-06-13,Meta Ads,EMP-01,PV-005,AKT Evo RS 150,7190000,1,6,SI,credito,NO,Perdido
HX-01876,2026-04-28,WhatsApp,EMP-01,PV-002,Hero Xpulse 200,14990000,120,3,SI,credito,NO,Perdido
HX-01877,2026-03-12,WhatsApp,EMP-01,PV-003,Suzuki Gixxer 150,11990000,4,5,SI,contado,NO,Perdido
HX-01878,2026-03-18,WhatsApp,EMP-02,PV-010,Hero Hunk 160R,10490000,1,7,SI,no_informa,SI,Perdido
HX-01879,2026-03-09,Formulario Web,EMP-01,PV-003,AKT TTR 200,9890000,8,7,NO,credito,NO,Perdido
HX-01880,2026-06-21,WhatsApp,EMP-02,PV-008,AKT TTR 200,9890000,1,5,SI,contado,NO,Perdido
HX-01881,2026-05-27,WhatsApp,EMP-01,PV-001,Bajaj Dominar 400,24900000,8,7,SI,credito,SI,Perdido
HX-01882,2026-07-09,WhatsApp,EMP-02,PV-010,Bajaj Discover 125,6990000,72,3,NO_INFORMA,contado,NO,Perdido
HX-01883,2026-07-14,WhatsApp,EMP-01,PV-005,Bajaj Pulsar NS 125,8990000,16,3,NO_INFORMA,credito,NO,Perdido
HX-01884,2026-03-11,Formulario Web,EMP-02,PV-007,Honda XRE 300,22900000,16,6,SI,credito,SI,Perdido
HX-01885,2026-06-24,WhatsApp,EMP-02,PV-008,Bajaj Pulsar NS 160,11290000,2,4,NO_INFORMA,credito,SI,Perdido
HX-01886,2026-05-20,WhatsApp,EMP-01,PV-004,AKT NKD 125,5290000,24,2,NO,credito,SI,Perdido
HX-01887,2026-06-30,WhatsApp,EMP-01,PV-004,Honda XR 150L,11490000,16,7,SI,no_informa,NO,Cerrado
HX-01888,2026-07-20,Meta Ads,EMP-03,PV-011,Suzuki Best 125,6590000,2,6,NO_INFORMA,credito,NO,Perdido
HX-01889,2026-04-08,WhatsApp,EMP-03,PV-015,Suzuki Gixxer 150,11990000,1,7,NO,credito,SI,Cerrado
HX-01890,2026-07-22,WhatsApp,EMP-01,PV-001,AKT NKD 125,5290000,1,7,SI,credito,SI,Perdido
HX-01891,2026-04-23,WhatsApp,EMP-03,PV-015,Honda CB 190R,13990000,4,7,NO,no_informa,SI,Perdido
HX-01892,2026-07-28,Formulario Web,EMP-03,PV-014,Suzuki Best 125,6590000,8,1,NO_INFORMA,no_informa,SI,Perdido
HX-01893,2026-03-14,Formulario Web,EMP-02,PV-006,AKT NKD 125,5290000,0.5,7,NO_INFORMA,credito,NO,Perdido
HX-01894,2026-06-08,Meta Ads,EMP-02,PV-008,AKT NKD 125,5290000,72,1,NO,credito,SI,Perdido
HX-01895,2026-06-17,WhatsApp,EMP-01,PV-001,Bajaj Boxer CT 100,5790000,72,4,SI,credito,SI,Perdido
HX-01896,2026-03-18,Meta Ads,EMP-01,PV-005,Honda CB 190R,13990000,16,6,NO,credito,NO,Perdido
HX-01897,2026-04-12,Meta Ads,EMP-03,PV-014,AKT TTR 200,9890000,1,4,NO_INFORMA,credito,NO,Perdido
HX-01898,2026-05-11,WhatsApp,EMP-02,PV-007,Honda Dio 110,6890000,24,1,NO,contado,NO,Perdido
HX-01899,2026-06-10,WhatsApp,EMP-01,PV-003,Bajaj Boxer CT 100,5790000,24,3,SI,credito,NO,Perdido
HX-01900,2026-06-23,Meta Ads,EMP-03,PV-011,AKT NKD 125,5290000,24,6,SI,credito,NO,Perdido
HX-01901,2026-03-02,WhatsApp,EMP-02,PV-006,Suzuki Best 125,6590000,24,5,NO,no_informa,SI,Perdido
HX-01902,2026-07-12,WhatsApp,EMP-01,PV-002,Bajaj Pulsar NS 160,11290000,4,3,SI,no_informa,NO,Cerrado
HX-01903,2026-04-06,WhatsApp,EMP-03,PV-013,Suzuki GN 125,7490000,8,5,NO,contado,NO,Perdido
HX-01904,2026-03-23,WhatsApp,EMP-02,PV-008,AKT Dynamic R3 125,5590000,48,7,SI,credito,SI,Perdido
HX-01905,2026-04-17,WhatsApp,EMP-03,PV-012,Suzuki V-Strom 250,21900000,4,5,SI,credito,NO,Perdido
HX-01906,2026-05-04,WhatsApp,EMP-03,PV-011,Honda Dio 110,6890000,8,3,NO,no_informa,NO,Perdido
HX-01907,2026-05-10,WhatsApp,EMP-02,PV-009,Hero Dash 110,6290000,4,4,NO,contado,NO,Perdido
HX-01908,2026-07-20,WhatsApp,EMP-01,PV-004,Bajaj Boxer CT 100,5790000,48,5,SI,contado,NO,Perdido
HX-01909,2026-03-07,Meta Ads,EMP-02,PV-008,Suzuki Gixxer 150,11990000,72,5,NO,no_informa,NO,Perdido
HX-01910,2026-04-17,Formulario Web,EMP-02,PV-006,Hero Hunk 160R,10490000,72,4,NO,contado,SI,Perdido
HX-01911,2026-04-01,WhatsApp,EMP-01,PV-002,Suzuki GN 125,7490000,2,4,NO,credito,NO,Perdido
HX-01912,2026-05-12,Meta Ads,EMP-01,PV-003,Bajaj Pulsar NS 125,8990000,2,2,SI,credito,NO,Perdido
HX-01913,2026-06-11,WhatsApp,EMP-03,PV-013,AKT Evo RS 150,7190000,4,4,NO_INFORMA,credito,NO,Perdido
HX-01914,2026-06-27,WhatsApp,EMP-03,PV-013,AKT Evo RS 150,7190000,16,2,NO,credito,NO,Perdido
HX-01915,2026-04-23,WhatsApp,EMP-02,PV-008,Suzuki Best 125,6590000,8,4,NO_INFORMA,credito,NO,Perdido
HX-01916,2026-05-16,Formulario Web,EMP-03,PV-011,Bajaj Pulsar NS 125,8990000,2,3,NO_INFORMA,contado,NO,Perdido
HX-01917,2026-03-08,Meta Ads,EMP-02,PV-010,Honda XRE 300,22900000,48,7,NO_INFORMA,credito,NO,Perdido
HX-01918,2026-07-25,Formulario Web,EMP-02,PV-007,Bajaj Dominar 400,24900000,48,1,NO_INFORMA,contado,NO,Perdido
HX-01919,2026-05-19,WhatsApp,EMP-02,PV-009,Bajaj Pulsar NS 125,8990000,24,1,SI,credito,NO,Perdido
HX-01920,2026-05-31,Meta Ads,EMP-01,PV-001,Hero Dash 110,6290000,72,7,SI,credito,SI,Perdido
HX-01921,2026-05-25,Meta Ads,EMP-01,PV-005,AKT TTR 200,9890000,0.5,3,NO_INFORMA,contado,NO,Perdido
HX-01922,2026-04-12,Formulario Web,EMP-01,PV-005,Honda XR 150L,11490000,1,5,SI,credito,NO,Perdido
HX-01923,2026-03-30,WhatsApp,EMP-03,PV-015,Bajaj Discover 125,6990000,48,3,NO,credito,SI,Perdido
HX-01924,2026-04-09,WhatsApp,EMP-01,PV-005,Hero Dash 110,6290000,24,1,NO_INFORMA,contado,NO,Perdido
HX-01925,2026-06-13,Meta Ads,EMP-01,PV-004,Bajaj Discover 125,6990000,24,3,SI,credito,NO,Perdido
HX-01926,2026-07-25,WhatsApp,EMP-01,PV-001,Hero Dash 110,6290000,0.5,7,SI,credito,SI,Perdido
HX-01927,2026-06-01,Formulario Web,EMP-03,PV-012,Hero Dash 110,6290000,8,4,NO_INFORMA,credito,SI,Perdido
HX-01928,2026-05-23,WhatsApp,EMP-03,PV-015,Hero Xpulse 200,14990000,8,2,NO_INFORMA,no_informa,NO,Perdido
HX-01929,2026-05-01,Meta Ads,EMP-03,PV-015,Honda XRE 300,22900000,16,7,NO,credito,SI,Perdido
HX-01930,2026-04-01,WhatsApp,EMP-03,PV-012,Honda Navi,7290000,48,6,SI,no_informa,NO,Perdido
HX-01931,2026-05-01,WhatsApp,EMP-03,PV-011,Hero Xpulse 200,14990000,0.5,4,SI,credito,NO,Perdido
HX-01932,2026-05-23,WhatsApp,EMP-03,PV-012,AKT Dynamic R3 125,5590000,8,1,NO,contado,NO,Perdido
HX-01933,2026-05-11,WhatsApp,EMP-01,PV-005,Bajaj Discover 125,6990000,4,2,SI,credito,NO,Cerrado
HX-01934,2026-05-14,WhatsApp,EMP-01,PV-005,AKT Dynamic R3 125,5590000,24,3,NO,credito,NO,Perdido
HX-01935,2026-03-28,Meta Ads,EMP-03,PV-015,AKT TTR 200,9890000,4,3,SI,credito,NO,Perdido
HX-01936,2026-03-08,WhatsApp,EMP-03,PV-013,Bajaj Discover 125,6990000,,0,SI,credito,NO,Sin gestión
HX-01937,2026-06-23,Meta Ads,EMP-01,PV-003,Honda Dio 110,6890000,2,5,NO_INFORMA,no_informa,SI,Perdido
HX-01938,2026-04-05,WhatsApp,EMP-01,PV-003,Suzuki V-Strom 250,21900000,2,6,SI,credito,NO,Perdido
HX-01939,2026-05-27,Formulario Web,EMP-01,PV-003,Suzuki Gixxer 150,11990000,24,6,SI,credito,NO,Perdido
HX-01940,2026-06-20,WhatsApp,EMP-03,PV-012,Bajaj Pulsar NS 125,8990000,1,7,SI,credito,SI,Cerrado
HX-01941,2026-05-07,WhatsApp,EMP-03,PV-015,AKT TTR 200,9890000,4,4,NO,contado,NO,Perdido
HX-01942,2026-05-12,Meta Ads,EMP-03,PV-014,Honda Navi,7290000,120,3,SI,credito,SI,Perdido
HX-01943,2026-06-07,WhatsApp,EMP-02,PV-009,Bajaj Dominar 400,24900000,,0,NO,credito,NO,Sin gestión
HX-01944,2026-05-19,WhatsApp,EMP-01,PV-001,Suzuki Gixxer 150,11990000,4,5,NO_INFORMA,credito,NO,Perdido
HX-01945,2026-03-29,Meta Ads,EMP-02,PV-009,Suzuki GN 125,7490000,4,2,SI,credito,NO,Perdido
HX-01946,2026-06-26,WhatsApp,EMP-02,PV-007,AKT NKD 125,5290000,16,1,NO_INFORMA,no_informa,NO,Perdido
HX-01947,2026-06-08,WhatsApp,EMP-02,PV-010,AKT Dynamic R3 125,5590000,48,6,NO_INFORMA,credito,NO,Perdido
HX-01948,2026-07-08,WhatsApp,EMP-03,PV-015,AKT Dynamic R3 125,5590000,2,2,NO_INFORMA,no_informa,NO,Cerrado
HX-01949,2026-07-03,WhatsApp,EMP-01,PV-005,Honda CB 125F Twister,7990000,,0,SI,credito,NO,Sin gestión
HX-01950,2026-05-12,WhatsApp,EMP-02,PV-008,Hero Xpulse 200,14990000,24,7,NO_INFORMA,credito,NO,Perdido
HX-01951,2026-05-25,WhatsApp,EMP-03,PV-014,Honda Dio 110,6890000,16,7,NO,credito,NO,Perdido
HX-01952,2026-05-26,Meta Ads,EMP-01,PV-002,Suzuki Best 125,6590000,16,7,SI,no_informa,SI,Perdido
HX-01953,2026-04-10,WhatsApp,EMP-02,PV-008,AKT NKD 125,5290000,0.5,6,SI,credito,NO,Perdido
HX-01954,2026-05-17,WhatsApp,EMP-01,PV-003,Honda Navi,7290000,2,6,NO,credito,NO,Perdido
HX-01955,2026-03-16,WhatsApp,EMP-03,PV-013,Bajaj Pulsar RS 200,15490000,48,6,NO,credito,NO,Perdido
HX-01956,2026-07-14,WhatsApp,EMP-02,PV-009,AKT Dynamic R3 125,5590000,72,6,NO,credito,NO,Perdido
HX-01957,2026-04-19,WhatsApp,EMP-03,PV-012,AKT Dynamic R3 125,5590000,,0,NO,credito,NO,Sin gestión
HX-01958,2026-06-02,WhatsApp,EMP-02,PV-008,Honda XRE 300,22900000,48,6,SI,no_informa,NO,Perdido
HX-01959,2026-04-16,Meta Ads,EMP-03,PV-012,AKT Evo RS 150,7190000,48,7,NO,contado,NO,Perdido
HX-01960,2026-06-28,Meta Ads,EMP-01,PV-002,Honda XR 150L,11490000,,0,NO_INFORMA,credito,SI,Sin gestión
HX-01961,2026-06-11,WhatsApp,EMP-02,PV-010,Bajaj Pulsar NS 125,8990000,48,3,NO_INFORMA,credito,SI,Perdido
HX-01962,2026-05-01,WhatsApp,EMP-03,PV-015,Hero Dash 110,6290000,48,5,NO,credito,NO,Perdido
HX-01963,2026-07-14,Meta Ads,EMP-03,PV-013,AKT NKD 125,5290000,,0,SI,credito,NO,Sin gestión
HX-01964,2026-04-27,WhatsApp,EMP-03,PV-014,Bajaj Pulsar NS 160,11290000,4,6,SI,credito,NO,Perdido
HX-01965,2026-05-19,WhatsApp,EMP-02,PV-008,Bajaj Discover 125,6990000,2,6,NO_INFORMA,credito,NO,Perdido
HX-01966,2026-05-28,WhatsApp,EMP-01,PV-003,Honda CB 190R,13990000,4,4,SI,credito,NO,Cerrado
HX-01967,2026-05-31,Meta Ads,EMP-03,PV-013,Suzuki GN 125,7490000,48,1,NO_INFORMA,credito,SI,Perdido
HX-01968,2026-05-24,WhatsApp,EMP-01,PV-003,Suzuki GN 125,7490000,2,7,NO,contado,NO,Perdido
HX-01969,2026-04-04,Meta Ads,EMP-01,PV-005,Bajaj Pulsar RS 200,15490000,,0,SI,no_informa,NO,Sin gestión
HX-01970,2026-03-11,Formulario Web,EMP-03,PV-014,Bajaj Pulsar NS 125,8990000,8,4,NO,credito,NO,Perdido
HX-01971,2026-06-15,WhatsApp,EMP-03,PV-013,Honda CB 190R,13990000,120,6,SI,credito,NO,Perdido
HX-01972,2026-03-26,WhatsApp,EMP-03,PV-015,Honda XR 150L,11490000,1,1,NO,credito,NO,Cerrado
HX-01973,2026-07-28,Meta Ads,EMP-03,PV-011,Hero Eco Deluxe 100,4990000,16,3,NO,credito,NO,Perdido
HX-01974,2026-07-20,WhatsApp,EMP-03,PV-011,Suzuki V-Strom 250,21900000,,0,NO_INFORMA,credito,NO,Sin gestión
HX-01975,2026-07-10,Meta Ads,EMP-03,PV-011,Hero Xpulse 200,14990000,2,7,SI,credito,NO,Perdido
HX-01976,2026-04-06,WhatsApp,EMP-03,PV-012,Hero Dash 110,6290000,8,1,SI,credito,SI,Perdido
HX-01977,2026-04-09,WhatsApp,EMP-02,PV-008,Bajaj Pulsar RS 200,15490000,2,7,SI,credito,NO,Perdido
HX-01978,2026-04-02,WhatsApp,EMP-02,PV-006,Bajaj Pulsar RS 200,15490000,4,5,SI,credito,NO,Perdido
HX-01979,2026-05-04,WhatsApp,EMP-02,PV-006,Suzuki Best 125,6590000,8,1,SI,credito,NO,Perdido
HX-01980,2026-07-21,Formulario Web,EMP-03,PV-013,Bajaj Discover 125,6990000,2,5,NO_INFORMA,no_informa,NO,Perdido
HX-01981,2026-05-15,Meta Ads,EMP-01,PV-002,Hero Hunk 160R,10490000,2,3,SI,credito,NO,Perdido
HX-01982,2026-07-19,WhatsApp,EMP-01,PV-003,Honda CB 125F Twister,7990000,4,1,SI,contado,NO,Perdido
HX-01983,2026-04-24,Meta Ads,EMP-03,PV-014,Honda Navi,7290000,2,6,NO,credito,NO,Perdido
HX-01984,2026-07-11,WhatsApp,EMP-01,PV-003,Honda XR 150L,11490000,2,5,NO,no_informa,SI,Perdido
HX-01985,2026-06-13,WhatsApp,EMP-02,PV-009,Bajaj Pulsar NS 125,8990000,8,5,SI,credito,NO,Perdido
HX-01986,2026-06-30,Formulario Web,EMP-01,PV-002,Honda CB 125F Twister,7990000,8,1,SI,credito,NO,Perdido
HX-01987,2026-04-08,WhatsApp,EMP-02,PV-010,Hero Hunk 160R,10490000,24,3,SI,credito,NO,Perdido
HX-01988,2026-04-30,WhatsApp,EMP-03,PV-012,Suzuki Gixxer 150,11990000,48,3,NO_INFORMA,contado,SI,Cerrado
HX-01989,2026-05-13,WhatsApp,EMP-01,PV-003,Suzuki GN 125,7490000,0.5,7,SI,contado,SI,Perdido
HX-01990,2026-03-24,Meta Ads,EMP-02,PV-006,AKT Dynamic R3 125,5590000,16,1,NO_INFORMA,credito,NO,Perdido
HX-01991,2026-03-19,WhatsApp,EMP-03,PV-012,Bajaj Dominar 400,24900000,0.5,7,SI,credito,SI,Perdido
HX-01992,2026-07-23,Formulario Web,EMP-03,PV-012,Suzuki GN 125,7490000,8,5,SI,credito,NO,Perdido
HX-01993,2026-07-21,Meta Ads,EMP-01,PV-004,Bajaj Boxer CT 100,5790000,16,4,NO,no_informa,NO,Perdido
HX-01994,2026-03-21,Meta Ads,EMP-03,PV-012,AKT NKD 125,5290000,24,7,NO,no_informa,SI,Perdido
HX-01995,2026-06-19,WhatsApp,EMP-01,PV-005,Bajaj Boxer CT 100,5790000,48,3,SI,credito,NO,Perdido
HX-01996,2026-03-20,WhatsApp,EMP-03,PV-011,Suzuki V-Strom 250,21900000,72,7,NO,contado,SI,Perdido
HX-01997,2026-07-05,WhatsApp,EMP-01,PV-001,Bajaj Boxer CT 100,5790000,2,6,SI,credito,NO,Perdido
HX-01998,2026-04-12,Meta Ads,EMP-02,PV-008,Suzuki V-Strom 250,21900000,72,3,SI,contado,NO,Perdido
HX-01999,2026-03-26,WhatsApp,EMP-01,PV-001,Honda CB 190R,13990000,24,3,NO,contado,SI,Cerrado
HX-02000,2026-03-15,Meta Ads,EMP-01,PV-002,Bajaj Pulsar NS 125,8990000,1,7,NO_INFORMA,credito,NO,Perdido
HX-02001,2026-03-28,WhatsApp,EMP-03,PV-012,Suzuki Gixxer 150,11990000,2,2,NO,credito,SI,Perdido
HX-02002,2026-07-21,WhatsApp,EMP-03,PV-011,Bajaj Pulsar NS 160,11290000,72,4,NO_INFORMA,no_informa,NO,Cerrado
HX-02003,2026-05-27,WhatsApp,EMP-03,PV-015,Bajaj Pulsar RS 200,15490000,1,6,SI,credito,NO,Perdido
HX-02004,2026-05-15,WhatsApp,EMP-03,PV-013,Bajaj Boxer CT 100,5790000,4,7,NO,credito,SI,Perdido
HX-02005,2026-07-21,WhatsApp,EMP-03,PV-012,Honda XRE 300,22900000,72,1,NO,credito,SI,Perdido
HX-02006,2026-05-06,Meta Ads,EMP-03,PV-015,Bajaj Pulsar NS 125,8990000,48,1,NO_INFORMA,credito,NO,Perdido
HX-02007,2026-05-30,Meta Ads,EMP-02,PV-007,Bajaj Boxer CT 100,5790000,4,5,NO_INFORMA,no_informa,NO,Perdido
HX-02008,2026-05-08,WhatsApp,EMP-03,PV-011,Honda CB 190R,13990000,,0,NO_INFORMA,credito,NO,Sin gestión
HX-02009,2026-07-04,WhatsApp,EMP-02,PV-010,Bajaj Pulsar NS 160,11290000,8,4,SI,credito,NO,Perdido
HX-02010,2026-04-11,WhatsApp,EMP-03,PV-014,Bajaj Dominar 400,24900000,4,2,SI,contado,NO,Perdido
HX-02011,2026-05-17,Meta Ads,EMP-01,PV-003,AKT Dynamic R3 125,5590000,1,1,SI,no_informa,NO,Perdido
HX-02012,2026-04-11,Formulario Web,EMP-02,PV-010,Hero Hunk 160R,10490000,8,2,SI,no_informa,NO,Perdido
HX-02013,2026-04-30,WhatsApp,EMP-03,PV-015,Hero Eco Deluxe 100,4990000,4,4,SI,credito,NO,Perdido
HX-02014,2026-03-06,WhatsApp,EMP-02,PV-008,Bajaj Boxer CT 100,5790000,4,5,NO_INFORMA,credito,NO,Perdido
HX-02015,2026-03-01,WhatsApp,EMP-01,PV-004,Suzuki GN 125,7490000,4,5,NO_INFORMA,credito,NO,Perdido
HX-02016,2026-04-25,WhatsApp,EMP-02,PV-007,Honda XR 150L,11490000,48,5,SI,no_informa,NO,Perdido
HX-02017,2026-04-22,WhatsApp,EMP-01,PV-004,Honda CB 125F Twister,7990000,0.5,5,SI,no_informa,NO,Perdido
HX-02018,2026-03-06,Meta Ads,EMP-02,PV-010,Bajaj Pulsar RS 200,15490000,2,5,SI,credito,NO,Perdido
HX-02019,2026-03-27,WhatsApp,EMP-03,PV-015,Honda CB 190R,13990000,48,6,NO,credito,NO,Perdido
HX-02020,2026-05-18,WhatsApp,EMP-02,PV-006,Hero Eco Deluxe 100,4990000,72,7,NO,credito,NO,Cerrado
HX-02021,2026-07-26,WhatsApp,EMP-01,PV-003,Hero Hunk 160R,10490000,4,3,NO_INFORMA,credito,NO,Perdido
HX-02022,2026-06-06,Formulario Web,EMP-01,PV-004,Bajaj Discover 125,6990000,8,4,NO_INFORMA,no_informa,NO,Cerrado
HX-02023,2026-03-15,WhatsApp,EMP-03,PV-015,Bajaj Pulsar NS 160,11290000,1,3,NO,credito,SI,Perdido
HX-02024,2026-07-23,Meta Ads,EMP-03,PV-014,Bajaj Discover 125,6990000,2,7,NO_INFORMA,credito,SI,Perdido
HX-02025,2026-06-15,WhatsApp,EMP-01,PV-001,Honda Dio 110,6890000,4,2,NO,contado,NO,Perdido
HX-02026,2026-04-19,WhatsApp,EMP-02,PV-009,Suzuki Best 125,6590000,0.5,5,NO,contado,NO,Perdido
HX-02027,2026-05-13,WhatsApp,EMP-01,PV-002,Bajaj Discover 125,6990000,2,5,SI,no_informa,NO,Perdido
HX-02028,2026-06-19,WhatsApp,EMP-02,PV-010,Honda XRE 300,22900000,72,7,NO,credito,NO,Perdido
HX-02029,2026-05-20,WhatsApp,EMP-02,PV-007,Bajaj Pulsar RS 200,15490000,16,6,NO_INFORMA,credito,NO,Perdido
HX-02030,2026-03-03,WhatsApp,EMP-03,PV-013,Hero Hunk 160R,10490000,16,4,SI,credito,NO,Perdido
HX-02031,2026-07-02,Meta Ads,EMP-03,PV-015,Honda Navi,7290000,72,6,NO_INFORMA,credito,NO,Perdido
HX-02032,2026-06-30,Formulario Web,EMP-01,PV-002,Suzuki Best 125,6590000,8,6,SI,no_informa,SI,Perdido
HX-02033,2026-07-06,WhatsApp,EMP-03,PV-011,Honda CB 190R,13990000,48,1,SI,credito,NO,Perdido
HX-02034,2026-05-05,WhatsApp,EMP-03,PV-012,Hero Hunk 160R,10490000,16,3,SI,contado,NO,Perdido
HX-02035,2026-06-13,Meta Ads,EMP-02,PV-008,Suzuki Best 125,6590000,0.5,2,NO,credito,SI,Perdido
HX-02036,2026-05-08,Meta Ads,EMP-02,PV-006,Hero Xpulse 200,14990000,120,3,SI,no_informa,NO,Perdido
HX-02037,2026-03-23,Meta Ads,EMP-01,PV-003,Hero Eco Deluxe 100,4990000,48,5,NO,contado,SI,Perdido
HX-02038,2026-05-22,Meta Ads,EMP-02,PV-007,Bajaj Pulsar NS 125,8990000,72,5,NO,credito,NO,Perdido
HX-02039,2026-06-08,WhatsApp,EMP-02,PV-009,Suzuki Best 125,6590000,0.5,3,SI,credito,NO,Perdido
HX-02040,2026-03-24,WhatsApp,EMP-01,PV-004,Suzuki GN 125,7490000,4,2,SI,no_informa,NO,Perdido
HX-02041,2026-03-25,WhatsApp,EMP-03,PV-011,Suzuki GN 125,7490000,4,3,SI,credito,NO,Perdido
HX-02042,2026-03-04,WhatsApp,EMP-01,PV-002,Hero Eco Deluxe 100,4990000,0.5,1,NO_INFORMA,credito,NO,Perdido
HX-02043,2026-03-14,WhatsApp,EMP-01,PV-002,Suzuki Gixxer 150,11990000,4,5,SI,contado,NO,Perdido
HX-02044,2026-07-07,Formulario Web,EMP-02,PV-008,Honda XR 150L,11490000,48,4,NO_INFORMA,credito,NO,Perdido
HX-02045,2026-06-19,WhatsApp,EMP-03,PV-013,Bajaj Boxer CT 100,5790000,8,1,NO,credito,NO,Perdido
HX-02046,2026-07-09,Meta Ads,EMP-03,PV-012,AKT TTR 200,9890000,,0,SI,contado,NO,Sin gestión
HX-02047,2026-04-10,Meta Ads,EMP-02,PV-009,AKT Dynamic R3 125,5590000,0.5,3,SI,credito,NO,Perdido
HX-02048,2026-05-25,WhatsApp,EMP-02,PV-006,AKT NKD 125,5290000,8,4,SI,credito,NO,Perdido
HX-02049,2026-03-24,WhatsApp,EMP-03,PV-011,Honda XR 150L,11490000,24,4,NO,credito,NO,Perdido
HX-02050,2026-07-01,WhatsApp,EMP-02,PV-006,Honda XR 150L,11490000,,0,NO,credito,SI,Sin gestión
HX-02051,2026-03-30,Meta Ads,EMP-02,PV-009,Honda CB 125F Twister,7990000,16,6,SI,credito,NO,Cerrado
HX-02052,2026-05-14,WhatsApp,EMP-01,PV-001,Bajaj Pulsar NS 160,11290000,2,4,NO_INFORMA,no_informa,SI,Perdido
HX-02053,2026-05-14,WhatsApp,EMP-03,PV-012,Hero Dash 110,6290000,48,5,NO_INFORMA,contado,NO,Perdido
HX-02054,2026-06-23,WhatsApp,EMP-01,PV-004,Honda CB 190R,13990000,2,5,NO,contado,NO,Perdido
HX-02055,2026-04-22,Formulario Web,EMP-02,PV-008,Bajaj Pulsar NS 125,8990000,0.5,5,NO,credito,SI,Cerrado
HX-02056,2026-03-11,WhatsApp,EMP-03,PV-014,Suzuki V-Strom 250,21900000,16,5,NO_INFORMA,no_informa,SI,Perdido
HX-02057,2026-03-09,WhatsApp,EMP-01,PV-002,Hero Dash 110,6290000,4,2,NO_INFORMA,credito,NO,Perdido
HX-02058,2026-03-31,Meta Ads,EMP-03,PV-011,Bajaj Discover 125,6990000,24,4,SI,credito,NO,Cerrado
HX-02059,2026-06-16,WhatsApp,EMP-01,PV-003,Honda Navi,7290000,2,3,NO_INFORMA,credito,NO,Perdido
HX-02060,2026-03-17,WhatsApp,EMP-01,PV-002,Bajaj Boxer CT 100,5790000,24,3,NO_INFORMA,credito,SI,Perdido
HX-02061,2026-06-29,WhatsApp,EMP-02,PV-007,Honda Navi,7290000,8,4,NO,credito,NO,Cerrado
HX-02062,2026-06-07,WhatsApp,EMP-03,PV-013,Bajaj Pulsar NS 160,11290000,,0,NO_INFORMA,credito,SI,Sin gestión
HX-02063,2026-06-04,WhatsApp,EMP-01,PV-003,Honda Dio 110,6890000,1,5,SI,credito,NO,Perdido
HX-02064,2026-06-21,WhatsApp,EMP-03,PV-015,Bajaj Pulsar RS 200,15490000,1,7,NO,credito,NO,Perdido
HX-02065,2026-06-13,Meta Ads,EMP-03,PV-015,Hero Eco Deluxe 100,4990000,2,1,SI,credito,NO,Perdido
HX-02066,2026-06-11,WhatsApp,EMP-02,PV-006,Bajaj Dominar 400,24900000,1,2,NO,credito,SI,Perdido
HX-02067,2026-03-21,Formulario Web,EMP-02,PV-009,AKT NKD 125,5290000,,0,NO_INFORMA,no_informa,NO,Sin gestión
HX-02068,2026-05-08,Formulario Web,EMP-03,PV-015,Bajaj Dominar 400,24900000,72,7,NO,no_informa,NO,Perdido
HX-02069,2026-07-10,Meta Ads,EMP-01,PV-001,Bajaj Boxer CT 100,5790000,,0,NO,credito,NO,Sin gestión
HX-02070,2026-03-21,Meta Ads,EMP-03,PV-012,AKT Dynamic R3 125,5590000,8,6,NO,credito,NO,Perdido
HX-02071,2026-03-11,WhatsApp,EMP-02,PV-007,Honda Navi,7290000,4,5,NO,credito,NO,Perdido
HX-02072,2026-05-26,Meta Ads,EMP-02,PV-008,AKT Evo RS 150,7190000,1,1,NO,no_informa,NO,Perdido
HX-02073,2026-05-24,WhatsApp,EMP-01,PV-001,Hero Hunk 160R,10490000,24,7,SI,contado,NO,Perdido
HX-02074,2026-07-03,WhatsApp,EMP-03,PV-012,Suzuki Gixxer 150,11990000,2,6,NO,credito,NO,Perdido
HX-02075,2026-05-23,Meta Ads,EMP-01,PV-002,AKT NKD 125,5290000,48,1,NO_INFORMA,credito,NO,Perdido
HX-02076,2026-06-23,Meta Ads,EMP-03,PV-015,Honda XR 150L,11490000,16,6,NO_INFORMA,credito,NO,Perdido
HX-02077,2026-07-19,Meta Ads,EMP-03,PV-014,Honda XR 150L,11490000,1,1,NO,credito,NO,Cerrado
HX-02078,2026-07-23,WhatsApp,EMP-02,PV-007,Honda CB 125F Twister,7990000,2,6,SI,credito,NO,Perdido
HX-02079,2026-03-13,WhatsApp,EMP-03,PV-012,Hero Dash 110,6290000,4,4,SI,contado,NO,Perdido
HX-02080,2026-04-19,Meta Ads,EMP-01,PV-005,Hero Hunk 160R,10490000,24,3,SI,credito,NO,Perdido
HX-02081,2026-04-24,WhatsApp,EMP-01,PV-002,Bajaj Boxer CT 100,5790000,48,4,NO,contado,NO,Perdido
HX-02082,2026-06-05,WhatsApp,EMP-01,PV-002,Honda Navi,7290000,1,3,NO,credito,NO,Perdido
HX-02083,2026-06-16,WhatsApp,EMP-01,PV-002,Hero Dash 110,6290000,120,7,NO_INFORMA,credito,NO,Perdido
HX-02084,2026-04-21,Meta Ads,EMP-02,PV-007,Suzuki Gixxer 150,11990000,16,5,NO,no_informa,NO,Perdido
HX-02085,2026-06-23,WhatsApp,EMP-03,PV-014,Hero Xpulse 200,14990000,4,5,SI,contado,NO,Perdido
HX-02086,2026-05-05,WhatsApp,EMP-01,PV-005,Honda XR 150L,11490000,16,7,NO_INFORMA,credito,NO,Perdido
HX-02087,2026-06-04,Meta Ads,EMP-02,PV-010,Bajaj Boxer CT 100,5790000,,0,SI,credito,NO,Sin gestión
HX-02088,2026-06-18,Formulario Web,EMP-01,PV-003,AKT NKD 125,5290000,48,4,NO,no_informa,NO,Perdido
HX-02089,2026-04-01,WhatsApp,EMP-01,PV-001,Bajaj Dominar 400,24900000,8,7,NO,credito,NO,Perdido
HX-02090,2026-06-11,Meta Ads,EMP-03,PV-013,Hero Xpulse 200,14990000,8,7,NO_INFORMA,contado,NO,Perdido
HX-02091,2026-03-31,WhatsApp,EMP-02,PV-006,Suzuki Gixxer 150,11990000,72,7,NO_INFORMA,credito,NO,Perdido
HX-02092,2026-03-21,WhatsApp,EMP-02,PV-006,Bajaj Pulsar NS 160,11290000,,0,SI,contado,NO,Sin gestión
HX-02093,2026-04-13,WhatsApp,EMP-02,PV-008,AKT TTR 200,9890000,2,7,NO,credito,SI,Perdido
HX-02094,2026-03-31,WhatsApp,EMP-02,PV-008,Bajaj Discover 125,6990000,72,2,NO,credito,NO,Perdido
HX-02095,2026-06-26,Meta Ads,EMP-03,PV-014,Honda XR 150L,11490000,16,5,SI,credito,NO,Perdido
HX-02096,2026-03-14,Meta Ads,EMP-03,PV-013,Suzuki Best 125,6590000,1,6,NO,credito,NO,Cerrado
HX-02097,2026-04-05,WhatsApp,EMP-02,PV-008,Bajaj Pulsar NS 125,8990000,72,7,NO,contado,SI,Perdido
HX-02098,2026-06-22,WhatsApp,EMP-01,PV-004,Suzuki Best 125,6590000,,0,SI,credito,NO,Sin gestión
HX-02099,2026-04-14,Meta Ads,EMP-03,PV-014,AKT TTR 200,9890000,120,4,SI,contado,NO,Perdido
HX-02100,2026-05-11,Meta Ads,EMP-03,PV-012,Honda Navi,7290000,,0,NO_INFORMA,credito,NO,Sin gestión
HX-02101,2026-05-02,Formulario Web,EMP-02,PV-008,Suzuki Best 125,6590000,1,3,NO,no_informa,NO,Perdido
HX-02102,2026-04-12,WhatsApp,EMP-02,PV-010,Honda Navi,7290000,8,7,SI,contado,NO,Perdido
HX-02103,2026-05-31,WhatsApp,EMP-02,PV-010,Bajaj Discover 125,6990000,8,6,SI,no_informa,NO,Perdido
HX-02104,2026-04-29,WhatsApp,EMP-03,PV-011,Hero Hunk 160R,10490000,1,3,SI,contado,NO,Perdido
HX-02105,2026-03-23,WhatsApp,EMP-02,PV-010,AKT Evo RS 150,7190000,8,1,NO,credito,NO,Cerrado
HX-02106,2026-03-31,WhatsApp,EMP-03,PV-013,AKT TTR 200,9890000,2,2,SI,credito,NO,Perdido
HX-02107,2026-05-18,Meta Ads,EMP-02,PV-008,Suzuki Gixxer 150,11990000,72,2,NO,credito,NO,Perdido
HX-02108,2026-07-20,Meta Ads,EMP-02,PV-006,Hero Eco Deluxe 100,4990000,4,7,NO,credito,SI,Perdido
HX-02109,2026-04-19,WhatsApp,EMP-01,PV-004,AKT Dynamic R3 125,5590000,48,3,NO_INFORMA,contado,SI,Perdido
HX-02110,2026-07-24,WhatsApp,EMP-02,PV-006,Bajaj Dominar 400,24900000,4,7,SI,credito,SI,Cerrado
HX-02111,2026-05-10,WhatsApp,EMP-02,PV-006,Honda Dio 110,6890000,72,6,SI,no_informa,NO,Perdido
HX-02112,2026-03-27,Meta Ads,EMP-03,PV-015,Bajaj Pulsar NS 160,11290000,8,5,NO,no_informa,NO,Perdido
HX-02113,2026-07-17,WhatsApp,EMP-03,PV-015,Suzuki Best 125,6590000,,0,SI,contado,SI,Sin gestión
HX-02114,2026-07-27,Meta Ads,EMP-01,PV-002,AKT Dynamic R3 125,5590000,2,5,SI,contado,NO,Perdido
HX-02115,2026-07-05,WhatsApp,EMP-02,PV-006,Bajaj Pulsar RS 200,15490000,4,6,SI,contado,NO,Perdido
HX-02116,2026-05-01,Meta Ads,EMP-03,PV-012,Bajaj Discover 125,6990000,48,4,SI,credito,NO,Perdido
HX-02117,2026-06-17,WhatsApp,EMP-01,PV-003,Hero Hunk 160R,10490000,16,1,NO,no_informa,NO,Perdido
HX-02118,2026-03-08,WhatsApp,EMP-02,PV-007,Suzuki Gixxer 150,11990000,8,2,SI,no_informa,NO,Perdido
HX-02119,2026-03-18,Meta Ads,EMP-03,PV-014,Suzuki V-Strom 250,21900000,2,1,SI,contado,SI,Cerrado
HX-02120,2026-03-04,WhatsApp,EMP-03,PV-014,Hero Hunk 160R,10490000,48,3,SI,credito,NO,Cerrado
HX-02121,2026-04-02,WhatsApp,EMP-02,PV-009,Bajaj Discover 125,6990000,,0,NO_INFORMA,credito,SI,Sin gestión
HX-02122,2026-07-26,Meta Ads,EMP-02,PV-009,Honda XRE 300,22900000,2,5,SI,contado,NO,Cerrado
HX-02123,2026-03-15,WhatsApp,EMP-03,PV-015,Bajaj Pulsar NS 125,8990000,2,7,SI,credito,SI,Perdido
HX-02124,2026-06-29,WhatsApp,EMP-03,PV-012,Honda XRE 300,22900000,2,5,NO_INFORMA,credito,SI,Perdido
HX-02125,2026-05-09,Meta Ads,EMP-01,PV-001,Bajaj Pulsar NS 125,8990000,8,4,NO_INFORMA,no_informa,NO,Perdido
HX-02126,2026-03-25,Meta Ads,EMP-02,PV-007,AKT Dynamic R3 125,5590000,0.5,2,NO,credito,NO,Perdido
HX-02127,2026-04-20,WhatsApp,EMP-03,PV-013,Honda XRE 300,22900000,24,4,NO,credito,NO,Perdido
HX-02128,2026-05-15,WhatsApp,EMP-01,PV-001,Honda Navi,7290000,1,5,NO_INFORMA,no_informa,NO,Perdido
HX-02129,2026-05-29,Formulario Web,EMP-03,PV-015,Bajaj Pulsar RS 200,15490000,4,1,NO,credito,NO,Perdido
HX-02130,2026-07-22,WhatsApp,EMP-02,PV-010,Honda CB 125F Twister,7990000,48,4,SI,credito,NO,Perdido
HX-02131,2026-07-18,WhatsApp,EMP-01,PV-001,Honda CB 190R,13990000,2,5,SI,credito,NO,Perdido
HX-02132,2026-06-02,Meta Ads,EMP-02,PV-009,Bajaj Pulsar NS 160,11290000,8,5,SI,credito,SI,Perdido
HX-02133,2026-06-09,WhatsApp,EMP-02,PV-007,Hero Dash 110,6290000,0.5,7,NO_INFORMA,credito,NO,Perdido
HX-02134,2026-05-15,WhatsApp,EMP-02,PV-010,Bajaj Pulsar NS 160,11290000,8,7,SI,credito,NO,Perdido
HX-02135,2026-07-26,Meta Ads,EMP-02,PV-010,AKT TTR 200,9890000,16,6,SI,credito,NO,Perdido
HX-02136,2026-06-19,Meta Ads,EMP-01,PV-004,Honda XRE 300,22900000,,0,NO_INFORMA,no_informa,NO,Sin gestión
HX-02137,2026-07-19,WhatsApp,EMP-03,PV-013,Bajaj Boxer CT 100,5790000,16,3,NO,no_informa,SI,Perdido
HX-02138,2026-06-02,WhatsApp,EMP-02,PV-007,Bajaj Pulsar NS 160,11290000,8,6,SI,credito,NO,Perdido
HX-02139,2026-03-26,WhatsApp,EMP-03,PV-012,Bajaj Boxer CT 100,5790000,48,6,NO,contado,SI,Perdido
HX-02140,2026-06-06,Meta Ads,EMP-03,PV-015,Honda Navi,7290000,72,4,NO,credito,NO,Perdido
HX-02141,2026-05-22,WhatsApp,EMP-01,PV-005,AKT NKD 125,5290000,1,4,NO_INFORMA,credito,NO,Perdido
HX-02142,2026-05-22,WhatsApp,EMP-01,PV-005,Suzuki V-Strom 250,21900000,8,6,SI,contado,NO,Perdido
HX-02143,2026-04-28,WhatsApp,EMP-01,PV-005,AKT TTR 200,9890000,1,7,NO,no_informa,NO,Perdido
HX-02144,2026-03-11,WhatsApp,EMP-03,PV-014,Bajaj Pulsar NS 160,11290000,2,1,SI,credito,NO,Perdido
HX-02145,2026-05-29,WhatsApp,EMP-01,PV-005,Honda CB 125F Twister,7990000,1,5,SI,no_informa,NO,Perdido
HX-02146,2026-05-07,Meta Ads,EMP-03,PV-013,AKT NKD 125,5290000,48,3,NO_INFORMA,contado,SI,Perdido
HX-02147,2026-06-18,WhatsApp,EMP-03,PV-013,Bajaj Dominar 400,24900000,0.5,5,NO,credito,NO,Cerrado
HX-02148,2026-07-03,WhatsApp,EMP-03,PV-015,AKT TTR 200,9890000,24,1,SI,credito,NO,Perdido
HX-02149,2026-06-20,WhatsApp,EMP-02,PV-008,Honda CB 190R,13990000,72,6,NO,credito,NO,Perdido
HX-02150,2026-04-05,WhatsApp,EMP-03,PV-013,Bajaj Pulsar RS 200,15490000,48,1,NO,no_informa,NO,Perdido
HX-02151,2026-06-06,WhatsApp,EMP-01,PV-003,Bajaj Discover 125,6990000,4,2,NO_INFORMA,credito,NO,Perdido
HX-02152,2026-03-24,Formulario Web,EMP-02,PV-006,Honda XRE 300,22900000,,0,NO,credito,SI,Sin gestión
HX-02153,2026-05-19,WhatsApp,EMP-01,PV-002,Suzuki Best 125,6590000,4,5,NO,credito,NO,Perdido
HX-02154,2026-05-05,Meta Ads,EMP-03,PV-014,Honda XR 150L,11490000,120,3,NO,credito,NO,Perdido
HX-02155,2026-07-09,Meta Ads,EMP-01,PV-001,Hero Eco Deluxe 100,4990000,4,4,SI,contado,NO,Perdido
HX-02156,2026-03-30,WhatsApp,EMP-01,PV-003,Honda XR 150L,11490000,8,5,NO,no_informa,SI,Perdido
HX-02157,2026-04-12,Meta Ads,EMP-02,PV-010,Suzuki Best 125,6590000,72,1,SI,credito,SI,Perdido
HX-02158,2026-04-18,WhatsApp,EMP-01,PV-005,Honda XR 150L,11490000,48,5,NO_INFORMA,credito,NO,Perdido
HX-02159,2026-07-07,Meta Ads,EMP-02,PV-008,AKT Evo RS 150,7190000,48,1,SI,no_informa,NO,Perdido
HX-02160,2026-07-17,Formulario Web,EMP-01,PV-005,Bajaj Pulsar RS 200,15490000,2,2,NO,credito,NO,Perdido
HX-02161,2026-07-02,Meta Ads,EMP-01,PV-004,Hero Dash 110,6290000,2,7,NO,credito,NO,Cerrado
HX-02162,2026-07-03,WhatsApp,EMP-01,PV-001,Hero Hunk 160R,10490000,72,5,NO,no_informa,SI,Perdido
HX-02163,2026-05-10,WhatsApp,EMP-02,PV-006,AKT Dynamic R3 125,5590000,2,6,NO_INFORMA,no_informa,SI,Perdido
HX-02164,2026-07-28,Meta Ads,EMP-01,PV-003,Bajaj Dominar 400,24900000,72,5,SI,credito,NO,Perdido
HX-02165,2026-06-14,WhatsApp,EMP-01,PV-001,Suzuki Gixxer 150,11990000,24,4,SI,credito,SI,Perdido
HX-02166,2026-06-17,WhatsApp,EMP-02,PV-007,Bajaj Boxer CT 100,5790000,1,6,NO_INFORMA,credito,NO,Perdido
HX-02167,2026-07-15,WhatsApp,EMP-03,PV-015,Bajaj Pulsar NS 160,11290000,0.5,7,SI,credito,NO,Perdido
HX-02168,2026-03-11,WhatsApp,EMP-01,PV-002,Honda XRE 300,22900000,8,4,SI,no_informa,NO,Perdido
HX-02169,2026-03-25,Meta Ads,EMP-01,PV-005,AKT NKD 125,5290000,72,3,SI,credito,SI,Perdido
HX-02170,2026-06-08,WhatsApp,EMP-02,PV-008,AKT Evo RS 150,7190000,48,2,NO,no_informa,NO,Perdido
HX-02171,2026-04-03,WhatsApp,EMP-01,PV-005,Bajaj Boxer CT 100,5790000,2,2,SI,credito,NO,Perdido
HX-02172,2026-07-18,Formulario Web,EMP-03,PV-015,Bajaj Boxer CT 100,5790000,2,6,SI,contado,NO,Perdido
HX-02173,2026-04-28,WhatsApp,EMP-01,PV-003,Suzuki GN 125,7490000,,0,NO,credito,SI,Sin gestión
HX-02174,2026-07-12,Formulario Web,EMP-02,PV-009,Suzuki V-Strom 250,21900000,16,2,NO_INFORMA,credito,NO,Perdido
HX-02175,2026-07-02,WhatsApp,EMP-02,PV-006,Honda XR 150L,11490000,0.5,5,NO,no_informa,NO,Perdido
HX-02176,2026-07-17,Meta Ads,EMP-01,PV-004,Suzuki GN 125,7490000,72,4,NO_INFORMA,credito,NO,Perdido
HX-02177,2026-06-30,WhatsApp,EMP-03,PV-013,Suzuki Best 125,6590000,16,2,NO,no_informa,NO,Perdido
HX-02178,2026-06-22,WhatsApp,EMP-01,PV-004,Honda Dio 110,6890000,48,4,NO,credito,NO,Perdido
HX-02179,2026-07-01,Formulario Web,EMP-03,PV-013,Honda XRE 300,22900000,,0,SI,no_informa,NO,Sin gestión
HX-02180,2026-04-06,Meta Ads,EMP-03,PV-014,Honda Navi,7290000,48,6,SI,credito,NO,Perdido
HX-02181,2026-03-31,Formulario Web,EMP-03,PV-015,Hero Xpulse 200,14990000,,0,NO,credito,NO,Sin gestión
HX-02182,2026-06-11,Formulario Web,EMP-02,PV-009,Bajaj Pulsar NS 160,11290000,72,6,SI,credito,SI,Cerrado
HX-02183,2026-05-15,WhatsApp,EMP-02,PV-009,Hero Hunk 160R,10490000,0.5,3,NO,no_informa,NO,Perdido
HX-02184,2026-04-28,WhatsApp,EMP-02,PV-006,Honda Dio 110,6890000,1,4,NO_INFORMA,credito,NO,Perdido
HX-02185,2026-05-20,WhatsApp,EMP-01,PV-001,Suzuki GN 125,7490000,4,2,SI,no_informa,SI,Cerrado
HX-02186,2026-07-23,WhatsApp,EMP-03,PV-014,Bajaj Pulsar NS 125,8990000,8,6,NO,credito,NO,Perdido
HX-02187,2026-04-05,WhatsApp,EMP-02,PV-009,Honda CB 190R,13990000,1,6,SI,credito,SI,Perdido
HX-02188,2026-07-03,Meta Ads,EMP-01,PV-004,Hero Xpulse 200,14990000,1,7,NO,contado,NO,Perdido
HX-02189,2026-07-11,WhatsApp,EMP-03,PV-014,Honda Dio 110,6890000,48,5,SI,no_informa,NO,Perdido
HX-02190,2026-04-29,Formulario Web,EMP-01,PV-002,Hero Xpulse 200,14990000,8,3,NO_INFORMA,credito,NO,Perdido
HX-02191,2026-06-24,WhatsApp,EMP-03,PV-011,Honda XR 150L,11490000,8,3,NO,credito,NO,Perdido
HX-02192,2026-06-09,WhatsApp,EMP-02,PV-008,Bajaj Pulsar NS 160,11290000,8,5,SI,credito,NO,Perdido
HX-02193,2026-05-24,WhatsApp,EMP-03,PV-014,Bajaj Dominar 400,24900000,2,4,SI,contado,NO,Cerrado
HX-02194,2026-04-04,Meta Ads,EMP-03,PV-011,Suzuki GN 125,7490000,4,4,NO,credito,SI,Perdido
HX-02195,2026-06-29,WhatsApp,EMP-03,PV-012,Honda CB 190R,13990000,0.5,2,NO_INFORMA,no_informa,SI,Perdido
HX-02196,2026-06-02,WhatsApp,EMP-01,PV-001,Bajaj Pulsar NS 160,11290000,48,6,SI,credito,NO,Perdido
HX-02197,2026-03-03,WhatsApp,EMP-02,PV-010,Hero Eco Deluxe 100,4990000,48,7,SI,no_informa,NO,Perdido
HX-02198,2026-06-17,WhatsApp,EMP-02,PV-009,Bajaj Pulsar NS 160,11290000,4,3,NO_INFORMA,credito,NO,Perdido
HX-02199,2026-06-25,WhatsApp,EMP-02,PV-009,Bajaj Dominar 400,24900000,8,7,SI,contado,SI,Perdido
HX-02200,2026-06-20,WhatsApp,EMP-02,PV-007,Bajaj Pulsar NS 160,11290000,120,5,SI,no_informa,SI,Perdido
