lead_id,fecha_registro,canal,empresa_id,punto_venta_id,nombre_cliente,telefono,email,ciudad,modelo_interes_texto,estado_gestion,fecha_primer_contacto,campania
LD-00001,25-08-2026,Meta Ads,EMP-03,PV-014,  Wilmar Castaño Rodríguez  ,310 482 4081,,bogotá,Bajaj Pulsar RS 200,Cotización enviada,25-08-2026,Feria de Motos 2026
LD-00002,26-08-2026,formulario web,EMP-02,PV-010,  Claudia Patricia Agudelo Londoño  , 3055411722 ,claudia.agudelo22@hotmail.com,,A.K.T Dynamic R3 125,Descartado,2026-08-26T14:26:00,Retoma tu moto
LD-00003,01-08-2026,WhatsApp,EMP-02,PV-010,Marcela Muñoz Escobar,+57 350 2258611,marcela.munoz3@yahoo.es,MONTERIA,suzuki best 125,Contactado,2026-08-04 14:47:00,
LD-00004,03/08/2026 10:30,Meta Ads,EMP-01,PV-002,  Yuliana Castaño Valencia  ,3002859667,yuliana.castano97@outlook.com,ITAGUI,Honda  CB 125F Twister,Sin gestión,,Agosto Cero Cuotas
LD-00005,27/08/2026 22:50,META ADS,EMP-03,PV-014,HÉCTOR GIRALDO RESTREPO,573156610968,,Bogotá D.C.,Honda Navi 2026,En proceso,29/08/2026 04:50,
LD-00006,24/08/2026 06:02,WhatsApp,EMP-02,PV-010,MARCELA LONDOÑO CORREA,322-624-9127,marcela.londono94@outlook.com,Montería,Hnda XR 150L,contactado,25/08/2026 12:02,Remate Modelos 2025
LD-00007,09/09/2026 09:55,WhatsApp,EMP-02,PV-009,FABIÁN BEDOYA TORRES, 3049913564 ,fabian.bedoya39@yahoo.es,Sta Marta,akt ttr 200,Cotización enviada,2026-09-09 11:55:00,Feria de Motos 2026
LD-00008,08/18/2026 17:23,Meta Ads,EMP-01,PV-001,Paula Andrea Valencia Franco,300 891 3915,,Medellín,,Cotización enviada,2026-08-18 23:23:00,
LD-00009,2026-08-15T11:08:00,WhatsApp,EMP-01,PV-001,María Fernanda Correa Torres,316 107 2464,maria.correa8@yahoo.es,MEDELLIN,Hero Xpulse 200,contactado,15/08/2026 17:08,Feria de Motos 2026
LD-00010,2026-08-26 20:28:00,WhatsApp,EMP-02,PV-007,Alexander Quintero Arias,300 496 0349,,Soledad,Bajaj Discover,Contactado,2026-08-26T21:28:00,Agosto Cero Cuotas
LD-00011,2026-08-26 04:25:00,Meta Ads,EMP-02,PV-008,  Marcela Muñoz Valencia  ,315 229 3701,marcela.munoz15@yahoo.es,CARTAGENA,suzuki best 125,Sin gestión,,Retoma tu moto
LD-00012,18-08-2026,WHATSAPP,EMP-01,PV-005,María Fernanda Valencia Mosquera,573204225805,,Medellin,AKT EVO RS 150,sin gestion,,
LD-00013,19/08/2026 10:14,Meta Ads,EMP-03,PV-015,CARLOS MARIO RODRÍGUEZ ARIAS,3217385776,carlos.rodriguez19@gmail.com,SOACHA,bajaj discover 125,no contesta,20-08-2026,Feria de Motos 2026
LD-00014,2026-08-14 17:40:00,WhatsApp,EMP-02,PV-008,Jorge Iván Zapata Escobar,573112634024,jorge.zapata23@gmail.com,Cartagena de Indias,Honda XR 150L,no contesta,14/08/2026 18:40,Agosto Cero Cuotas
LD-00015,14/08/2026 00:51,Meta Ads,EMP-03,PV-011,Luisa Betancur Torres,(322) 624-9985,,Bogota DC,Honda Navi,Sin gestión,,
LD-00016,2026-08-30T17:03:00,WHATSAPP,EMP-03,PV-012,Angie Paola Correa Cardona,+57 322 8246161,,BOGOTA,Hero,No contesta,31/08/2026 23:03,Feria de Motos 2026
LD-00017,2026-08-30T17:22:00,WhatsApp,EMP-02,PV-008,  Yuliana Muñoz Ramírez  ,3044030632,yuliana.munoz51@gmail.com,Cartagena de Indias,hero dash 110,Sin gestión,,Feria de Motos 2026
LD-00018,01-09-2026,FORMULARIO WEB,EMP-03,PV-013,  Édinson Arias Mosquera  ,573012885354,edinson.arias61@gmail.com,bogotá,Hero Hunk 160R 2026,Contactado,02-09-2026,Remate Modelos 2025
LD-00019,2026-08-08 11:57:00,Meta Ads,EMP-01,PV-004,BRAYAN MUÑOZ GÓMEZ,+57 318 5408260,brayan.munoz7@yahoo.es,Rio Negro,AKT,Cotización enviada,,Prima Extra
LD-00020,21/08/2026 09:30,WhatsApp,EMP-02,PV-010,KATHERINE ESCOBAR OSPINA, 3160941067 ,katherine.escobar5@hotmail.com,MONTERIA,Honda  XR 150L,Cotización enviada,08/21/2026 11:30,Remate Modelos 2025
LD-00021,2026-08-16 10:07:00,WhatsApp,EMP-02,PV-009,Paula Andrea Valencia Gómez,+57 300 2659835,,SANTA MARTA,Suzuki GN 125,sin gestion,,Feria de Motos 2026
LD-00022,2026-08-19 02:31:00,WhatsApp,EMP-01,PV-004,MÓNICA JIMÉNEZ OSORIO, 3142748306 ,,Rionegro,Bajaj,Cotización enviada,2026-08-21 02:31:00,Agosto Cero Cuotas
LD-00023,06-09-2026,Formulario Web,EMP-01,PV-003,JORGE IVÁN RODRÍGUEZ ESCOBAR,3134849961,,BELLO,Suzuki Gixxer,Contactado,09/10/2026 20:14,Feria de Motos 2026
LD-00024,21/08/2026 23:32,Meta Ads,EMP-01,PV-003,  Alexander Salazar Herrera  ,(350) 007-2753,alexander.salazar79@yahoo.es,bello,Hero Dash 110,contactado,22-08-2026,
LD-00025,2026-08-16 20:42:00,Meta Ads,EMP-03,PV-015,Diana Carolina Quintero Castaño,+57 350 0345760,diana.quintero22@hotmail.com,,Suzuky Gixxer 150,contactado,08/20/2026 20:42,Feria de Motos 2026
LD-00026,2026-08-29 09:44:00,WhatsApp,EMP-03,PV-013,Katherine Cardona Arias,+57 317 6966302,,Bogota,Evo RS 150,No contesta,2026-08-29T21:44:00,Agosto Cero Cuotas
LD-00027,11/08/2026 20:26,Meta Ads,EMP-02,PV-006,Luisa Salazar Agudelo,3125573119,luisa.salazar93@gmail.com,Barranquilla,AKT Dynamic R3 125,En proceso,2026-08-13T20:26:00,
LD-00028,09/08/2026 23:37,WhatsApp,EMP-03,PV-014,ALEXANDER ARIAS OSPINA,+57 302 2506559,,Bogota DC,Suzuky GN 125,sin gestion,,Remate Modelos 2025
LD-00029,2026-08-10 16:39:00,WHATSAPP,EMP-03,PV-015,NELSON AGUDELO ARIAS,3059622427,nelson.agudelo30@yahoo.es,SOACHA,CB 190R,En proceso,11-08-2026,Feria de Motos 2026
LD-00030,03/09/2026 11:21,WhatsApp,EMP-01,PV-003,  Angie Paola Castaño Agudelo  , 3167665975 ,angie.castano63@outlook.com,BELLO,akt dynamic r3 125,Contactado,2026-09-04 17:21:00,Retoma tu moto
LD-00031,2026-08-29 13:41:00,WhatsApp,EMP-01,PV-004,Luz Marina Torres Marín,(302) 164-2321,luz.torres73@hotmail.com,Rionegro,Bajaj,Sin gestión,,
LD-00032,03/09/2026 08:17,whatsapp,EMP-02,PV-006,Liliana Escobar Castaño,573501478583,liliana.escobar85@hotmail.com,B/quilla,Hero Xpulse 200,En proceso,03-09-2026,Feria de Motos 2026
LD-00033,2026-08-13 14:34:00,WhatsApp,EMP-03,PV-014,Édinson Muñoz Arias,321 523 2575,edinson.munoz54@yahoo.es,Bogota,Honda XR,En proceso,14/08/2026 20:34,
LD-00034,23-08-2026,WhatsApp,EMP-01,PV-004,Héctor Valencia Ospina,3176036920,,Rio Negro,Hero Dash 110,No contesta,2026-08-23T06:08:00,Retoma tu moto
LD-00035,2026-08-27T11:58:00,WhatsApp,EMP-02,PV-006,Erika Castaño Mosquera,350-036-3406,,barranquilla,SUZUKI V-STROM 250,Contactado,28-08-2026,
LD-00036,2026-08-04 12:22:00,Meta Ads,EMP-02,PV-007,Sandra Milena Herrera Bedoya,+57 310 8297516,sandra.herrera59@outlook.com,Soledad,Honda XR 150L 2026,Contactado,2026-08-07T12:22:00,
LD-00037,2026-08-04 12:52:00,WhatsApp,EMP-02,PV-008,CRISTIAN CASTAÑO GIRALDO,310 498 3766,cristian.castano79@gmail.com,Cartagena,Suzuki V-Strom 250,no contesta,04/08/2026 18:52,Retoma tu moto
LD-00038,2026-09-01 00:27:00,Formulario Web,EMP-01,PV-002,Natalia Jiménez Marín,3511249372,natalia.jimenez82@gmail.com,Itagui,Honda Dio 110,Sin gestión,,
LD-00039,2026-09-06 22:09:00,WhatsApp,EMP-02,PV-009,YESENIA OSPINA CORREA, 3136365595 ,,Santa Marta,AKT,Sin gestión,,Prima Extra
LD-00040,14/08/2026 06:38,Meta Ads,EMP-01,PV-005,Brayan Rodríguez Marín,313-189-3884,brayan.rodriguez96@hotmail.com,Medellín,Suzuki Gixxer 150,contactado,15-08-2026,
LD-00041,24-08-2026,Formulario Web,EMP-02,PV-006,  Carlos Mario Ospina Gómez  ,3017052774,carlos.ospina64@hotmail.com,Barranquilla,Bajaj Pulsar NS 160,Sin gestión,,Retoma tu moto
LD-00042,08/09/2026 19:56,WhatsApp,EMP-02,PV-006,Sebastián Quintero Gómez, 3169663345 ,,Barranquilla,Honda CB 190R,sin gestion,,
LD-00043,2026-08-23T20:53:00,Meta Ads,EMP-02,PV-009,Claudia Patricia Osorio Herrera,3512679038,,Santa Marta,Honda Dio 110,Cotización enviada,,Agosto Cero Cuotas
LD-00044,09/08/2026 20:06,Formulario Web,EMP-03,PV-011,  Freddy Cardona Marín  ,3169738674,,,Bajaj Pulsar,Cotización enviada,2026-08-10 08:06:00,Feria de Motos 2026
LD-00045,2026-08-27 05:24:00,WhatsApp,EMP-01,PV-001,Kevin Mosquera Restrepo,573511448353,kevin.mosquera49@outlook.com,MEDELLIN,akt dynamic r3 125,Cotización enviada,27-08-2026,
LD-00046,03-09-2026,WhatsApp,EMP-01,PV-002,  Sandra Milena Muñoz Salazar  ,320-637-4600,sandra.munoz72@hotmail.com,Itagui,AKT TTR 200,Contactado,03-09-2026,Agosto Cero Cuotas
LD-00047,2026-08-21 01:24:00,WhatsApp,EMP-01,PV-002,Brayan Osorio Escobar,3127389848,,,Bajaj Boxer CT 100,No contesta,2026-08-23 01:24:00,
LD-00048,2026-08-31 14:04:00,Formulario Web,EMP-02,PV-008,DUVÁN MOSQUERA RODRÍGUEZ,3159155699,,Cartagena,Bajaj Boxer,Contactado,09/01/2026 08:04,Feria de Motos 2026
LD-00049,2026-08-28 18:40:00,WhatsApp,EMP-02,PV-010,  Jorge Iván Bedoya Hernández  ,3059383218,jorge.bedoya49@outlook.com,MONTERIA,Bajaj Dominar 400,Sin gestión,,Agosto Cero Cuotas
LD-00050,09-08-2026,WhatsApp,EMP-02,PV-008,  Wilmar Torres Valencia  ,3015226877,wilmar.torres41@outlook.com,CARTAGENA,Hnda XR 150L,Cotización enviada,2026-08-10T00:53:00,
LD-00051,08/12/2026 19:12,Formulario Web,EMP-02,PV-008,JULIÁN GIRALDO LONDOÑO,3007209329,,CARTAGENA,Bajaj Pulsar NS 160,no contesta,2026-08-13 19:12:00,Prima Extra
LD-00052,2026-08-06 15:52:00,formulario web,EMP-01,PV-004,Y. Castaño Valencia,+57 300 2859667,,Rionegro,Bajaj Boxer CT 100,Descartado,08/07/2026 09:52,Retoma tu moto
LD-00053,2026-08-09 17:55:00,Formulario Web,EMP-01,PV-002,Juan Carlos Jiménez Mosquera, 3151024673 ,juan.jimenez23@yahoo.es,Itagui,bajaj discover 125,Sin gestión,,
LD-00054,2026-08-31 07:03:00,Meta Ads,EMP-01,PV-004,Camilo Agudelo Correa,573515501551,camilo.agudelo23@outlook.com,Rio Negro,Bajaj Boxer,Cotización enviada,09/04/2026 07:03,
LD-00055,18-08-2026,WhatsApp,EMP-01,PV-003,Alexander Castaño Quintero,(301) 046-1565,,BELLO,suzuki best 125,contactado,2026-08-19T19:07:00,Feria de Motos 2026
LD-00056,19/08/2026 06:16,Formulario Web,EMP-02,PV-009,  Natalia Giraldo Correa  ,(312) 110-1236,natalia.giraldo71@yahoo.es,SANTA MARTA,Suzuki Best 125,En proceso,20/08/2026 00:16,Feria de Motos 2026
LD-00057,2026-08-20 11:25:00,WhatsApp,EMP-02,PV-007,Estefanía Betancur Herrera,3046886479,,Soledad,bajaj boxer ct 100,sin gestion,,Retoma tu moto
LD-00058,05-08-2026,Formulario Web,EMP-03,PV-013,Erika Pérez Pérez,+57 351 0777593,erika.perez17@gmail.com,BOGOTA,V-Strom 250,En proceso,08/05/2026 06:00,
LD-00059,08/07/2026 00:04,Formulario Web,EMP-03,PV-012,Freddy Quintero Valencia,+57 316 0567437,,BOGOTA,Bajaj Pulsar RS 200,Cotización enviada,07/08/2026 18:04,
LD-00060,2026-08-17 18:23:00,WHATSAPP,EMP-02,PV-008,Estefanía Mosquera Osorio,(350) 452-3086,,CARTAGENA,AKT Dynamic R3 125,Contactado,08/18/2026 00:23,Agosto Cero Cuotas
LD-00061,2026-09-04 11:12:00,WhatsApp,EMP-01,PV-004,Camilo Vargas Correa,573149634001,camilo.vargas69@gmail.com,RIONEGRO,AKT NKD 125 2026,Cotización enviada,09/05/2026 17:12,
LD-00062,2026-09-02T04:00:00,Meta Ads,EMP-02,PV-006,Mónica Cardona Torres,3006279003,monica.cardona68@yahoo.es,barranquilla,Honda Navi,Cotización enviada,,Feria de Motos 2026
LD-00063,09/09/2026 09:51,Meta Ads,EMP-01,PV-001,Wilmar Salazar Herrera,+57 312 1972329,,MEDELLIN,BAJAJ DOMINAR 400,sin gestion,,Feria de Motos 2026
LD-00064,21/08/2026 23:15,WhatsApp,EMP-03,PV-012,Katherine Escobar Muñoz,3230031702,,BOGOTA,Bajaj Discover 125,Contactado,2026-08-22 01:15:00,Agosto Cero Cuotas
LD-00065,22-08-2026,Meta Ads,EMP-01,PV-003,Sebastián Castaño Valencia,(351) 816-0136,sebastian.castano29@gmail.com,BELLO,,Contactado,23-08-2026,Remate Modelos 2025
LD-00066,2026-08-30T01:45:00,WhatsApp,EMP-03,PV-011,Katherine Bedoya Hernández,3136468707,,Bogotá D.C.,,Sin gestión,,Agosto Cero Cuotas
LD-00067,16-08-2026,WhatsApp,EMP-02,PV-009,PAULA ANDREA RESTREPO HERRERA,3042964858,,Santa Marta,hero dash 110,Sin gestión,,Retoma tu moto
LD-00068,2026-08-19 15:45:00,WhatsApp,EMP-03,PV-014,Camilo Restrepo Correa,3015293564,camilo.restrepo17@gmail.com,Bogota,Bajaj Boxer CT 100,sin gestion,,Agosto Cero Cuotas
LD-00069,04/09/2026 15:12,WhatsApp,EMP-01,PV-004,Sandra Milena Cardona Hernández,3118685348,sandra.cardona91@outlook.com,Rio Negro,AKT Dynamic R3 125,Descartado,2026-09-07T15:12:00,Remate Modelos 2025
LD-00070,19/08/2026 17:54,Meta Ads,EMP-01,PV-003,Angie Paola Hernández Quintero,+57 350 7959623,,bello,Hero,SIN GESTION,,Feria de Motos 2026
LD-00071,05/08/2026 16:30,Formulario Web,EMP-02,PV-010,  Jorge Iván Giraldo Osorio  ,573117801877,jorge.giraldo40@outlook.com,MONTERIA,Evo RS 150,Contactado,2026-08-05T22:30:00,Agosto Cero Cuotas
LD-00072,2026-09-04 18:02:00,Meta Ads,EMP-02,PV-010,Alexander Rodríguez Ospina,3130651448,alexander.rodriguez30@hotmail.com,MONTERIA,Hnda CB 190R,Contactado,04/09/2026 22:02,Prima Extra
LD-00073,09/05/2026 15:44,WhatsApp,EMP-02,PV-009,Mónica Jiménez Cardona,304 493 6340,,Sta Marta,Bajai Dominar 400,No contesta,06-09-2026,
LD-00074,2026-09-03 06:04:00,META ADS,EMP-01,PV-002,Óscar David Quintero Jiménez,(302) 015-7534,,ITAGUI,Hnda CB 190R,No contesta,07-09-2026,Feria de Motos 2026
LD-00075,20-08-2026,Meta Ads,EMP-01,PV-002,Yesenia Correa Jiménez,573216422224,,Itagüí,AKT DYNAMIC R3 125,Cotización enviada,21/08/2026 10:37,
LD-00076,2026-08-21 21:33:00,Meta Ads,EMP-02,PV-009,  Freddy Arias Herrera  ,+57 322 1743999,freddy.arias63@gmail.com,SANTA MARTA,bajaj pulsar rs 200,Contactado,2026-08-21 22:33:00,
LD-00077,05/08/2026 14:24,WhatsApp,EMP-01,PV-004,Liliana Herrera Franco,3006710880,,Rionegro,,contactado,08/06/2026 14:24,Remate Modelos 2025
LD-00078,09-09-2026,Meta Ads,EMP-01,PV-002,LUZ MARINA GIRALDO MUÑOZ,573029634101,luz.giraldo81@outlook.com,Itagüí,Bajaj Dominar 400 2026,No contesta,2026-09-09T23:43:00,Feria de Motos 2026
LD-00079,26/08/2026 06:11,formulario web,EMP-01,PV-003,  Brayan Londoño Marín  ,(310) 888-7605,,BELLO,AKT Evo,Contactado,27-08-2026,Feria de Motos 2026
LD-00080,21/08/2026 06:48,Meta Ads,EMP-02,PV-006,Yuliana Salazar Salazar,(314) 929-9189,,,AKT TTR 200 2026,No contesta,2026-08-25T06:48:00,Retoma tu moto
LD-00081,24-08-2026,WhatsApp,EMP-01,PV-005,CAMILO ZAPATA HERRERA,3151882416,,MEDELLIN,AKT Evo,No contesta,2026-08-24 18:23:00,Remate Modelos 2025
LD-00082,09/07/2026 15:09,WhatsApp,EMP-02,PV-010,  Adriana Escobar Cardona  ,316-068-9950,,Monteria,Suzuki  V-Strom 250,No contesta,09/08/2026 03:09,Agosto Cero Cuotas
LD-00083,2026-09-02T02:17:00,WhatsApp,EMP-03,PV-015,Mónica Marín Pérez,+57 305 3996446,,SOACHA,Bajaj Boxer CT 100 2026,sin gestion,,Remate Modelos 2025
LD-00084,04-08-2026,meta ads,EMP-03,PV-014,NATALIA LONDOÑO HERRERA,573049256632,natalia.londono79@gmail.com,Bogotá,Bajai Pulsar RS 200,Sin gestión,,Retoma tu moto
LD-00085,02/08/2026 05:19,WhatsApp,EMP-03,PV-015,Juan Carlos Arias Osorio,573012127835,juan.arias98@hotmail.com,Soacha,AKT Dynamic R3 125,sin gestion,,
LD-00086,2026-08-30 02:24:00,WhatsApp,EMP-02,PV-006,CRISTIAN MUÑOZ FRANCO,310-612-5015,,barranquilla,Bajaj  Pulsar NS 160,Descartado,02-09-2026,Remate Modelos 2025
LD-00087,2026-08-02 17:39:00,Meta Ads,EMP-03,PV-011,VANESSA TORRES CARDONA,304 323 8696,,Bogota,Bajaj,no contesta,03-08-2026,Prima Extra
LD-00088,2026-09-03T01:33:00,WhatsApp,EMP-02,PV-010,Camilo Marín Valencia,315 648 4992,camilo.marin61@yahoo.es,Montería,Honda Dio 110,Descartado,,Prima Extra
LD-00089,2026-09-08 22:08:00,Formulario Web,EMP-01,PV-002,Leidy Johana Castaño Restrepo,+57 320 2440100,leidy.castano7@yahoo.es,Itagui,hero hunk 160r,En proceso,2026-09-12T22:08:00,Agosto Cero Cuotas
LD-00090,06/08/2026 01:31,WhatsApp,EMP-01,PV-004,CARLOS MARIO OSORIO TORRES,+57 301 5238259,,Rio Negro,bajaj pulsar ns 160,No contesta,08/10/2026 01:31,Remate Modelos 2025
LD-00091,2026-08-06 08:37:00,Meta Ads,EMP-01,PV-004,  Natalia Zapata Marín  ,3142060957,natalia.zapata22@outlook.com,Rio Negro,AKT,En proceso,2026-08-06T20:37:00,Feria de Motos 2026
LD-00092,17-08-2026,WhatsApp,EMP-03,PV-012,  Marcela Bedoya Giraldo  ,313 048 7909,marcela.bedoya94@hotmail.com,Bogota,hero eco deluxe 100,no contesta,,
LD-00093,2026-08-31 06:54:00,WHATSAPP,EMP-02,PV-009,Vanessa Marín Pérez,+57 305 4818688,vanessa.marin45@hotmail.com,Sta Marta,Bajaj Discover 125 2026,Descartado,31-08-2026,Agosto Cero Cuotas
LD-00094,08/19/2026 19:00,WhatsApp,EMP-03,PV-011,  Natalia Agudelo Bedoya  , 3505619932 ,natalia.agudelo56@yahoo.es,Bogotá,Hero,Contactado,21-08-2026,Agosto Cero Cuotas
LD-00095,05/08/2026 09:20,Meta Ads,EMP-01,PV-004,Jorge Iván Giraldo Rodríguez,304 685 1337,,Rionegro,honda dio 110,Contactado,09-08-2026,
LD-00096,2026-08-10 06:33:00,FORMULARIO WEB,EMP-03,PV-014,Yesenia Cardona Ospina,3154712634,yesenia.cardona85@outlook.com,Bogota,Hero Eco Deluxe 100,Sin gestión,,
LD-00097,05/08/2026 13:28,WhatsApp,EMP-02,PV-008,Óscar David Gómez Londoño,3166992931,,Cartagena de Indias,AKT Evo RS 150,Cotización enviada,05/08/2026 17:28,
LD-00098,08/05/2026 10:25,WhatsApp,EMP-03,PV-012,  Kevin Herrera Castaño  ,3000913529,,bogotá,Honda Dio,En proceso,05-08-2026,Feria de Motos 2026
LD-00099,2026-08-07 03:44:00,Meta Ads,EMP-01,PV-003,DIANA CAROLINA CASTAÑO FRANCO,3158687596,diana.castano70@yahoo.es,bello,Bajaj,Descartado,2026-08-07T07:44:00,
LD-00100,2026-08-21T18:20:00,Meta Ads,EMP-02,PV-007,  Édinson Zapata Zapata  ,315 944 6851,edinson.zapata75@outlook.com,SOLEDAD,Honda XRE 300 2026,Cotización enviada,08/21/2026 22:20,Remate Modelos 2025
LD-00101,08/11/2026 09:53,WhatsApp,EMP-01,PV-002,Andrés Felipe Pérez Franco,310 764 4005,,ITAGUI,AKT NKD 125,Sin gestión,,Agosto Cero Cuotas
LD-00102,28-08-2026,whatsapp,EMP-02,PV-008,  Édinson Jiménez Zapata  ,+57 304 8073934,,Cartagena de Indias,suzuki gixxer 150,En proceso,08/29/2026 19:00,Agosto Cero Cuotas
LD-00103,16/08/2026 02:59,WhatsApp,EMP-03,PV-012,Luisa Pérez Herrera,573236256868,luisa.perez70@yahoo.es,bogotá,Bajaj  Pulsar RS 200,Cotización enviada,2026-08-16 04:59:00,Remate Modelos 2025
LD-00104,2026-08-07T01:17:00,whatsapp,EMP-02,PV-009,  Liliana Correa Osorio  ,+57 322 7857752,liliana.correa60@hotmail.com,Santa Marta,Bajaj Pulsar NS 125,Contactado,08/08/2026 01:17,Remate Modelos 2025
LD-00105,09/08/2026 14:20,whatsapp,EMP-03,PV-014,Yesenia Torres Escobar,3001215878,yesenia.torres96@gmail.com,bogotá,AKT EVO RS 150,En proceso,2026-08-09 20:20:00,Feria de Motos 2026
LD-00106,2026-08-19 09:13:00,Formulario Web,EMP-03,PV-014,Óscar David Mosquera Osorio,3201847304,oscar.mosquera95@gmail.com,Bogota,BAJAJ DISCOVER 125,En proceso,2026-08-19T21:13:00,Agosto Cero Cuotas
LD-00107,06/08/2026 06:28,WhatsApp,EMP-03,PV-012,Wilmar Muñoz Restrepo,3019201020,,Bogota DC,Honda,Contactado,2026-08-08T06:28:00,Retoma tu moto
LD-00108,2026-08-16T02:39:00,WHATSAPP,EMP-02,PV-009,  Camilo Londoño Castaño  ,310-013-6091,camilo.londono18@hotmail.com,Sta Marta,,Contactado,,Retoma tu moto
LD-00109,2026-08-01T07:42:00,WhatsApp,EMP-02,PV-009,Héctor Bedoya Castaño, 3184205775 ,hector.bedoya46@outlook.com,Santa Marta,Suzuki V-Strom 250,Cotización enviada,2026-08-01T13:42:00,
LD-00110,2026-08-15T20:08:00,WhatsApp,EMP-02,PV-009,Paula Andrea Mosquera Bedoya,+57 300 5759614,,Sta Marta,AKT Evo,Cotización enviada,19-08-2026,Feria de Motos 2026
LD-00111,08/08/2026 07:02,WhatsApp,EMP-01,PV-001,ADRIANA GÓMEZ HERRERA,(323) 849-1318,,Medellín ,AKT,Contactado,2026-08-09 13:02:00,Feria de Motos 2026
LD-00112,2026-08-28 08:34:00,META ADS,EMP-03,PV-015,  Sebastián Castaño Herrera  ,573050073889,sebastian.castano87@hotmail.com,SOACHA,HONDA CB 190R,No contesta,,Retoma tu moto
LD-00113,2026-08-20 15:31:00,WhatsApp,EMP-03,PV-012,  Mónica Cardona Correa  ,3229986493,monica.cardona83@outlook.com,BOGOTA,Bajaj Boxer,sin gestion,,
LD-00114,25/08/2026 11:33,WhatsApp,EMP-02,PV-007,  Yesenia Quintero Salazar  ,3000427297,,Soledad,Bajaj Pulsar RS 200,No contesta,26-08-2026,Prima Extra
LD-00115,2026-09-04 13:43:00,META ADS,EMP-01,PV-005,Marcela Ramírez Giraldo,3028382927,marcela.ramirez3@outlook.com,,AKT NKD 125,contactado,06-09-2026,Agosto Cero Cuotas
LD-00116,2026-08-04 20:11:00,WhatsApp,EMP-02,PV-010,Andrés Felipe Giraldo Ospina,320 793 3661,,Montería,Honda  XRE 300,Contactado,2026-08-07T20:11:00,Agosto Cero Cuotas
LD-00117,2026-08-04T21:05:00,WHATSAPP,EMP-03,PV-014,  Kevin Escobar Ramírez  , 3048650087 ,kevin.escobar1@yahoo.es,Bogota DC,Honda CB 190R,Contactado,08/08/2026 21:05,
LD-00118,16/08/2026 23:56,WhatsApp,EMP-01,PV-004,Jhon Jairo Valencia Betancur,3159802019,,Rionegro,SUZUKI V-STROM 250,En proceso,2026-08-18T05:56:00,Remate Modelos 2025
LD-00119,2026-08-29T19:42:00,whatsapp,EMP-02,PV-008,Erika Escobar Valencia,3515963038,,CARTAGENA,Suzuki Gixxer 150,Contactado,2026-08-29 21:42:00,
LD-00120,23/08/2026 09:01,META ADS,EMP-03,PV-014,Yesenia Jiménez Jiménez,3054801941,,Bogota,A.K.T TTR 200,Contactado,26/08/2026 09:01,Remate Modelos 2025
LD-00121,07/09/2026 12:47,META ADS,EMP-03,PV-012,Erika Jiménez Rodríguez,321-747-4328,,Bogotá,Bajaj Pulsar RS 200,Contactado,07/09/2026 18:47,Prima Extra
LD-00122,2026-08-02 11:21:00,Formulario Web,EMP-01,PV-003,Estefanía Castaño Mosquera,320 895 0842,,bello,AKT Evo RS 150,sin gestion,,Feria de Motos 2026
LD-00123,18/08/2026 00:03,Meta Ads,EMP-02,PV-007,Héctor Ospina Betancur,313-329-5133,hector.ospina31@gmail.com,,AKT TTR 200 2026,no contesta,2026-08-22 00:03:00,Retoma tu moto
LD-00124,01/09/2026 10:32,Meta Ads,EMP-01,PV-004,Marcela Correa Hernández,+57 301 6284389,,,Bajaj Pulsar NS 125 2026,En proceso,2026-09-05 10:32:00,
LD-00125,2026-08-26 04:42:00,META ADS,EMP-02,PV-006,  Estefanía Zapata Agudelo  ,318-610-6753,estefania.zapata96@outlook.com,B/quilla,,Descartado,2026-08-26T08:42:00,Prima Extra
LD-00126,2026-08-07 22:57:00,whatsapp,EMP-02,PV-008,Sandra Milena Marín Quintero,3104095289,sandra.marin69@yahoo.es,CARTAGENA,Hero Dash 110 2026,Cotización enviada,2026-08-09 04:57:00,
LD-00127,01/08/2026 11:00,Meta Ads,EMP-01,PV-004,MARÍA FERNANDA CORREA RAMÍREZ,3239575792,,Rio Negro,honda cb 190r,no contesta,08/01/2026 17:00,Retoma tu moto
LD-00128,2026-08-14 14:53:00,Meta Ads,EMP-03,PV-015,VANESSA MARÍN BEDOYA,3055858314,vanessa.marin92@gmail.com,,Dash 110,Contactado,08/15/2026 20:53,
LD-00129,09/02/2026 19:05,WhatsApp,EMP-03,PV-014,Yuliana Restrepo Valencia,3221025546,,bogotá,Honda CB 125F Twister 2026,Descartado,,Prima Extra
LD-00130,10/09/2026 03:15,WhatsApp,EMP-03,PV-014,JULIÁN BEDOYA AGUDELO,304-184-4278,julian.bedoya89@gmail.com,Bogotá D.C.,HERO DASH 110,Descartado,10-09-2026,
LD-00131,2026-08-21 02:38:00,meta ads,EMP-02,PV-008,Marcela Gómez Salazar,350-122-6918,marcela.gomez77@outlook.com,Cartagena,Bajaj Boxer CT 100,Sin gestión,,Agosto Cero Cuotas
LD-00132,2026-08-23 19:55:00,META ADS,EMP-02,PV-007,Cristian Agudelo Arias,3170478484,cristian.agudelo66@yahoo.es,Soledad,Honda XRE 300,Sin gestión,,Remate Modelos 2025
LD-00133,08-09-2026,Formulario Web,EMP-02,PV-010,  Juan Carlos Escobar Restrepo  ,+57 312 2549184,,Monteria,Suzuki Gixxer 150,no contesta,12/09/2026 05:43,
LD-00134,2026-08-27 07:49:00,META ADS,EMP-03,PV-015,  Natalia Restrepo Giraldo  , 3508546749 ,natalia.restrepo42@outlook.com,SOACHA,honda cb 125f twister,Cotización enviada,08/27/2026 08:49,Remate Modelos 2025
LD-00135,2026-08-24 17:38:00,WhatsApp,EMP-01,PV-002,JULIÁN QUINTERO RODRÍGUEZ,+57 312 3508891,julian.quintero16@gmail.com,Itagüí,Dash 110,Contactado,24-08-2026,Prima Extra
LD-00136,08-09-2026,Meta Ads,EMP-03,PV-013,Héctor Cardona Correa,+57 318 8328842,,bogotá,Suzuki Gixxer 150,Sin gestión,,
LD-00137,27-08-2026,Formulario Web,EMP-01,PV-004,DUVÁN GÓMEZ CASTAÑO,314-303-2733,duvan.gomez4@hotmail.com,RIONEGRO,Bajaj,Cotización enviada,08/27/2026 17:21,
LD-00138,2026-08-20 00:57:00,Meta Ads,EMP-03,PV-014,YULIANA PÉREZ SALAZAR,321-310-9337,yuliana.perez65@hotmail.com,,Honda,En proceso,21-08-2026,Prima Extra
LD-00139,2026-08-14 10:54:00,META ADS,EMP-01,PV-005,Liliana Rodríguez Mosquera,3173585047,liliana.rodriguez37@yahoo.es,,Navi,En proceso,2026-08-14T16:54:00,Agosto Cero Cuotas
LD-00140,08/09/2026 13:31,WhatsApp,EMP-03,PV-013,Kevin Mosquera Torres, 3503293730 ,,BOGOTA,Discover 125,SIN GESTION,,Agosto Cero Cuotas
LD-00141,2026-08-14 14:59:00,Meta Ads,EMP-02,PV-008,Diana Carolina Osorio Agudelo,311-545-4740,,Cartagena de Indias,Hero Hunk 160R,Sin gestión,,Agosto Cero Cuotas
LD-00142,02-09-2026,Formulario Web,EMP-01,PV-005,Julián Quintero Londoño,+57 321 6402772,julian.quintero93@yahoo.es,Medellin,hero xpulse 200,Descartado,09/04/2026 11:06,Retoma tu moto
LD-00143,15-08-2026,Meta Ads,EMP-02,PV-009,Andrés Felipe Ospina Giraldo,316 964 3429,andres.ospina53@gmail.com,,bajaj discover 125,En proceso,08/16/2026 16:26,
LD-00144,2026-08-05 00:34:00,Formulario Web,EMP-01,PV-003,María Fernanda Herrera Correa,(300) 758-7262,,BELLO,bajaj pulsar ns 125,No contesta,2026-08-05T06:34:00,
LD-00145,2026-08-05 05:26:00,WhatsApp,EMP-01,PV-002,Óscar David Cardona Mosquera,3146825529,,ITAGUI,Hnda Dio 110,Cotización enviada,2026-08-05T06:26:00,Feria de Motos 2026
LD-00146,28/08/2026 22:12,Meta Ads,EMP-02,PV-008,Brayan Jiménez Bedoya,3115298008,brayan.jimenez98@yahoo.es,Cartagena,Honda CB,No contesta,29/08/2026 22:12,Prima Extra
LD-00147,04/08/2026 13:31,Meta Ads,EMP-02,PV-006,Jorge Iván Mosquera Pérez,315-309-8235,jorge.mosquera77@gmail.com,BARRANQUILLA,AKT NKD 125,Cotización enviada,08/08/2026 13:31,Remate Modelos 2025
LD-00148,25/08/2026 19:26,WhatsApp,EMP-02,PV-010,Fabián Muñoz Ospina,3215313948,,Montería,AKT  TTR 200,Descartado,2026-08-27T01:26:00,Feria de Motos 2026
LD-00149,2026-08-04 05:55:00,WhatsApp,EMP-03,PV-015,Katherine Londoño Restrepo,+57 310 6271184,,SOACHA,Hnda Dio 110,Descartado,07/08/2026 05:55,Retoma tu moto
LD-00150,2026-08-12T08:18:00,WhatsApp,EMP-03,PV-014,  Brayan Ospina Marín  , 3027906843 ,,Bogotá D.C.,AKT TTR 200,Sin gestión,,Prima Extra
LD-00151,2026-08-19 21:41:00,Meta Ads,EMP-01,PV-002,Erika Agudelo Betancur,3116424964,,ITAGUI,Bajaj Dominar 400,Sin gestión,,Prima Extra
LD-00152,2026-08-07 14:32:00,whatsapp,EMP-03,PV-013,Duván Agudelo Restrepo,+57 320 9575628,duvan.agudelo26@outlook.com,Bogota DC,Suzuki Best 125,En proceso,07-08-2026,Retoma tu moto
LD-00153,08/20/2026 20:11,WhatsApp,EMP-01,PV-003,ÓSCAR DAVID RESTREPO CASTAÑO,305-770-8328,,Bello,Hero Dash 110 2026,Cotización enviada,20/08/2026 21:11,
LD-00154,03/09/2026 03:17,WhatsApp,EMP-03,PV-014,  Carlos Mario Betancur Londoño  ,573165332330,,Bogota DC,Bajaj,Contactado,06-09-2026,Agosto Cero Cuotas
LD-00155,01/08/2026 22:02,Formulario Web,EMP-02,PV-010,Leidy Johana Franco Arias,3151498889,,Montería,Honda Dio 110,Descartado,03-08-2026,Feria de Motos 2026
LD-00156,2026-09-06 18:18:00,WhatsApp,EMP-03,PV-014,Carlos Mario Osorio Quintero,322-899-8151,carlos.osorio32@yahoo.es,Bogotá D.C.,HERO XPULSE 200,no contesta,,Prima Extra
LD-00157,2026-08-07T22:10:00,WhatsApp,EMP-01,PV-002,YULIANA PÉREZ OSORIO,3146177635,,ITAGUI,Honda XRE 300,Contactado,08-08-2026,Prima Extra
LD-00158,04-08-2026,WhatsApp,EMP-01,PV-002,  Julián Ramírez Salazar  ,573052211193,,Itagüí,A.K.T NKD 125,Contactado,05-08-2026,
LD-00159,29/08/2026 15:00,Meta Ads,EMP-01,PV-005,  Liliana Giraldo Torres  ,+57 323 0788701,,Medellin,Hero  Hunk 160R,Sin gestión,,Agosto Cero Cuotas
LD-00160,12/08/2026 11:54,WhatsApp,EMP-01,PV-005,  Andrés Felipe Quintero Osorio  ,3043752884,,MEDELLIN,Suzuki V-Strom 250,contactado,2026-08-15 11:54:00,
LD-00161,2026-08-14 12:25:00,Meta Ads,EMP-03,PV-013,Paula Andrea Muñoz Salazar,304 822 8172,,Bogota DC,Bajaj Dominar 400 2026,sin gestion,,Agosto Cero Cuotas
LD-00162,2026-08-26 14:27:00,FORMULARIO WEB,EMP-01,PV-005,LILIANA MUÑOZ BEDOYA,+57 300 9890476,liliana.munoz53@outlook.com,Medellin,Hero Dash 110,Cotización enviada,08/26/2026 16:27,Retoma tu moto
LD-00163,2026-08-26 06:48:00,formulario web,EMP-01,PV-004,Wilmar Quintero Ospina,+57 323 0766429,wilmar.quintero96@gmail.com,RIONEGRO,bajaj discover 125,En proceso,26-08-2026,Retoma tu moto
LD-00164,2026-08-06 05:31:00,WhatsApp,EMP-03,PV-013,Édinson Rodríguez Zapata, 3124795481 ,edinson.rodriguez88@outlook.com,Bogotá,BAJAJ DOMINAR 400,no contesta,2026-08-06 17:31:00,Feria de Motos 2026
LD-00165,12-08-2026,WhatsApp,EMP-02,PV-008,  Adriana Marín Hernández  , 3052466704 ,adriana.marin37@gmail.com,Cartagena,,Contactado,08/14/2026 20:04,Agosto Cero Cuotas
LD-00166,2026-08-09 01:49:00,Meta Ads,EMP-01,PV-004,  Cristian Londoño Franco  ,3178922233,,Rionegro,Bajaj Pulsar RS 200,Sin gestión,,Agosto Cero Cuotas
LD-00167,2026-08-11T06:25:00,WhatsApp,EMP-02,PV-009,Juan Carlos Agudelo Escobar,318-860-3159,,SANTA MARTA,BAJAJ PULSAR RS 200,En proceso,12/08/2026 12:25,Remate Modelos 2025
LD-00168,03/09/2026 21:06,META ADS,EMP-03,PV-011,DUVÁN MUÑOZ GIRALDO,323 314 6192,,,BAJAJ PULSAR RS 200,Contactado,03/09/2026 23:06,Feria de Motos 2026
LD-00169,2026-08-18T15:15:00,WhatsApp,EMP-03,PV-015,Sebastián Herrera Vargas,+57 323 7228285,,Soacha,AKT Dynamic R3 125,No contesta,2026-08-18 19:15:00,Prima Extra
LD-00170,30-08-2026,Formulario Web,EMP-02,PV-006,Juan Carlos Castaño Muñoz,3506078335,,BARRANQUILLA,Hero  Eco Deluxe 100,En proceso,01-09-2026,
LD-00171,02/09/2026 05:51,Formulario Web,EMP-03,PV-012,Nelson Quintero Restrepo,3189258296,nelson.quintero41@gmail.com,Bogotá D.C.,Honda  XRE 300,sin gestion,,Remate Modelos 2025
LD-00172,02/09/2026 07:02,Formulario Web,EMP-03,PV-012,Óscar David Hernández Hernández,3155704251,oscar.hernandez18@gmail.com,Bogotá,Honda XR,sin gestion,,Retoma tu moto
LD-00173,08/09/2026 22:08,META ADS,EMP-02,PV-009,Wilmar Hernández Rodríguez,3016312294,wilmar.hernandez32@outlook.com,Sta Marta,Suzuki  GN 125,Cotización enviada,,Agosto Cero Cuotas
LD-00174,27/08/2026 08:26,WhatsApp,EMP-02,PV-008,Mónica Pérez Franco, 3135735661 ,monica.perez63@outlook.com,Cartagena,hero dash 110,Descartado,2026-08-27T10:26:00,
LD-00175,2026-09-08 04:13:00,WhatsApp,EMP-02,PV-008,Diana Carolina Rodríguez Torres,3020424343,diana.rodriguez25@hotmail.com,Cartagena,Bajaj Dominar,Descartado,2026-09-09 04:13:00,Agosto Cero Cuotas
LD-00176,2026-08-26 06:22:00,Meta Ads,EMP-02,PV-006,Wilmar Salazar Cardona,3183986971,wilmar.salazar80@outlook.com,Barranquilla,HONDA NAVI,No contesta,2026-08-26 10:22:00,Retoma tu moto
LD-00177,12/08/2026 05:10,WhatsApp,EMP-01,PV-003,Claudia Patricia Betancur Gómez,573045632071,claudia.betancur50@outlook.com,BELLO,Hero Dash 110,Cotización enviada,12/08/2026 23:10,Feria de Motos 2026
LD-00178,10/08/2026 15:34,WhatsApp,EMP-03,PV-011,Andrés Felipe Arias Zapata,3018749200,andres.arias96@yahoo.es,bogotá,V-Strom 250,Cotización enviada,11/08/2026 03:34,
LD-00179,2026-08-18T23:38:00,Meta Ads,EMP-03,PV-011,Duván Castaño Vargas,+57 300 5773855,,BOGOTA,Bajaj,Contactado,2026-08-20 05:38:00,Retoma tu moto
LD-00180,2026-08-23 22:58:00,Meta Ads,EMP-03,PV-014,  María Fernanda Osorio Muñoz  ,+57 300 7848551,maria.osorio27@hotmail.com,Bogota DC,Honda CB 190R,Contactado,2026-08-23T23:58:00,
LD-00181,2026-09-04 06:03:00,WhatsApp,EMP-03,PV-013,Cristian Pérez Ospina,3234480678,cristian.perez29@hotmail.com,bogotá,AKT NKD 125,Contactado,04-09-2026,Prima Extra
LD-00182,2026-08-25 14:08:00,Formulario Web,EMP-02,PV-009,Paula Andrea Herrera Restrepo,312 373 8493,paula.herrera90@outlook.com,,Bajaj Pulsar,Contactado,26-08-2026,Agosto Cero Cuotas
LD-00183,2026-08-09T13:34:00,formulario web,EMP-02,PV-010,Kevin Mosquera,3503293730,kevin.mosquera53@outlook.com,MONTERIA,AKT Dynamic R3 125 2026,En proceso,09-08-2026,Retoma tu moto
LD-00184,2026-08-05T05:52:00,Formulario Web,EMP-03,PV-015,Carlos Mario Arias Herrera,(302) 577-8715,carlos.arias64@gmail.com,Soacha,Hnda Dio 110,En proceso,,Feria de Motos 2026
LD-00185,2026-09-01T12:50:00,WhatsApp,EMP-02,PV-010,Natalia Restrepo Giraldo,3508546749,natalia.restrepo17@outlook.com,MONTERIA,honda xr 150l,En proceso,2026-09-01 13:50:00,Remate Modelos 2025
LD-00186,2026-08-05 00:45:00,Meta Ads,EMP-01,PV-005,Carlos Mario Muñoz Muñoz,3042887574,carlos.munoz69@hotmail.com,Medellín,Hnda CB 190R,SIN GESTION,,Agosto Cero Cuotas
LD-00187,2026-08-02T03:09:00,Formulario Web,EMP-03,PV-014,JULIÁN CARDONA HERRERA, 3122128499 ,,BOGOTA,Navi,Contactado,08/02/2026 04:09,
LD-00188,2026-08-17 07:20:00,WhatsApp,EMP-01,PV-005,Duván Hernández Torres,3177884448,,,Hnda Navi,En proceso,18/08/2026 07:20,
LD-00189,20/08/2026 22:04,meta ads,EMP-03,PV-013,ANGIE PAOLA VALENCIA OSPINA,305 109 5454,angie.valencia49@yahoo.es,Bogotá D.C.,Bajaj Dominar 400,Descartado,2026-08-22T22:04:00,Remate Modelos 2025
LD-00190,2026-09-03 14:28:00,Meta Ads,EMP-01,PV-003,Héctor Osorio Arias,3208085803,hector.osorio83@gmail.com,BELLO,Bajaj,Sin gestión,,Retoma tu moto
LD-00191,2026-08-09 23:12:00,Formulario Web,EMP-01,PV-005,  Yesenia Herrera Torres  ,3221131295,,medellin,Bajaj Pulsar NS 125,En proceso,,
LD-00192,31/08/2026 22:18,WhatsApp,EMP-02,PV-008,Natalia Herrera Valencia, 3152010053 ,,Cartagena,Hnda CB 125F Twister,Cotización enviada,2026-09-02T22:18:00,Retoma tu moto
LD-00193,10/08/2026 04:04,META ADS,EMP-02,PV-008,Óscar David Betancur Osorio,3225396235,oscar.betancur40@hotmail.com,Cartagena,honda cb 125f twister,Sin gestión,,Retoma tu moto
LD-00194,2026-08-28T09:03:00,WhatsApp,EMP-02,PV-007,  Natalia Pérez Gómez  ,3015300496,,Soledad,Suzuky GN 125,No contesta,,Feria de Motos 2026
LD-00195,2026-08-20 14:43:00,WhatsApp,EMP-03,PV-013,Adriana Hernández Valencia,3514975216,,Bogota DC,Navi,Sin gestión,,
LD-00196,31-08-2026,WhatsApp,EMP-01,PV-002,CARLOS MARIO GIRALDO RESTREPO,3166816945,carlos.giraldo61@hotmail.com,Itagüí,A.K.T TTR 200,No contesta,31/08/2026 10:34,
LD-00197,31-08-2026,meta ads,EMP-03,PV-015,CARLOS MARIO AGUDELO PÉREZ,573116811622,carlos.agudelo43@yahoo.es,SOACHA,Bajaj Pulsar NS 125,sin gestion,,Prima Extra
LD-00198,03/09/2026 10:36,Meta Ads,EMP-01,PV-001,  Yuliana Quintero Arias  ,301 603 9155,yuliana.quintero93@yahoo.es,Medellín ,hero dash 110,Cotización enviada,03/09/2026 11:36,Retoma tu moto
LD-00199,08/09/2026 09:24,WhatsApp,EMP-01,PV-004,Cristian Agudelo Restrepo,3052124022,cristian.agudelo99@hotmail.com,RIONEGRO,Honda  CB 190R,sin gestion,,
LD-00200,20/08/2026 12:51,Meta Ads,EMP-01,PV-005,  Carlos Mario Jiménez Ramírez  ,3117016095,,MEDELLIN,akt nkd 125,Descartado,08/21/2026 18:51,Retoma tu moto
LD-00201,2026-08-14 04:47:00,WhatsApp,EMP-02,PV-008,Estefanía Pérez Ramírez, 3003807544 ,estefania.perez84@outlook.com,Cartagena de Indias,Suzuki V-Strom 250,Descartado,,Feria de Motos 2026
LD-00202,2026-08-22 00:50:00,FORMULARIO WEB,EMP-02,PV-010,Claudia Patricia Rodríguez Vargas,300-904-3276,,Montería,Bajai Boxer CT 100,No contesta,24-08-2026,Agosto Cero Cuotas
LD-00203,2026-08-05 18:06:00,WhatsApp,EMP-02,PV-007,Angie Paola Torres Betancur,573058103982,,SOLEDAD,Suzuki GN 125,no contesta,2026-08-05T19:06:00,Remate Modelos 2025
LD-00204,30/08/2026 11:41,WhatsApp,EMP-01,PV-005,Vanessa Cardona Castaño,3511572729,,medellin,Honda CB 125F Twister,Contactado,,Feria de Motos 2026
LD-00205,26/08/2026 07:14,formulario web,EMP-02,PV-007,JULIÁN BETANCUR QUINTERO,+57 318 5685610,,SOLEDAD,Hero  Hunk 160R,contactado,26/08/2026 11:14,Feria de Motos 2026
LD-00206,2026-08-02 13:44:00,WhatsApp,EMP-03,PV-011,Natalia Jiménez Mosquera,323 282 8746,natalia.jimenez21@gmail.com,Bogotá D.C.,akt dynamic r3 125,Contactado,02-08-2026,Prima Extra
LD-00207,2026-08-10 04:51:00,WhatsApp,EMP-03,PV-011,  Yesenia Arias Escobar  ,3189258265,,Bogota,honda cb 125f twister,Descartado,12-08-2026,Agosto Cero Cuotas
LD-00208,2026-08-17T09:55:00,Meta Ads,EMP-01,PV-002,Wilmar Mosquera Castaño, 3226734075 ,,ITAGUI,Bajai Pulsar NS 125,Descartado,2026-08-17T10:55:00,Retoma tu moto
LD-00209,2026-09-01 18:21:00,WhatsApp,EMP-01,PV-001,LUZ MARINA RESTREPO GIRALDO,573023586801,luz.restrepo48@hotmail.com,medellin,Honda  CB 190R,Descartado,2026-09-02 06:21:00,Retoma tu moto
LD-00210,2026-09-03 03:36:00,WhatsApp,EMP-01,PV-003,  Óscar David Arias Giraldo  ,573054833744,,BELLO,Honda  Dio 110,no contesta,03-09-2026,Prima Extra
LD-00211,31-08-2026,META ADS,EMP-03,PV-011,Diana Carolina Giraldo Franco,3000427368,diana.giraldo27@gmail.com,BOGOTA,Bajaj Pulsar NS 125 2026,Sin gestión,,
LD-00212,06-09-2026,Formulario Web,EMP-03,PV-013,Adriana Ramírez Torres, 3200664370 ,adriana.ramirez4@outlook.com,BOGOTA,BAJAJ DOMINAR 400,Cotización enviada,08/09/2026 02:44,Agosto Cero Cuotas
LD-00213,22/08/2026 12:01,Meta Ads,EMP-02,PV-010,Carlos Mario Hernández Castaño,316 577 8889,carlos.hernandez44@gmail.com,MONTERIA,Honda XRE 300,Contactado,22-08-2026,
LD-00214,08/31/2026 04:54,WhatsApp,EMP-01,PV-001,CARLOS MARIO OSORIO ESCOBAR,3158874268,,Medellín,Honda,Contactado,2026-08-31 16:54:00,Feria de Motos 2026
LD-00215,2026-08-11 00:13:00,WhatsApp,EMP-03,PV-015,Jorge Iván Escobar Osorio,573502668416,,SOACHA,Hero Hunk 160R,SIN GESTION,,Remate Modelos 2025
LD-00216,05-08-2026,whatsapp,EMP-03,PV-015,Wilmar Londoño Zapata,322 298 6193,wilmar.londono73@yahoo.es,Soacha,AKT Dynamic R3 125,sin gestion,,Agosto Cero Cuotas
LD-00217,2026-08-13 23:18:00,WhatsApp,EMP-02,PV-009,Édinson Bedoya Vargas, 3518822526 ,edinson.bedoya13@hotmail.com,SANTA MARTA,Honda XR 150L,no contesta,08/14/2026 23:18,Feria de Motos 2026
LD-00218,2026-08-19 15:34:00,Formulario Web,EMP-03,PV-013,  Fabián Gómez Betancur  ,+57 321 9007755,fabian.gomez48@outlook.com,Bogotá,Bajaj Discover 125,Contactado,19-08-2026,Remate Modelos 2025
LD-00219,2026-09-08 17:47:00,Formulario Web,EMP-03,PV-014,Wilmar Castaño Muñoz,(320) 480-7726,wilmar.castano35@yahoo.es,bogotá,Bajai Pulsar NS 125,En proceso,09/09/2026 23:47,Feria de Motos 2026
LD-00220,27/08/2026 12:41,WhatsApp,EMP-03,PV-011,Angie Paola Castaño Vargas,3024507639,,,Bajaj,No contesta,2026-08-28 12:41:00,Remate Modelos 2025
LD-00221,15/08/2026 04:45,Meta Ads,EMP-01,PV-002,Natalia Marín Jiménez,311-567-5817,natalia.marin20@outlook.com,ITAGUI,Honda Navi,no contesta,2026-08-15T06:45:00,Retoma tu moto
LD-00222,15/08/2026 17:27,Meta Ads,EMP-01,PV-003,Camilo Zapata Escobar,3209420858,,BELLO,Bajaj Pulsar NS 125,Sin gestión,,Agosto Cero Cuotas
LD-00223,28/08/2026 05:43,Formulario Web,EMP-01,PV-004,YESENIA VALENCIA SALAZAR,+57 322 6591672,,Rio Negro,SUZUKI GN 125,Sin gestión,,
LD-00224,08/06/2026 02:18,WhatsApp,EMP-03,PV-013,Liliana Valencia Escobar,3224438410,,Bogota DC,Bajaj  Pulsar RS 200,Sin gestión,,
LD-00225,22/08/2026 08:52,whatsapp,EMP-03,PV-015,JULIÁN PÉREZ ARIAS,(300) 106-8650,,Soacha,HONDA CB 190R,contactado,2026-08-22 12:52:00,Agosto Cero Cuotas
LD-00226,2026-09-10 03:03:00,Meta Ads,EMP-01,PV-003,Alexander Bedoya Zapata,318 744 9839,alexander.bedoya3@hotmail.com,bello,Suzuki,Sin gestión,,Agosto Cero Cuotas
LD-00227,2026-08-21 14:43:00,whatsapp,EMP-03,PV-012,MARÍA FERNANDA ESCOBAR RESTREPO,351-806-2228,,Bogotá,Honda Navi,No contesta,2026-08-21T16:43:00,
LD-00228,16-08-2026,WhatsApp,EMP-02,PV-009,Sebastián Jiménez Ramírez,3508919077,,SANTA MARTA,Suzuki Best 125,Contactado,2026-08-19 04:45:00,Agosto Cero Cuotas
LD-00229,2026-08-07 16:55:00,WhatsApp,EMP-02,PV-009,  Yuliana Franco Arias  , 3116976067 ,,Santa Marta,HONDA CB 125F TWISTER,Contactado,2026-08-08T22:55:00,
LD-00230,2026-08-22 13:39:00,Formulario Web,EMP-03,PV-014,Camilo Agudelo Ramírez,3232891094,,Bogotá D.C.,Suzuki Gixxer 150,No contesta,,Feria de Motos 2026
LD-00231,2026-09-04 22:15:00,whatsapp,EMP-02,PV-007,  Vanessa Pérez Betancur  ,+57 323 0474005,vanessa.perez16@outlook.com,Soledad,Suzuki Gixxer,Descartado,05/09/2026 10:15,Feria de Motos 2026
LD-00232,2026-08-26 20:45:00,WhatsApp,EMP-01,PV-003,  Claudia Patricia Ramírez Torres  ,310-480-4393,claudia.ramirez31@hotmail.com,bello,Hero Xpulse 200,Contactado,2026-08-28T20:45:00,
LD-00233,28-08-2026,WhatsApp,EMP-03,PV-012,Alexander Hernández Gómez, 3218787019 ,,Bogotá D.C.,AKT DYNAMIC R3 125,no contesta,2026-08-28T17:45:00,
LD-00234,2026-09-04 21:56:00,WhatsApp,EMP-03,PV-011,Héctor Betancur Salazar,3209062096,hector.betancur25@gmail.com,bogotá,Honda  Dio 110,Sin gestión,,Remate Modelos 2025
LD-00235,2026-08-04 11:12:00,Meta Ads,EMP-02,PV-006,Adriana Gómez Ramírez,3508876769,adriana.gomez37@outlook.com,Barranquilla,bajaj dominar 400,contactado,2026-08-06T11:12:00,
LD-00236,2026-09-02T12:48:00,Meta Ads,EMP-03,PV-012,Estefanía Escobar Valencia,3128446915,,Bogotá D.C.,Bajai Boxer CT 100,En proceso,09/04/2026 12:48,Agosto Cero Cuotas
LD-00237,2026-08-31 14:00:00,WhatsApp,EMP-03,PV-012,  Wilmar Marín Escobar  ,+57 301 2653471,wilmar.marin20@gmail.com,Bogota,Honda  CB 125F Twister,Contactado,31/08/2026 15:00,Remate Modelos 2025
LD-00238,2026-08-10T03:18:00,WhatsApp,EMP-03,PV-014,DUVÁN BEDOYA ARIAS,573227175367,,Bogota,AKT Dynamic R3 125,Contactado,2026-08-10T09:18:00,
LD-00239,2026-08-23 15:52:00,WhatsApp,EMP-02,PV-008,Vanessa Marín Gómez,315 908 2340,vanessa.marin78@gmail.com,CARTAGENA,Bajaj  Pulsar RS 200,Sin gestión,,Retoma tu moto
LD-00240,18/08/2026 03:38,WhatsApp,EMP-02,PV-007,Katherine Escobar,3230031702,,,Honda XRE 300,Contactado,2026-08-18T04:38:00,
LD-00241,2026-09-08 12:49:00,Formulario Web,EMP-03,PV-015,Nelson Arias Vargas,317 064 0036,nelson.arias47@hotmail.com,Soacha,honda cb 190r,En proceso,,Retoma tu moto
LD-00242,18/08/2026 07:24,WhatsApp,EMP-03,PV-013,Natalia Pérez Herrera,351-160-9861,natalia.perez56@hotmail.com,Bogota DC,HERO XPULSE 200,Descartado,2026-08-18T11:24:00,Prima Extra
LD-00243,08/09/2026 11:29,WhatsApp,EMP-03,PV-011,  Sandra Milena Cardona Hernández  ,3227360711,sandra.cardona69@yahoo.es,bogotá,,Cotización enviada,2026-08-09T15:29:00,
LD-00244,2026-08-03 22:57:00,WhatsApp,EMP-01,PV-005,KEVIN ZAPATA AGUDELO, 3223456560 ,,Medellín,HONDA NAVI,sin gestion,,Agosto Cero Cuotas
LD-00245,2026-08-03 17:35:00,WhatsApp,EMP-01,PV-001,  Carlos Mario Vargas Hernández  ,+57 351 9688328,carlos.vargas47@hotmail.com,medellin,AKT Evo RS 150 2026,Cotización enviada,,Agosto Cero Cuotas
LD-00246,2026-08-30 10:17:00,Meta Ads,EMP-01,PV-003,  Adriana Betancur Bedoya  ,(314) 158-3958,,bello,akt dynamic r3 125,No contesta,31-08-2026,Prima Extra
LD-00247,08/24/2026 04:18,WhatsApp,EMP-03,PV-012,JULIÁN BETANCUR MOSQUERA, 3021953691 ,,Bogotá D.C.,BAJAJ DOMINAR 400,Contactado,24/08/2026 16:18,
LD-00248,2026-08-22 21:47:00,WhatsApp,EMP-01,PV-005,  Estefanía Jiménez Muñoz  ,310-511-9735,estefania.jimenez56@yahoo.es,Medellin,Honda XR 150L,Contactado,2026-08-25T21:47:00,Prima Extra
LD-00249,2026-08-23 22:16:00,Meta Ads,EMP-03,PV-014,  Claudia Patricia Torres Pérez  ,+57 311 4840904,,Bogota,Honda XRE 300,Cotización enviada,,Agosto Cero Cuotas
LD-00250,2026-08-31 22:31:00,Formulario Web,EMP-03,PV-011,  Freddy Correa Muñoz  ,3154235528,,Bogota,Bajai Boxer CT 100,Cotización enviada,09/01/2026 22:31,Agosto Cero Cuotas
LD-00251,05-09-2026,Meta Ads,EMP-03,PV-013,  Fabián Londoño Betancur  ,3047335532,,Bogotá,Suzuky GN 125,Contactado,2026-09-07T02:44:00,Retoma tu moto
LD-00252,2026-08-19 12:33:00,WhatsApp,EMP-03,PV-011,Brayan Cardona Zapata,3128383625,brayan.cardona89@outlook.com,Bogotá D.C.,XRE 300,Sin gestión,,Agosto Cero Cuotas
LD-00253,2026-08-23T14:04:00,WhatsApp,EMP-02,PV-009,Édinson Franco Giraldo,302 981 6697,,SANTA MARTA,Bajaj Dominar 400,sin gestion,,Feria de Motos 2026
LD-00254,2026-08-22 09:41:00,Meta Ads,EMP-01,PV-005,LEIDY JOHANA VARGAS ARIAS,301 245 8689,,Medellin,XR 150L,Contactado,,Prima Extra
LD-00255,10-08-2026,WhatsApp,EMP-03,PV-015,Freddy Jiménez Londoño,+57 300 3494850,,Soacha,,Contactado,,Remate Modelos 2025
LD-00256,2026-08-10 12:50:00,meta ads,EMP-03,PV-015,  Héctor Mosquera Pérez  ,+57 322 0997499,hector.mosquera37@hotmail.com,,Honda  XR 150L,No contesta,2026-08-11 18:50:00,
LD-00257,09/09/2026 12:25,Formulario Web,EMP-02,PV-010,MÓNICA ARIAS PÉREZ,3508621976,monica.arias86@hotmail.com,Montería,Honda CB 125F Twister 2026,Contactado,2026-09-09T18:25:00,Feria de Motos 2026
LD-00258,03-08-2026,WhatsApp,EMP-01,PV-002,ANGIE PAOLA GÓMEZ MOSQUERA,3140483109,angie.gomez73@hotmail.com,ITAGUI,SUZUKI GIXXER 150,sin gestion,,
LD-00259,2026-08-15T23:53:00,Formulario Web,EMP-03,PV-013,Juan Carlos Marín Franco,573209053618,juan.marin33@gmail.com,Bogotá D.C.,bajaj dominar 400,Cotización enviada,2026-08-16T00:53:00,Retoma tu moto
LD-00260,04/09/2026 09:29,Meta Ads,EMP-01,PV-003,Mónica Restrepo Rodríguez,304-005-4315,monica.restrepo96@outlook.com,Bello,,Descartado,2026-09-04 11:29:00,Agosto Cero Cuotas
LD-00261,2026-08-22 08:25:00,META ADS,EMP-01,PV-005,Marcela Restrepo Herrera,3017162127,,Medellin,Hero Eco,Cotización enviada,,
LD-00262,2026-08-12 09:46:00,Formulario Web,EMP-03,PV-012,María Fernanda Quintero Betancur,3511424907,,Bogota DC,HONDA XRE 300,Cotización enviada,13/08/2026 03:46,Agosto Cero Cuotas
LD-00263,27/08/2026 01:04,whatsapp,EMP-02,PV-007,ERIKA JIMÉNEZ RODRÍGUEZ,3139690640,,Soledad,Honda Dio 110,Cotización enviada,2026-08-29 01:04:00,Agosto Cero Cuotas
LD-00264,08/19/2026 00:12,WhatsApp,EMP-01,PV-004,MARÍA FERNANDA AGUDELO OSPINA,3514820760,,Rionegro,AKT Evo RS 150,No contesta,19/08/2026 18:12,
LD-00265,2026-08-25T01:59:00,Meta Ads,EMP-03,PV-013,ANDRÉS FELIPE HERRERA VALENCIA,313-387-4980,,Bogota,,En proceso,29-08-2026,Prima Extra
LD-00266,16/08/2026 05:26,WhatsApp,EMP-03,PV-011,HÉCTOR ARIAS GIRALDO,313 998 0101,hector.arias78@outlook.com,Bogota DC,Suzuki  V-Strom 250,En proceso,08/16/2026 09:26,
LD-00267,2026-08-26T07:02:00,Formulario Web,EMP-02,PV-010,  Erika Cardona Cardona  ,320-280-4558,erika.cardona4@hotmail.com,Montería,hero xpulse 200,No contesta,08/28/2026 07:02,Remate Modelos 2025
LD-00268,15/08/2026 01:07,Meta Ads,EMP-03,PV-012,JUAN CARLOS OSORIO RESTREPO,312-843-3832,,Bogotá D.C.,CB 190R,Descartado,2026-08-16 07:07:00,Agosto Cero Cuotas
LD-00269,14-08-2026,Formulario Web,EMP-01,PV-005,N. Pérez Gómez,+57 301 5300496,natalia.perez39@outlook.com,Medellín,Hero Dash 110 2026,Contactado,2026-08-15 08:12:00,Remate Modelos 2025
LD-00270,08-08-2026,WhatsApp,EMP-03,PV-014,Luisa Castaño Quintero, 3145560697 ,luisa.castano21@yahoo.es,Bogotá D.C.,Suzuki GN,Sin gestión,,Retoma tu moto
LD-00271,2026-08-20 18:16:00,Formulario Web,EMP-01,PV-001,  Diana Carolina Betancur Valencia  ,(316) 417-2845,diana.betancur3@gmail.com,medellin,Gixxer 150,En proceso,,Agosto Cero Cuotas
LD-00272,09/08/2026 02:42,Meta Ads,EMP-02,PV-010,Freddy Zapata Valencia,573211588905,,Montería,Suzuki,Contactado,09-08-2026,Remate Modelos 2025
LD-00273,2026-08-20 09:18:00,WhatsApp,EMP-01,PV-001,Leidy Johana Herrera Ramírez,3500942394,leidy.herrera95@outlook.com,MEDELLIN,suzuki gn 125,Contactado,20/08/2026 13:18,
LD-00274,2026-08-29 01:46:00,Meta Ads,EMP-01,PV-003,Freddy Franco Pérez,315 795 9796,freddy.franco91@outlook.com,Bello,V-Strom 250,Contactado,2026-08-29T07:46:00,Prima Extra
LD-00275,2026-08-18 11:49:00,WhatsApp,EMP-01,PV-002,  Paula Andrea Pérez Betancur  , 3050348840 ,paula.perez92@outlook.com,Itagüí,Bajaj Pulsar NS 125,Sin gestión,,Prima Extra
LD-00276,2026-08-01T17:16:00,Meta Ads,EMP-01,PV-005,  Duván Quintero Restrepo  ,301 688 9392,duvan.quintero31@gmail.com,Medellín ,Bajaj Boxer CT 100,Sin gestión,,
LD-00277,2026-08-27 14:11:00,WhatsApp,EMP-01,PV-001,DIANA CAROLINA OSORIO BETANCUR,350 281 2875,,Medellin,Suzuki Best,Contactado,08/28/2026 02:11,
LD-00278,2026-08-26 14:19:00,Meta Ads,EMP-01,PV-005,Diana Carolina Jiménez Ramírez,3011964371,diana.jimenez91@outlook.com,MEDELLIN,Heroo Xpulse 200,Contactado,08/27/2026 02:19,
LD-00279,2026-08-09 16:39:00,WHATSAPP,EMP-02,PV-007,JULIÁN OSPINA HERNÁNDEZ,3105208211,julian.ospina42@outlook.com,Soledad,Honda CB 190R 2026,Contactado,2026-08-09T20:39:00,Feria de Motos 2026
LD-00280,06/09/2026 06:10,FORMULARIO WEB,EMP-03,PV-011,Liliana Rodríguez Bedoya,315 780 3802,liliana.rodriguez12@hotmail.com,Bogotá,Bajaj Boxer CT 100,Cotización enviada,2026-09-07 06:10:00,
LD-00281,26-08-2026,WhatsApp,EMP-03,PV-011,Óscar David Bedoya Herrera, 3107716253 ,oscar.bedoya53@hotmail.com,Bogotá,Honda  CB 190R,Sin gestión,,Retoma tu moto
LD-00282,2026-09-04 01:29:00,WhatsApp,EMP-03,PV-013,Juan Carlos Osorio Mosquera,+57 302 2081077,juan.osorio8@gmail.com,BOGOTA,honda dio 110,Sin gestión,,
LD-00283,19-08-2026,whatsapp,EMP-01,PV-005,PAULA ANDREA LONDOÑO GIRALDO,3143782648,,Medellin,Dominar 400,Contactado,20/08/2026 08:31,
LD-00284,08/31/2026 08:00,WhatsApp,EMP-03,PV-014,WILMAR CASTAÑO RODRÍGUEZ,3104824081,wilmar.castano52@outlook.com,Bogotá D.C.,,contactado,2026-09-04 08:00:00,
LD-00285,2026-08-10 02:50:00,Meta Ads,EMP-02,PV-006,  Héctor Gómez Marín  ,311 696 8996,hector.gomez43@outlook.com,B/quilla,Honda XRE 300,Sin gestión,,Prima Extra
LD-00286,08/03/2026 19:45,Formulario Web,EMP-02,PV-010,Yesenia Vargas Valencia, 3507508335 ,yesenia.vargas50@outlook.com,MONTERIA,Suzuki Gixxer 150 2026,SIN GESTION,,Agosto Cero Cuotas
LD-00287,2026-08-22 06:06:00,Formulario Web,EMP-03,PV-013,Luz Marina Londoño Londoño,3229803859,,Bogotá D.C.,Suzuki,En proceso,23-08-2026,Prima Extra
LD-00288,2026-08-17 19:32:00,WhatsApp,EMP-02,PV-006,Erika Gómez Castaño,(314) 664-6339,erika.gomez67@gmail.com,,Honda Dio 110,En proceso,2026-08-19T01:32:00,Remate Modelos 2025
LD-00289,30/08/2026 10:44,WhatsApp,EMP-01,PV-005,ALEXANDER CORREA VALENCIA,350 549 7425,,Medellín ,AKT  Dynamic R3 125,Sin gestión,,Prima Extra
LD-00290,2026-08-13T19:06:00,WhatsApp,EMP-03,PV-014,Jorge Iván Valencia Restrepo,3001777144,jorge.valencia27@hotmail.com,BOGOTA,akt ttr 200,Descartado,08/17/2026 19:06,
LD-00291,2026-08-03 17:18:00,Formulario Web,EMP-01,PV-004,ÉDINSON MARÍN RESTREPO,+57 304 1010117,edinson.marin37@gmail.com,Rio Negro,bajaj pulsar rs 200,contactado,2026-08-04T05:18:00,
LD-00292,2026-08-27 14:44:00,FORMULARIO WEB,EMP-01,PV-002,Sandra Milena Salazar Restrepo,+57 314 4567955,sandra.salazar65@gmail.com,ITAGUI,Heroo Dash 110,No contesta,27-08-2026,Retoma tu moto
LD-00293,05-08-2026,WhatsApp,EMP-02,PV-006,JUAN CARLOS GÓMEZ CASTAÑO,3223188528,,BARRANQUILLA,BAJAJ DOMINAR 400,Contactado,08/05/2026 23:47,Prima Extra
LD-00294,08/07/2026 20:31,Meta Ads,EMP-01,PV-001,Estefanía Castaño,320 895 0842,estefania.castano97@outlook.com,Medellín,Hero Dash 110,Contactado,2026-08-07 21:31:00,Prima Extra
LD-00295,08/09/2026 06:24,WhatsApp,EMP-03,PV-011,  Jhon Jairo Marín Hernández  ,301 432 8288,jhon.marin74@yahoo.es,Bogotá,Bajaj Pulsar NS 160,En proceso,09/08/2026 12:24,Retoma tu moto
LD-00296,18-08-2026,WhatsApp,EMP-03,PV-014,  Erika Ospina Gómez  , 3200622804 ,,Bogotá D.C.,Hero  Eco Deluxe 100,No contesta,19/08/2026 05:52,Feria de Motos 2026
LD-00297,26/08/2026 19:21,WhatsApp,EMP-03,PV-014,CLAUDIA PATRICIA MARÍN OSPINA,3114989566,claudia.marin97@outlook.com,BOGOTA,suzuki gixxer 150,contactado,2026-08-26 20:21:00,
LD-00298,2026-09-08T10:53:00,FORMULARIO WEB,EMP-03,PV-012,Sebastián Arias Gómez,313-034-7353,,Bogotá D.C.,HERO XPULSE 200,Cotización enviada,11/09/2026 10:53,Retoma tu moto
LD-00299,2026-08-27 09:06:00,formulario web,EMP-02,PV-009,Héctor Ramírez Restrepo,3014791258,,Sta Marta,HONDA CB 125F TWISTER,Descartado,27/08/2026 13:06,Prima Extra
LD-00300,2026-09-06 06:48:00,WhatsApp,EMP-02,PV-010,  Cristian Muñoz Londoño  ,573163060372,cristian.munoz31@outlook.com,MONTERIA,Honda Navi,Sin gestión,,Feria de Motos 2026
LD-00301,2026-08-11T20:30:00,WHATSAPP,EMP-03,PV-011,  Sandra Milena Torres Salazar  , 3000888148 ,,bogotá,AKT TTR 200,Descartado,08/12/2026 20:30,Feria de Motos 2026
LD-00302,09/08/2026 12:37,WHATSAPP,EMP-02,PV-010,Luisa Ospina Marín,+57 351 5329917,luisa.ospina34@yahoo.es,Monteria,Honda Navi 2026,Sin gestión,,Prima Extra
LD-00303,02-09-2026,WhatsApp,EMP-03,PV-013,Vanessa Marín Valencia,(322) 901-9406,,,AKT Evo RS 150 2026,sin gestion,,Agosto Cero Cuotas
LD-00304,11-08-2026,WhatsApp,EMP-03,PV-013,Adriana Agudelo Pérez,3155142977,,bogotá,Honda Navi,En proceso,2026-08-11T17:11:00,Feria de Motos 2026
LD-00305,2026-08-16 14:24:00,WhatsApp,EMP-01,PV-005,  Yesenia Cardona Jiménez  ,322 369 1818,yesenia.cardona7@outlook.com,Medellín,Bajaj Boxer CT 100,En proceso,2026-08-16 20:24:00,Remate Modelos 2025
LD-00306,2026-08-21 08:11:00,WhatsApp,EMP-01,PV-004,DIANA CAROLINA HERNÁNDEZ OSPINA,320-212-1419,,RIONEGRO,akt nkd 125,Contactado,2026-08-21T14:11:00,Remate Modelos 2025
LD-00307,07/09/2026 01:34,WhatsApp,EMP-01,PV-003,Adriana Torres Castaño,3516260514,adriana.torres77@yahoo.es,Bello,,Sin gestión,,Agosto Cero Cuotas
LD-00308,2026-08-11 08:46:00,WhatsApp,EMP-02,PV-006,  María Fernanda Jiménez Franco  , 3213715574 ,,barranquilla,,Contactado,11/08/2026 10:46,Retoma tu moto
LD-00309,31-08-2026,FORMULARIO WEB,EMP-02,PV-008,  Erika Escobar Escobar  ,310 562 8058,erika.escobar72@hotmail.com,CARTAGENA,Hero Eco Deluxe 100 2026,Contactado,09/03/2026 07:04,Feria de Motos 2026
LD-00310,2026-08-06 18:44:00,WHATSAPP,EMP-03,PV-014,  Yesenia Muñoz Jiménez  ,3130070563,yesenia.munoz62@gmail.com,Bogota,Bajaj Pulsar RS 200,Sin gestión,,Remate Modelos 2025
LD-00311,2026-08-06 11:32:00,WhatsApp,EMP-03,PV-015,Wilmar Castaño Salazar,3118536746,wilmar.castano83@gmail.com,SOACHA,BAJAJ PULSAR NS 160,Sin gestión,,
LD-00312,15/08/2026 21:13,Meta Ads,EMP-03,PV-011,ANGIE PAOLA QUINTERO CORREA,3182740737,,BOGOTA,Hero Hunk 160R,En proceso,15/08/2026 23:13,Feria de Motos 2026
LD-00313,20/08/2026 02:36,WhatsApp,EMP-02,PV-008,Édinson Hernández Cardona,321 878 6359,,,Honda XR 150L,En proceso,20-08-2026,
LD-00314,2026-09-08 16:14:00,WhatsApp,EMP-01,PV-003,  Freddy Torres Marín  ,+57 321 6654659,,bello,HONDA XRE 300,No contesta,09/08/2026 18:14,
LD-00315,16/08/2026 14:13,Meta Ads,EMP-03,PV-011,Jorge Iván Gómez Gómez,+57 300 2591506,jorge.gomez73@gmail.com,Bogotá D.C.,AKT Evo RS 150 2026,No contesta,08/16/2026 18:13,Feria de Motos 2026
LD-00316,02/09/2026 11:37,WhatsApp,EMP-01,PV-002,Erika Betancur Betancur,311 663 3821,,ITAGUI,AKT TTR 200,No contesta,02/09/2026 17:37,Agosto Cero Cuotas
LD-00317,2026-08-24 22:09:00,WhatsApp,EMP-01,PV-003,  María Fernanda Restrepo Vargas  ,3118174418,,Bello,bajaj pulsar ns 160,Sin gestión,,Prima Extra
LD-00318,16/08/2026 20:23,Formulario Web,EMP-03,PV-014,Luisa Ospina,(351) 532-9917,luisa.ospina99@gmail.com,Bogota,bajaj pulsar rs 200,SIN GESTION,,
LD-00319,31-08-2026,Meta Ads,EMP-01,PV-001,alexander arias ospina,3022506559,alexander.arias99@outlook.com,Medellin,AKT  NKD 125,Cotización enviada,09/01/2026 09:48,Feria de Motos 2026
LD-00320,31-08-2026,Meta Ads,EMP-03,PV-011,Marcela Torres Cardona,3127545180,,,Honda,Descartado,08/31/2026 17:47,
LD-00321,2026-08-16 13:15:00,WhatsApp,EMP-01,PV-005,  Héctor Jiménez Ospina  ,(323) 117-1868,hector.jimenez2@yahoo.es,Medellin,Suzuki V-Strom 250,SIN GESTION,,Prima Extra
LD-00322,2026-09-07 12:29:00,WhatsApp,EMP-02,PV-010,Jhon Jairo Hernández Vargas, 3189664901 ,jhon.hernandez83@yahoo.es,Monteria,HONDA NAVI,Sin gestión,,Feria de Motos 2026
LD-00323,08/07/2026 01:08,Meta Ads,EMP-01,PV-002,JUAN CARLOS GIRALDO ARIAS,304 447 7918,,Itagüí,Bajaj  Discover 125,Descartado,08/08/2026 01:08,Feria de Motos 2026
LD-00324,2026-08-18 14:27:00,Meta Ads,EMP-01,PV-002,Mónica Restrepo Herrera,313-485-9199,monica.restrepo36@yahoo.es,Itagüí,Bajaj Pulsar,Sin gestión,,Remate Modelos 2025
LD-00325,2026-09-05 01:01:00,Formulario Web,EMP-01,PV-004,CARLOS MARIO VARGAS GIRALDO,(320) 031-9066,carlos.vargas95@hotmail.com,Rionegro,suzuki gixxer 150,Descartado,2026-09-05T07:01:00,Remate Modelos 2025
LD-00326,30-08-2026,WhatsApp,EMP-02,PV-009,KATHERINE ARIAS CARDONA,3133360466,,SANTA MARTA,NKD 125,Contactado,30-08-2026,Retoma tu moto
LD-00327,15-08-2026,WhatsApp,EMP-02,PV-010,Cristian Torres Franco,3018646069,,MONTERIA,Honda Navi,En proceso,18/08/2026 00:45,Remate Modelos 2025
LD-00328,09-08-2026,WhatsApp,EMP-02,PV-007,MARÍA FERNANDA VALENCIA SALAZAR, 3161530381 ,maria.valencia12@hotmail.com,SOLEDAD,Suzuki Best 125,Cotización enviada,2026-08-13T20:53:00,
LD-00329,08/30/2026 05:09,WhatsApp,EMP-02,PV-008,ERIKA HERRERA BETANCUR,(304) 702-5913,,Cartagena,Bajaj Boxer CT 100,En proceso,2026-08-30 06:09:00,Feria de Motos 2026
LD-00330,31/08/2026 21:27,Meta Ads,EMP-02,PV-009,Claudia Patricia Quintero Escobar,322 780 1936,claudia.quintero43@yahoo.es,SANTA MARTA,Honda,En proceso,02-09-2026,Agosto Cero Cuotas
LD-00331,21-08-2026,WhatsApp,EMP-02,PV-007,LILIANA CORREA JIMÉNEZ,3114997487,liliana.correa99@gmail.com,,Honda CB 190R,Sin gestión,,
LD-00332,2026-08-08 19:54:00,Meta Ads,EMP-01,PV-005,Paula Andrea Bedoya Torres,(300) 814-0096,paula.bedoya16@hotmail.com,MEDELLIN,Bajaj  Boxer CT 100,Contactado,08/08/2026 20:54,Prima Extra
LD-00333,03-08-2026,WhatsApp,EMP-03,PV-012,  Luisa Betancur Bedoya  ,+57 310 8016216,luisa.betancur80@yahoo.es,bogotá,Honda Navi,Descartado,03/08/2026 21:51,Agosto Cero Cuotas
LD-00334,08/24/2026 18:10,Meta Ads,EMP-01,PV-001,Duván Muñoz Zapata,314 777 6276,duvan.munoz87@outlook.com,MEDELLIN,Suzuki  GN 125,Cotización enviada,08/25/2026 18:10,Prima Extra
LD-00335,2026-08-15T10:13:00,WhatsApp,EMP-02,PV-008,Carlos Mario Vargas Osorio,573024576013,carlos.vargas35@hotmail.com,,Suzuki V-Strom 250,En proceso,08/16/2026 16:13,Feria de Motos 2026
LD-00336,10-08-2026,Meta Ads,EMP-03,PV-013,Édinson Cardona Ospina,3510976361,edinson.cardona34@yahoo.es,Bogotá,Boxer CT 100,Contactado,08/10/2026 21:44,Prima Extra
LD-00337,2026-08-06 22:05:00,Meta Ads,EMP-01,PV-001,Sandra Milena Zapata Agudelo,316-953-1666,sandra.zapata56@outlook.com,MEDELLIN,Honda Navi,Sin gestión,,Retoma tu moto
LD-00338,30-08-2026,WhatsApp,EMP-02,PV-008,Diana Carolina Betancur Arias,573115128422,,Cartagena de Indias,akt dynamic r3 125,En proceso,2026-08-30 22:13:00,Remate Modelos 2025
LD-00339,25/08/2026 09:46,WhatsApp,EMP-03,PV-015,Leidy Johana Betancur Ospina,573055249210,,Soacha,AKT Evo RS 150 2026,Contactado,25-08-2026,Feria de Motos 2026
LD-00340,08/22/2026 05:01,Formulario Web,EMP-03,PV-014,  Leidy Johana Restrepo Mosquera  , 3233602107 ,leidy.restrepo16@yahoo.es,Bogotá D.C.,Honda,Contactado,,Prima Extra
LD-00341,2026-08-01 12:24:00,Meta Ads,EMP-01,PV-001,Luz Marina Ramírez Torres,+57 320 2025515,luz.ramirez46@gmail.com,Medellin,bajaj dominar 400,No contesta,04/08/2026 12:24,Agosto Cero Cuotas
LD-00342,2026-08-07 14:01:00,Formulario Web,EMP-01,PV-003,Juan Carlos Valencia Agudelo,3118247301,juan.valencia97@gmail.com,bello,Hero Dash 110,sin gestion,,Feria de Motos 2026
LD-00343,2026-08-26 11:39:00,WhatsApp,EMP-01,PV-001,Brayan Mosquera Rodríguez,3001118516,,,Honda XR 150L,Sin gestión,,Agosto Cero Cuotas
LD-00344,26-08-2026,Formulario Web,EMP-01,PV-003,CRISTIAN RODRÍGUEZ BETANCUR,3113039843,,bello,AKT Evo,contactado,,
LD-00345,2026-08-18 11:30:00,WhatsApp,EMP-01,PV-004,SEBASTIÁN BEDOYA VARGAS,+57 316 8835792,sebastian.bedoya29@yahoo.es,RIONEGRO,Honda XR,No contesta,2026-08-21T11:30:00,Retoma tu moto
LD-00346,2026-08-28 15:41:00,WhatsApp,EMP-02,PV-010,Yesenia Betancur Osorio,351 046 5213,yesenia.betancur20@hotmail.com,Montería,Evo RS 150,Contactado,28-08-2026,Prima Extra
LD-00347,24/08/2026 21:27,WhatsApp,EMP-02,PV-007,Freddy Escobar Escobar,3160293423,freddy.escobar43@hotmail.com,SOLEDAD,honda cb 190r,no contesta,28-08-2026,Remate Modelos 2025
LD-00348,03/09/2026 21:31,WhatsApp,EMP-02,PV-006,BRAYAN HERRERA CASTAÑO,314 688 0812,brayan.herrera71@yahoo.es,BARRANQUILLA,Suzuki Best 125,Cotización enviada,09/07/2026 21:31,Agosto Cero Cuotas
LD-00349,03-08-2026,WhatsApp,EMP-02,PV-009,Estefanía Agudelo Franco,3147616635,,Sta Marta,Bajaj Discover 125,En proceso,04-08-2026,Feria de Motos 2026
LD-00350,2026-08-18T21:03:00,WhatsApp,EMP-01,PV-004,JUAN CARLOS MOSQUERA OSORIO,+57 315 5627598,,Rionegro,Honda XRE 300,Sin gestión,,Feria de Motos 2026
LD-00351,01/09/2026 07:05,Formulario Web,EMP-02,PV-006,Édinson Londoño Ramírez,3226553269,edinson.londono67@yahoo.es,BARRANQUILLA,Heroo Hunk 160R,En proceso,09/02/2026 07:05,Remate Modelos 2025
LD-00352,13-08-2026,WhatsApp,EMP-02,PV-010,Nelson Londoño Betancur,+57 313 3090538,,Montería,Hunk 160R,Cotización enviada,2026-08-14 00:18:00,Retoma tu moto
LD-00353,2026-09-06 20:37:00,WhatsApp,EMP-01,PV-003,Julián Ospina Ospina,+57 318 2788064,julian.ospina30@gmail.com,bello,HONDA DIO 110,Descartado,09/10/2026 20:37,Remate Modelos 2025
LD-00354,2026-08-20 19:15:00,WhatsApp,EMP-01,PV-005,Alexander Marín Agudelo,573013551763,,Medellin,Hero Eco Deluxe 100,contactado,2026-08-21T19:15:00,
LD-00355,2026-09-07 14:22:00,WhatsApp,EMP-03,PV-015,Camilo Valencia Marín,3057039974,,SOACHA,AKT NKD 125,Contactado,2026-09-09T14:22:00,Prima Extra
LD-00356,13/08/2026 15:19,whatsapp,EMP-01,PV-002,Alexander Correa Marín,+57 320 8682604,alexander.correa66@yahoo.es,ITAGUI,Honda CB 125F Twister,En proceso,,Prima Extra
LD-00357,01/08/2026 20:05,WhatsApp,EMP-01,PV-001,Mónica Castaño Gómez, 3210703967 ,,medellin,XRE 300,Descartado,2026-08-02 08:05:00,Retoma tu moto
LD-00358,2026-08-02T11:55:00,WhatsApp,EMP-03,PV-013,  Camilo Agudelo Giraldo  ,3008002528,camilo.agudelo46@outlook.com,Bogota,Best 125,contactado,08/02/2026 23:55,
LD-00359,2026-09-09 15:39:00,WhatsApp,EMP-02,PV-010,Andrés Felipe Valencia Osorio,573005404385,andres.valencia80@hotmail.com,Montería,Hero Xpulse,Sin gestión,,Remate Modelos 2025
LD-00360,11-08-2026,Formulario Web,EMP-03,PV-014,  Jorge Iván Valencia Escobar  ,351-058-7736,,Bogotá D.C.,Bajaj Discover 125,Sin gestión,,
LD-00361,2026-08-11 09:18:00,WhatsApp,EMP-02,PV-008,Jorge Iván Castaño Mosquera,322 284 3429,,CARTAGENA,Honda Dio 110,Contactado,11/08/2026 13:18,Prima Extra
LD-00362,2026-09-06T15:45:00,whatsapp,EMP-01,PV-001,JORGE IVÁN RAMÍREZ ZAPATA,+57 320 3611733,jorge.ramirez37@hotmail.com,Medellín ,HERO HUNK 160R,Descartado,07-09-2026,Retoma tu moto
LD-00363,08/06/2026 02:36,WhatsApp,EMP-01,PV-005,Kevin Franco Londoño,3015940904,,Medellín ,AKT Evo RS 150 2026,SIN GESTION,,
LD-00364,09-08-2026,WhatsApp,EMP-02,PV-006,Édinson Marín Pérez,3514600234,,B/quilla,Honda Navi,contactado,2026-08-11 19:12:00,Retoma tu moto
LD-00365,2026-08-19 21:03:00,WHATSAPP,EMP-02,PV-009,NELSON TORRES RESTREPO,3502322469,,Sta Marta,Honda Dio 110,Sin gestión,,
LD-00366,2026-08-12 23:23:00,WhatsApp,EMP-03,PV-011,  Adriana Gómez Zapata  ,318 853 8202,adriana.gomez82@gmail.com,Bogotá D.C.,honda cb 125f twister,Sin gestión,,Agosto Cero Cuotas
LD-00367,01/09/2026 17:47,WhatsApp,EMP-02,PV-009,Julián Valencia Salazar,573173622948,julian.valencia3@hotmail.com,SANTA MARTA,honda xr 150l,No contesta,,Retoma tu moto
LD-00368,2026-09-01 05:43:00,WhatsApp,EMP-03,PV-011,  Héctor Osorio Arias  ,3168515000,hector.osorio7@yahoo.es,BOGOTA,Suzuki Best 125,Cotización enviada,,Feria de Motos 2026
LD-00369,16/08/2026 19:16,WHATSAPP,EMP-01,PV-003,Brayan Rodríguez Londoño,301-862-4412,,BELLO,honda xre 300,En proceso,2026-08-17T07:16:00,Retoma tu moto
LD-00370,19/08/2026 21:34,Meta Ads,EMP-02,PV-010,Jorge Iván Franco Betancur,573208431065,,Montería,AKT TTR 200,No contesta,2026-08-21T03:34:00,
LD-00371,2026-08-19 22:40:00,WhatsApp,EMP-02,PV-007,  Sebastián Arias Rodríguez  ,+57 321 2179162,,SOLEDAD,Suzuki Gixxer 150,Descartado,20-08-2026,
LD-00372,05/09/2026 10:32,Meta Ads,EMP-03,PV-011,Diana Carolina Herrera Zapata,3210029464,diana.herrera80@outlook.com,Bogotá D.C.,Bajaj Boxer CT 100 2026,No contesta,05/09/2026 11:32,
LD-00373,05/08/2026 12:13,Meta Ads,EMP-01,PV-003,Sandra Milena Ramírez Cardona,3168631999,,BELLO,akt ttr 200,No contesta,2026-08-09T12:13:00,
LD-00374,2026-09-09T20:29:00,WhatsApp,EMP-02,PV-006,Freddy Quintero Rodríguez,+57 314 5835991,freddy.quintero46@hotmail.com,B/quilla,Bajaj,No contesta,09/10/2026 14:29,
LD-00375,04-09-2026,FORMULARIO WEB,EMP-02,PV-010,Édinson Jiménez Bedoya, 3138743714 ,,Montería,hero eco deluxe 100,no contesta,2026-09-06T10:31:00,Feria de Motos 2026
LD-00376,2026-08-14 06:04:00,Meta Ads,EMP-02,PV-007,Paula Andrea Restrepo Franco,+57 318 5416043,,Soledad,AKT DYNAMIC R3 125,No contesta,14-08-2026,Prima Extra
LD-00377,08/18/2026 16:53,WhatsApp,EMP-02,PV-010,Natalia Hernández Castaño,312 645 2558,,Monteria,Gixxer 150,no contesta,2026-08-22 16:53:00,Feria de Motos 2026
LD-00378,05/08/2026 08:49,formulario web,EMP-02,PV-008,Wilmar Muñoz Restrepo,(301) 920-1020,,CARTAGENA,Honda Navi,Contactado,06-08-2026,Feria de Motos 2026
LD-00379,09-09-2026,WhatsApp,EMP-02,PV-008,Vanessa Salazar Arias, 3047302732 ,vanessa.salazar28@hotmail.com,CARTAGENA,Bajaj Dominar 400,contactado,09/09/2026 21:05,
LD-00380,2026-09-04 00:55:00,Formulario Web,EMP-01,PV-002,Natalia Pérez Osorio,(320) 934-8471,natalia.perez79@outlook.com,Itagui,Bajaj Pulsar NS 160,Descartado,04/09/2026 01:55,
LD-00381,2026-08-29T17:26:00,WhatsApp,EMP-03,PV-013,  Yuliana Torres Agudelo  ,+57 302 5279307,yuliana.torres63@hotmail.com,BOGOTA,AKT Dynamic R3 125 2026,contactado,2026-08-30 17:26:00,Remate Modelos 2025
LD-00382,03/08/2026 18:46,WhatsApp,EMP-03,PV-011,  Andrés Felipe Giraldo Bedoya  , 3122598373 ,,Bogotá,AKT DYNAMIC R3 125,No contesta,2026-08-05 00:46:00,Agosto Cero Cuotas
LD-00383,2026-09-10 01:35:00,Meta Ads,EMP-01,PV-001,  Alexander Muñoz Rodríguez  ,573023979701,,Medellin,Suzuki Best 125,En proceso,2026-09-14 01:35:00,
LD-00384,25/08/2026 18:38,WhatsApp,EMP-02,PV-010,  Édinson Muñoz Marín  ,+57 311 0017894,,Montería,Honda CB 125F Twister,Cotización enviada,26/08/2026 12:38,Feria de Motos 2026
LD-00385,08/21/2026 08:27,WhatsApp,EMP-02,PV-008,María Fernanda Castaño Restrepo,300-256-4538,,CARTAGENA,Honda Navi,contactado,22-08-2026,Feria de Motos 2026
LD-00386,26-08-2026,meta ads,EMP-02,PV-008,JORGE IVÁN JIMÉNEZ ESCOBAR,3053840898,,Cartagena de Indias,akt nkd 125,sin gestion,,Remate Modelos 2025
LD-00387,2026-08-22 08:25:00,WhatsApp,EMP-01,PV-002,  Carlos Mario Osorio Franco  ,3118844134,carlos.osorio7@yahoo.es,Itagui,bajaj pulsar ns 160,Sin gestión,,Prima Extra
LD-00388,2026-08-18 08:19:00,WhatsApp,EMP-02,PV-010,Mónica Marín,573053996446,monica.marin19@outlook.com,Monteria,Best 125,Descartado,19/08/2026 14:19,
LD-00389,2026-08-27 11:54:00,Meta Ads,EMP-01,PV-001,Andrés Felipe Zapata Muñoz,301-498-6549,,MEDELLIN,Best 125,SIN GESTION,,
LD-00390,08/12/2026 21:56,WhatsApp,EMP-01,PV-003,Camilo Muñoz Jiménez,3209309096,,Bello,SUZUKI V-STROM 250,Contactado,08/15/2026 21:56,Remate Modelos 2025
LD-00391,15/08/2026 20:33,WhatsApp,EMP-02,PV-007,MARÍA FERNANDA RODRÍGUEZ JIMÉNEZ,3052782446,maria.rodriguez93@yahoo.es,SOLEDAD,BAJAJ DISCOVER 125,sin gestion,,Feria de Motos 2026
LD-00392,08/30/2026 00:06,Meta Ads,EMP-02,PV-006,Yuliana Arias Ramírez,318-920-6397,yuliana.arias87@hotmail.com,BARRANQUILLA,BAJAJ DISCOVER 125,En proceso,30/08/2026 01:06,
LD-00393,09/07/2026 02:27,WhatsApp,EMP-02,PV-007,Mónica Osorio Herrera,300-430-7766,,,Hero Dash,no contesta,07/09/2026 06:27,Feria de Motos 2026
LD-00394,08-09-2026,WhatsApp,EMP-01,PV-003,Julián Ospina Hernández,+57 310 5208211,julian.ospina80@yahoo.es,Bello,hero dash 110,Contactado,09/08/2026 10:33,
LD-00395,09/08/2026 06:33,WhatsApp,EMP-01,PV-001,LUISA HERRERA TORRES,311-086-3032,,Medellin,BAJAJ DOMINAR 400,Descartado,08/09/2026 12:33,
LD-00396,17/08/2026 00:04,WhatsApp,EMP-02,PV-009,LUZ MARINA HERNÁNDEZ CARDONA,(300) 339-8162,luz.hernandez45@hotmail.com,Sta Marta,suzuki gixxer 150,Cotización enviada,2026-08-17 06:04:00,Agosto Cero Cuotas
LD-00397,29-08-2026,WhatsApp,EMP-01,PV-005,Luisa Gómez Marín,573003298513,luisa.gomez25@yahoo.es,MEDELLIN,Honda XRE 300,Sin gestión,,
LD-00398,28/08/2026 02:42,WhatsApp,EMP-02,PV-009,  Natalia Correa Salazar  ,310-309-9637,,Sta Marta,AKT DYNAMIC R3 125,Sin gestión,,Prima Extra
LD-00399,27/08/2026 10:02,WhatsApp,EMP-03,PV-011,Yuliana Zapata Castaño,300 793 3777,yuliana.zapata77@yahoo.es,Bogota,Honda Dio 110,En proceso,2026-08-28 04:02:00,Prima Extra
LD-00400,2026-08-03T06:20:00,WhatsApp,EMP-03,PV-014,FABIÁN HERRERA ZAPATA,322 872 6244,fabian.herrera63@yahoo.es,Bogotá,CB 190R,Contactado,04-08-2026,Retoma tu moto
LD-00401,2026-08-04T15:09:00,WhatsApp,EMP-02,PV-008,ESTEFANÍA AGUDELO GÓMEZ,3502826310,estefania.agudelo90@gmail.com,Cartagena de Indias,Honda Dio 110 2026,sin gestion,,Agosto Cero Cuotas
LD-00402,2026-08-08 05:47:00,WhatsApp,EMP-02,PV-010,KATHERINE AGUDELO OSPINA,3213078870,,MONTERIA,Bajaj Dominar 400,En proceso,,Agosto Cero Cuotas
LD-00403,2026-08-22 17:36:00,whatsapp,EMP-03,PV-011,Jhon Jairo Ospina Giraldo,3157152225,,Bogotá,Bajai Dominar 400,No contesta,08/23/2026 11:36,
LD-00404,02-08-2026,WhatsApp,EMP-02,PV-008,Camilo Franco Giraldo, 3102401993 ,camilo.franco19@hotmail.com,Cartagena de Indias,Dio 110,En proceso,02/08/2026 12:28,Remate Modelos 2025
LD-00405,15/08/2026 09:39,WHATSAPP,EMP-01,PV-005,ÓSCAR DAVID BEDOYA LONDOÑO,(318) 618-4159,,Medellín,BAJAJ DOMINAR 400,En proceso,2026-08-15 21:39:00,Prima Extra
LD-00406,21/08/2026 23:21,Meta Ads,EMP-02,PV-009,Duván Restrepo Pérez,573176904176,,Santa Marta,Honda Navi 2026,Contactado,2026-08-22 05:21:00,Agosto Cero Cuotas
LD-00407,05/09/2026 11:35,WhatsApp,EMP-02,PV-010,Vanessa Muñoz Vargas,3025507049,,Montería,Dynamic R3 125,Descartado,2026-09-05 12:35:00,Retoma tu moto
LD-00408,14-08-2026,Meta Ads,EMP-02,PV-008,CARLOS MARIO JIMÉNEZ LONDOÑO,573500179332,carlos.jimenez38@hotmail.com,Cartagena,Gixxer 150,Sin gestión,,Feria de Motos 2026
LD-00409,20-08-2026,Formulario Web,EMP-02,PV-009,Luz Marina Jiménez Herrera,+57 318 8520878,luz.jimenez1@outlook.com,Santa Marta,akt nkd 125,no contesta,2026-08-22T00:23:00,Remate Modelos 2025
LD-00410,08/28/2026 06:09,whatsapp,EMP-01,PV-002,  Marcela Jiménez Rodríguez  ,+57 320 8954042,,Itagui,Honda Dio 110 2026,sin gestion,,Prima Extra
LD-00411,27/08/2026 07:21,WhatsApp,EMP-01,PV-004,Camilo Restrepo Muñoz,3131698944,,RIONEGRO,V-Strom 250,En proceso,2026-08-27T08:21:00,Agosto Cero Cuotas
LD-00412,09/05/2026 03:27,WhatsApp,EMP-01,PV-001,DUVÁN ARIAS MOSQUERA,3185452495,duvan.arias59@gmail.com,Medellín,Honda Dio 110,Contactado,2026-09-05 15:27:00,Agosto Cero Cuotas
LD-00413,13-08-2026,WHATSAPP,EMP-01,PV-001,estefania mosquera osorio,3504523086,estefania.mosquera25@outlook.com,MEDELLIN,honda navi,No contesta,08/13/2026 07:59,
LD-00414,01/09/2026 12:54,WhatsApp,EMP-01,PV-002,JULIÁN OSPINA OSPINA,+57 318 2788064,,ITAGUI,Bajaj Pulsar RS 200,No contesta,02-09-2026,
LD-00415,2026-08-26T22:45:00,WhatsApp,EMP-03,PV-015,Héctor Vargas Castaño,3215461770,,SOACHA,Discover 125,no contesta,2026-08-27 22:45:00,Prima Extra
LD-00416,2026-08-29T06:35:00,Meta Ads,EMP-01,PV-003,  Angie Paola Restrepo Betancur  ,318 257 3090,,bello,AKT Evo RS 150,En proceso,29-08-2026,Remate Modelos 2025
LD-00417,2026-08-04 19:25:00,WHATSAPP,EMP-01,PV-001,Katherine Arias Pérez,573189374325,katherine.arias69@hotmail.com,Medellín,Suzuki  GN 125,Sin gestión,,
LD-00418,2026-08-28T08:13:00,Meta Ads,EMP-02,PV-008,YULIANA RAMÍREZ VARGAS, 3046942641 ,,CARTAGENA,Suzuki  V-Strom 250,Sin gestión,,Feria de Motos 2026
LD-00419,2026-09-08 04:38:00,Meta Ads,EMP-02,PV-006,Cristian Betancur Pérez,320 818 5520,,B/quilla,bajaj pulsar rs 200,Cotización enviada,10/09/2026 04:38,Retoma tu moto
LD-00420,2026-09-03 05:42:00,Meta Ads,EMP-01,PV-002,Vanessa Marín Hernández,(320) 904-7307,vanessa.marin14@outlook.com,Itagüí,Suzuki Gixxer 150,Cotización enviada,09/03/2026 09:42,Agosto Cero Cuotas
LD-00421,08/08/2026 04:52,whatsapp,EMP-02,PV-007,Yesenia Restrepo Marín,312 148 4911,yesenia.restrepo93@gmail.com,Soledad,Hnda XRE 300,En proceso,2026-08-08 22:52:00,Retoma tu moto
LD-00422,24/08/2026 08:37,WhatsApp,EMP-01,PV-001,Cristian Agudelo Zapata,(311) 748-0924,,medellin,,contactado,2026-08-28T08:37:00,Remate Modelos 2025
LD-00423,2026-08-04T02:56:00,Meta Ads,EMP-02,PV-006,  Diana Carolina Mosquera Castaño  ,3024012454,,BARRANQUILLA,akt evo rs 150,Descartado,2026-08-04 08:56:00,Remate Modelos 2025
LD-00424,2026-08-14T04:11:00,WhatsApp,EMP-03,PV-011,Angie Paola Herrera Marín,(318) 333-3031,,Bogota DC,Honda  XRE 300,Contactado,08/14/2026 06:11,
LD-00425,31/08/2026 09:01,WhatsApp,EMP-03,PV-014,Édinson Agudelo Gómez,3028380442,,bogotá,TTR 200,Contactado,2026-09-01T03:01:00,Retoma tu moto
LD-00426,2026-08-02 03:10:00,WhatsApp,EMP-03,PV-013,Vanessa Restrepo Correa, 3024130123 ,vanessa.restrepo22@gmail.com,Bogota,Dynamic R3 125,En proceso,02-08-2026,
LD-00427,09/09/2026 09:01,WhatsApp,EMP-02,PV-006,NELSON PÉREZ MARÍN, 3109769618 ,,Barranquilla,Honda XR 150L,Contactado,2026-09-10 09:01:00,Retoma tu moto
LD-00428,05/08/2026 10:26,WhatsApp,EMP-01,PV-003,  Paula Andrea Muñoz Pérez  ,3501664427,paula.munoz78@yahoo.es,Bello,AKT DYNAMIC R3 125,Sin gestión,,Retoma tu moto
LD-00429,07/09/2026 13:45,meta ads,EMP-02,PV-006,  Sebastián Rodríguez Osorio  ,3189103093,,BARRANQUILLA,Suzuki Best 125 2026,Contactado,2026-09-07 15:45:00,Remate Modelos 2025
LD-00430,04/09/2026 02:51,Formulario Web,EMP-02,PV-009,  Brayan Muñoz Correa  ,+57 300 7013889,brayan.munoz20@outlook.com,Santa Marta,Hero,Cotización enviada,2026-09-04T06:51:00,Retoma tu moto
LD-00431,08/18/2026 15:50,WhatsApp,EMP-02,PV-009,Yuliana Ospina Restrepo,3053630263,,Santa Marta,Bajaj Discover 125,No contesta,19-08-2026,Remate Modelos 2025
LD-00432,06/09/2026 14:26,Meta Ads,EMP-01,PV-002,  Freddy Quintero Mosquera  ,573166592423,,Itagui,Honda Dio 110,Sin gestión,,Agosto Cero Cuotas
LD-00433,21-08-2026,WhatsApp,EMP-03,PV-011,  Freddy Ospina Rodríguez  ,3181482697,freddy.ospina55@yahoo.es,BOGOTA,CB 125F Twister,contactado,08/21/2026 19:12,
LD-00434,25/08/2026 19:53,WHATSAPP,EMP-03,PV-012,marcela torres cardona,3127545180,,Bogotá D.C.,NKD 125,Descartado,08/26/2026 13:53,Feria de Motos 2026
LD-00435,2026-08-21 15:49:00,meta ads,EMP-03,PV-011,Adriana Betancur Herrera, 3149580452 ,,,HERO HUNK 160R,Sin gestión,,Retoma tu moto
LD-00436,2026-08-24T01:35:00,Meta Ads,EMP-03,PV-011,Luisa Arias Londoño,+57 317 2760398,,Bogotá,Evo RS 150,Sin gestión,,Retoma tu moto
LD-00437,2026-08-10T14:06:00,Meta Ads,EMP-02,PV-008,Édinson Betancur Franco,316 920 7658,edinson.betancur20@gmail.com,Cartagena de Indias,Hero,Sin gestión,,Prima Extra
LD-00438,2026-08-15T19:23:00,WhatsApp,EMP-03,PV-012,Héctor Betancur Escobar,304 202 5090,,Bogotá,Honda Dio 110 2026,Descartado,16/08/2026 07:23,
LD-00439,24-08-2026,WhatsApp,EMP-02,PV-006,Julián Zapata Franco,3118089526,julian.zapata69@outlook.com,barranquilla,hero dash 110,No contesta,24/08/2026 19:20,Feria de Motos 2026
LD-00440,21/08/2026 17:00,Formulario Web,EMP-03,PV-015,VANESSA QUINTERO GÓMEZ,305 799 4057,,Soacha,Honda,Cotización enviada,08/22/2026 05:00,Retoma tu moto
LD-00441,2026-09-04 13:47:00,WhatsApp,EMP-02,PV-007,Estefanía Vargas Betancur,304 964 5904,estefania.vargas13@yahoo.es,Soledad,Suzuki,Descartado,09/05/2026 13:47,Feria de Motos 2026
LD-00442,08/30/2026 02:11,WhatsApp,EMP-02,PV-010,J. Pérez Arias,573001068650,julian.perez97@gmail.com,MONTERIA,Suzuki Gixxer,En proceso,31/08/2026 02:11,Prima Extra
LD-00443,08/08/2026 12:40,Formulario Web,EMP-03,PV-015,Cristian Osorio Arias,3011085273,,SOACHA,Suzuki V-Strom 250,En proceso,08/09/2026 06:40,Agosto Cero Cuotas
LD-00444,2026-09-07 20:52:00,Meta Ads,EMP-01,PV-004,DUVÁN CORREA ZAPATA,3518120820,duvan.correa30@hotmail.com,Rio Negro,Honda XR,Contactado,07-09-2026,Remate Modelos 2025
LD-00445,2026-08-05 03:31:00,WhatsApp,EMP-02,PV-010,ÉDINSON MOSQUERA MARÍN,300-810-1396,,Montería,Suzuki GN 125,Contactado,2026-08-05T15:31:00,Prima Extra
LD-00446,2026-08-20 02:33:00,WhatsApp,EMP-03,PV-014,CRISTIAN QUINTERO JIMÉNEZ,3113049820,,Bogota DC,,contactado,2026-08-20 08:33:00,
LD-00447,2026-09-10 01:57:00,Meta Ads,EMP-02,PV-008,ANDRÉS FELIPE HERRERA BETANCUR, 3140926336 ,andres.herrera6@gmail.com,CARTAGENA,Navi,No contesta,10-09-2026,Prima Extra
LD-00448,09/04/2026 08:53,Meta Ads,EMP-02,PV-006,Freddy Agudelo Cardona,3204233654,freddy.agudelo19@hotmail.com,barranquilla,Suzuki Best 125,Contactado,08-09-2026,Feria de Motos 2026
LD-00449,2026-08-02T09:38:00,Meta Ads,EMP-02,PV-009,DIANA CAROLINA ZAPATA CASTAÑO,316 660 6811,,,Hero Eco,Contactado,2026-08-03 15:38:00,Feria de Motos 2026
LD-00450,20-08-2026,meta ads,EMP-01,PV-005,VANESSA HERRERA AGUDELO,3215543623,,Medellín,HERO DASH 110,Sin gestión,,Remate Modelos 2025
LD-00451,08/29/2026 13:44,WhatsApp,EMP-03,PV-013,natalia hernandez castano,+57 312 6452558,,BOGOTA,AKT Evo RS 150 2026,Contactado,08/29/2026 19:44,Remate Modelos 2025
LD-00452,04-08-2026,WhatsApp,EMP-03,PV-011,Estefanía Jiménez Muñoz,3105119735,,BOGOTA,Suzuki Gixxer 150,Sin gestión,,Prima Extra
LD-00453,08/04/2026 21:14,FORMULARIO WEB,EMP-03,PV-015,Nelson Bedoya Agudelo,313-767-7742,,Soacha,Bajaj,Sin gestión,,Prima Extra
LD-00454,09/06/2026 02:28,Formulario Web,EMP-03,PV-014,Jorge Iván Osorio Herrera,3518949314,jorge.osorio41@gmail.com,Bogotá,AKT EVO RS 150,Contactado,08/09/2026 02:28,Remate Modelos 2025
LD-00455,09-08-2026,Meta Ads,EMP-01,PV-003,Katherine Vargas Jiménez,(311) 892-4494,katherine.vargas92@yahoo.es,bello,Pulsar RS 200,No contesta,09/08/2026 02:15,
LD-00456,02-09-2026,WhatsApp,EMP-01,PV-001,DIANA CAROLINA RAMÍREZ CORREA,301 114 9084,diana.ramirez86@outlook.com,Medellín ,Honda Navi,Contactado,2026-09-03 11:18:00,
LD-00457,06/08/2026 13:56,Meta Ads,EMP-03,PV-014,SEBASTIÁN TORRES GÓMEZ,+57 317 9194641,sebastian.torres88@outlook.com,Bogotá D.C.,Bajai Dominar 400,Contactado,08/07/2026 01:56,Remate Modelos 2025
LD-00458,09-09-2026,WhatsApp,EMP-03,PV-012,Yuliana Londoño Castaño,320-715-9325,yuliana.londono13@gmail.com,BOGOTA,,no contesta,10-09-2026,Feria de Motos 2026
LD-00459,2026-08-09T05:44:00,WhatsApp,EMP-01,PV-001,Angie Paola Betancur Osorio, 3217354999 ,,Medellín ,Bajaj,En proceso,09/08/2026 17:44,Retoma tu moto
LD-00460,26/08/2026 11:59,Meta Ads,EMP-03,PV-013,  Nelson Giraldo Mosquera  ,310-967-3083,,Bogotá,Honda XRE 300 2026,Sin gestión,,Feria de Motos 2026
LD-00461,2026-08-27 08:39:00,WhatsApp,EMP-03,PV-013,Freddy Pérez Valencia,316 240 0513,freddy.perez85@outlook.com,BOGOTA,Hunk 160R,Contactado,27-08-2026,Feria de Motos 2026
LD-00462,28/08/2026 11:08,WhatsApp,EMP-02,PV-006,Wilmar Agudelo Arias,302-168-2389,wilmar.agudelo82@yahoo.es,B/quilla,Bajaj,Cotización enviada,2026-08-30T11:08:00,
LD-00463,2026-08-11 17:37:00,WhatsApp,EMP-01,PV-005,Carlos Mario Herrera Pérez,3113407285,carlos.herrera34@gmail.com,Medellin,Suzuki  Best 125,contactado,13/08/2026 17:37,Prima Extra
LD-00464,08-08-2026,whatsapp,EMP-02,PV-008,Carlos Mario Betancur Vargas,320-807-2788,carlos.betancur4@yahoo.es,Cartagena,,SIN GESTION,,Feria de Motos 2026
LD-00465,2026-08-20 09:30:00,WhatsApp,EMP-02,PV-008,Luisa Muñoz Herrera,311 652 3563,,Cartagena de Indias,Bajaj Boxer CT 100,contactado,08/20/2026 13:30,Remate Modelos 2025
LD-00466,2026-09-09 07:38:00,Meta Ads,EMP-03,PV-015,Camilo Mosquera Pérez,+57 350 7934063,,Soacha,Honda CB 190R 2026,Contactado,09/11/2026 07:38,Feria de Motos 2026
LD-00467,02/09/2026 23:00,WhatsApp,EMP-02,PV-010,Duván Mosquera Herrera,(318) 935-1724,duvan.mosquera94@outlook.com,MONTERIA,Honda CB 125F Twister,En proceso,03-09-2026,Feria de Motos 2026
LD-00468,2026-09-03T10:30:00,WhatsApp,EMP-01,PV-003,FABIÁN PÉREZ MOSQUERA,317 530 3448,,bello,Hero Xpulse 200,Cotización enviada,,Prima Extra
LD-00469,03/08/2026 19:30,WhatsApp,EMP-03,PV-012,Diana Carolina Ospina Herrera,312-221-4041,,Bogota DC,Suzuki Best 125,Sin gestión,,Agosto Cero Cuotas
LD-00470,19/08/2026 09:56,Meta Ads,EMP-03,PV-012,Paula Andrea Londoño Ramírez,3050154753,paula.londono33@gmail.com,Bogota DC,Hero Dash 110 2026,Contactado,2026-08-19T15:56:00,Feria de Motos 2026
LD-00471,17/08/2026 06:53,WhatsApp,EMP-03,PV-013,Vanessa Ospina Zapata,3004559001,,Bogota,Honda CB 125F Twister 2026,Contactado,08/18/2026 12:53,
LD-00472,2026-08-15 16:37:00,WhatsApp,EMP-03,PV-015,  Diana Carolina Rodríguez Osorio  ,318-909-8404,,Soacha,Bajaj Boxer CT 100,contactado,16-08-2026,Feria de Motos 2026
LD-00473,2026-08-11 07:54:00,WhatsApp,EMP-02,PV-006,  Paula Andrea Betancur Arias  ,3517401198,paula.betancur13@outlook.com,Barranquilla,Bajaj Pulsar NS 160,Cotización enviada,12/08/2026 13:54,Retoma tu moto
LD-00474,2026-08-23 18:08:00,WhatsApp,EMP-01,PV-004,  Fabián Agudelo Franco  ,+57 313 7126011,fabian.agudelo28@yahoo.es,Rionegro,Hero Dash 110 2026,sin gestion,,Prima Extra
LD-00475,2026-08-09T16:12:00,meta ads,EMP-02,PV-008,Claudia Patricia Muñoz Bedoya,3102551697,claudia.munoz58@outlook.com,Cartagena,A.K.T Evo RS 150,Contactado,10-08-2026,Feria de Motos 2026
LD-00476,08/12/2026 18:30,Meta Ads,EMP-01,PV-005,Óscar David Salazar Herrera,3217811330,,MEDELLIN,,no contesta,16/08/2026 18:30,Agosto Cero Cuotas
LD-00477,08/08/2026 08:16,WhatsApp,EMP-03,PV-014,Claudia Patricia Muñoz Bedoya,+57 310 2551697,claudia.munoz69@gmail.com,Bogotá,HONDA CB 125F TWISTER,No contesta,2026-08-08 09:16:00,Remate Modelos 2025
LD-00478,10/08/2026 07:35,WhatsApp,EMP-02,PV-010,Estefanía Correa Gómez, 3108607336 ,,Monteria,Bajaj Discover 125 2026,Contactado,2026-08-10T08:35:00,Feria de Motos 2026
LD-00479,2026-08-07 16:14:00,Formulario Web,EMP-02,PV-006,Jorge Iván Herrera Bedoya,3006527110,jorge.herrera19@yahoo.es,Barranquilla,Suzuki  Gixxer 150,No contesta,,
LD-00480,2026-08-02 20:23:00,whatsapp,EMP-03,PV-013,  Sandra Milena Arias Valencia  ,+57 312 3308292,sandra.arias17@hotmail.com,Bogota,AKT TTR 200,Sin gestión,,Prima Extra
LD-00481,23/08/2026 08:12,WhatsApp,EMP-03,PV-015,Andrés Felipe Rodríguez Pérez, 3008467434 ,andres.rodriguez55@gmail.com,SOACHA,bajaj pulsar rs 200,Descartado,2026-08-24T14:12:00,Prima Extra
LD-00482,2026-08-25 14:06:00,WhatsApp,EMP-03,PV-012,LEIDY JOHANA MARÍN CARDONA,(320) 106-6160,leidy.marin72@yahoo.es,,Honda XR 150L 2026,Contactado,26-08-2026,Remate Modelos 2025
LD-00483,2026-08-31T07:20:00,WhatsApp,EMP-03,PV-013,LEIDY JOHANA FRANCO SALAZAR,300-574-1545,,Bogotá D.C.,V-Strom 250,En proceso,31/08/2026 13:20,Retoma tu moto
LD-00484,08/11/2026 08:47,WHATSAPP,EMP-02,PV-008,Brayan Restrepo Ospina,3135091726,,Cartagena,suzuki best 125,No contesta,12-08-2026,Remate Modelos 2025
LD-00485,2026-08-12T01:49:00,WhatsApp,EMP-02,PV-006,  Wilmar Ospina Herrera  ,351 391 6848,,Barranquilla,AKT NKD 125,Descartado,2026-08-16 01:49:00,
LD-00486,2026-08-05T21:05:00,WhatsApp,EMP-02,PV-006,Cristian Muñoz Agudelo,573104410286,cristian.munoz10@hotmail.com,barranquilla,Hero Hunk 160R,contactado,06-08-2026,Feria de Motos 2026
LD-00487,2026-09-02 17:42:00,Meta Ads,EMP-01,PV-003,Adriana Restrepo Ospina,573029976024,,Bello,,sin gestion,,
LD-00488,06/08/2026 03:26,WhatsApp,EMP-01,PV-003,Nelson Marín Castaño,305 238 1002,,bello,Honda Dio 110 2026,Contactado,,
LD-00489,2026-08-03 15:53:00,WhatsApp,EMP-01,PV-002,  Freddy Bedoya Valencia  ,316 116 6102,,Itagui,GN 125,No contesta,04/08/2026 09:53,Retoma tu moto
LD-00490,2026-08-16 19:58:00,WhatsApp,EMP-03,PV-014,Nelson Rodríguez Castaño,3172037071,nelson.rodriguez32@outlook.com,Bogotá D.C.,AKT TTR 200,En proceso,16/08/2026 21:58,
LD-00491,20/08/2026 23:53,META ADS,EMP-03,PV-015,JUAN CARLOS RESTREPO OSPINA,318 179 1662,,Soacha,Bajaj Dominar 400,Contactado,22/08/2026 05:53,Agosto Cero Cuotas
LD-00492,2026-09-06 21:04:00,Meta Ads,EMP-01,PV-003,Luisa Mosquera Jiménez,3043961234,,bello,,sin gestion,,Prima Extra
LD-00493,2026-09-07 07:45:00,WhatsApp,EMP-01,PV-002,Alexander Agudelo Salazar,311-436-0750,alexander.agudelo96@yahoo.es,Itagui,HONDA NAVI,Sin gestión,,Remate Modelos 2025
LD-00494,12/08/2026 07:54,Meta Ads,EMP-01,PV-004,Brayan Agudelo Muñoz, 3009210504 ,,Rio Negro,akt dynamic r3 125,Cotización enviada,08/12/2026 09:54,
LD-00495,08/09/2026 20:15,whatsapp,EMP-03,PV-011,Sebastián Escobar Osorio,3226503025,sebastian.escobar61@hotmail.com,bogotá,,Sin gestión,,Remate Modelos 2025
LD-00496,2026-08-03 11:07:00,WhatsApp,EMP-01,PV-001,Paula Andrea Marín Mosquera,302 350 2916,paula.marin10@hotmail.com,medellin,Hero Hunk 160R,En proceso,08/03/2026 23:07,Agosto Cero Cuotas
LD-00497,08/02/2026 10:33,WhatsApp,EMP-01,PV-002,F. Gómez Betancur,321 900 7755,fabian.gomez75@hotmail.com,,Honda  CB 125F Twister,Cotización enviada,2026-08-02 14:33:00,
LD-00498,2026-08-18T20:10:00,Meta Ads,EMP-01,PV-004,  Óscar David Valencia Gómez  ,+57 314 9495459,oscar.valencia32@hotmail.com,Rio Negro,Bajai Pulsar RS 200,Contactado,19-08-2026,Retoma tu moto
LD-00499,2026-08-23T21:18:00,WhatsApp,EMP-01,PV-004,  Katherine Restrepo Marín  ,3124120054,,Rio Negro,,SIN GESTION,,Agosto Cero Cuotas
LD-00500,2026-08-18T00:38:00,Meta Ads,EMP-01,PV-003,ADRIANA MUÑOZ BETANCUR,305-933-2906,adriana.munoz41@hotmail.com,Bello,BAJAJ PULSAR RS 200,no contesta,18/08/2026 04:38,Feria de Motos 2026
LD-00501,2026-08-21 17:11:00,Meta Ads,EMP-03,PV-011,  Kevin Ramírez Correa  ,+57 301 3523799,,Bogota DC,Suzuki V-Strom 250,No contesta,2026-08-24 17:11:00,Agosto Cero Cuotas
LD-00502,2026-08-16 19:14:00,WhatsApp,EMP-02,PV-010,Fabián Ramírez Mosquera,315-739-8961,fabian.ramirez50@gmail.com,Monteria,AKT TTR 200,Cotización enviada,,
LD-00503,07/08/2026 15:37,Meta Ads,EMP-01,PV-001,María Fernanda Quintero Correa,316 125 6934,,Medellín,Hero Hunk 160R 2026,No contesta,08/07/2026 16:37,
LD-00504,08/03/2026 23:11,WhatsApp,EMP-02,PV-010,Jhon Jairo Bedoya Vargas,573162953563,,Montería,honda dio 110,Sin gestión,,Feria de Motos 2026
LD-00505,19/08/2026 06:13,WHATSAPP,EMP-02,PV-010,Andrés Felipe Ospina Hernández,3134806014,andres.ospina34@gmail.com,Montería,hero xpulse 200,No contesta,2026-08-23T06:13:00,Remate Modelos 2025
LD-00506,04/09/2026 06:34,WhatsApp,EMP-03,PV-013,  Brayan Salazar Ramírez  ,310-183-0383,,Bogotá,HONDA CB 190R,Sin gestión,,
LD-00507,2026-08-27 14:44:00,WHATSAPP,EMP-03,PV-013,Paula Andrea Marín Vargas,(323) 032-7821,,bogotá,Hero Hunk 160R,SIN GESTION,,Feria de Motos 2026
LD-00508,2026-08-28 12:33:00,META ADS,EMP-03,PV-014,edinson franco giraldo,573029816697,edinson.franco51@outlook.com,Bogota,HERO DASH 110,Sin gestión,,Remate Modelos 2025
LD-00509,20/08/2026 07:37,WhatsApp,EMP-02,PV-008,JUAN CARLOS MOSQUERA ZAPATA,(304) 934-8199,juan.mosquera51@yahoo.es,CARTAGENA,Bajaj Dominar 400,Descartado,08/20/2026 13:37,Agosto Cero Cuotas
LD-00510,2026-08-12 11:24:00,WhatsApp,EMP-02,PV-010,  Brayan Ospina Mosquera  , 3006290817 ,brayan.ospina38@outlook.com,Montería,Honda Navi 2026,Contactado,2026-08-13 17:24:00,
LD-00511,09-08-2026,WhatsApp,EMP-02,PV-010,  Vanessa Valencia Betancur  ,322 199 5519,,MONTERIA,Suzuki Best 125 2026,Descartado,13-08-2026,
LD-00512,04-08-2026,WhatsApp,EMP-03,PV-012,Angie Paola Agudelo Ospina,301-964-5786,angie.agudelo53@hotmail.com,Bogotá D.C.,Suzuki Best 125,Cotización enviada,04/08/2026 20:29,
LD-00513,2026-09-05 13:21:00,Meta Ads,EMP-01,PV-001,Cristian Bedoya Valencia,305 365 6821,,MEDELLIN,Honda  Dio 110,En proceso,2026-09-05 15:21:00,Feria de Motos 2026
LD-00514,2026-08-11 14:33:00,Meta Ads,EMP-01,PV-003,  Leidy Johana Herrera Ramírez  ,+57 350 0942394,,Bello,honda xr 150l,Sin gestión,,Feria de Motos 2026
LD-00515,2026-08-21 03:50:00,Formulario Web,EMP-02,PV-006,  Julián Mosquera Betancur  ,3511584468,,barranquilla,TTR 200,no contesta,2026-08-21T05:50:00,
LD-00516,18/08/2026 07:31,WHATSAPP,EMP-02,PV-009,  Diana Carolina Herrera Zapata  ,(321) 002-9464,,SANTA MARTA,AKT TTR 200,En proceso,21-08-2026,Remate Modelos 2025
LD-00517,2026-08-03 04:32:00,WhatsApp,EMP-01,PV-001,Andrés Felipe Giraldo Franco, 3146351469 ,andres.giraldo8@outlook.com,Medellín,Honda Navi,En proceso,,
LD-00518,2026-08-08 17:39:00,Formulario Web,EMP-01,PV-001,Óscar David Franco Ospina,304-400-3757,,Medellin,SUZUKI V-STROM 250,Cotización enviada,08-08-2026,
LD-00519,2026-08-21 23:01:00,Formulario Web,EMP-02,PV-010,ADRIANA VARGAS MOSQUERA,(322) 024-4583,,Monteria,Honda Dio 110,No contesta,25-08-2026,Prima Extra
LD-00520,16/08/2026 12:05,WHATSAPP,EMP-01,PV-002,ALEXANDER BEDOYA JIMÉNEZ,+57 322 7110846,,Itagui,Honda CB 125F Twister,Cotización enviada,2026-08-17T00:05:00,Prima Extra
LD-00521,2026-08-01 17:26:00,whatsapp,EMP-01,PV-004,  Marcela Hernández Ospina  ,+57 315 5167320,marcela.hernandez2@gmail.com,RIONEGRO,AKT,no contesta,02/08/2026 23:26,
LD-00522,2026-08-16 12:43:00,Meta Ads,EMP-02,PV-010,Wilmar Valencia Rodríguez,320-516-6755,,Monteria,Honda XR 150L,contactado,2026-08-17T18:43:00,Agosto Cero Cuotas
LD-00523,2026-08-10 04:31:00,Meta Ads,EMP-01,PV-001,Kevin Correa Agudelo,+57 317 6008768,kevin.correa97@yahoo.es,medellin,Bajaj Dominar 400,No contesta,08/10/2026 06:31,
LD-00524,06/08/2026 18:18,Formulario Web,EMP-01,PV-004,Juan Carlos Cardona Herrera,3155449027,,RIONEGRO,Hero Hunk 160R,SIN GESTION,,Prima Extra
LD-00525,27/08/2026 17:16,whatsapp,EMP-01,PV-003,Erika Quintero Valencia,3026834394,erika.quintero59@hotmail.com,Bello,Hero Xpulse 200,En proceso,28/08/2026 17:16,Retoma tu moto
LD-00526,2026-09-02 12:24:00,WhatsApp,EMP-03,PV-014,  Kevin Gómez Valencia  ,573013409327,kevin.gomez21@hotmail.com,BOGOTA,honda navi,Cotización enviada,09/03/2026 00:24,
LD-00527,2026-08-13 18:46:00,WhatsApp,EMP-01,PV-005,Marcela Giraldo Mosquera,3146782523,marcela.giraldo96@gmail.com,Medellin,Heroo Xpulse 200,Contactado,2026-08-13T20:46:00,Feria de Motos 2026
LD-00528,06/08/2026 17:11,WhatsApp,EMP-03,PV-014,andres felipe herrera valencia,313 387 4980,,,Bajaj,Sin gestión,,
LD-00529,06/09/2026 00:15,WhatsApp,EMP-02,PV-009,  María Fernanda Rodríguez Torres  ,+57 314 9282270,maria.rodriguez56@hotmail.com,Sta Marta,Honda XRE 300,Contactado,2026-09-06 01:15:00,Agosto Cero Cuotas
LD-00530,2026-08-24 22:37:00,Meta Ads,EMP-01,PV-004,  Andrés Felipe Restrepo Betancur  ,3133362741,andres.restrepo27@hotmail.com,Rionegro,Suzuki V-Strom 250,Cotización enviada,2026-08-25 22:37:00,Prima Extra
LD-00531,2026-08-07 03:59:00,Meta Ads,EMP-02,PV-008,Juan Carlos Rodríguez Franco,(322) 825-1412,juan.rodriguez71@gmail.com,Cartagena de Indias,honda navi,contactado,07/08/2026 07:59,Agosto Cero Cuotas
LD-00532,23/08/2026 06:06,WhatsApp,EMP-01,PV-005,Camilo Vargas Zapata,3517833718,,Medellín,Hero Eco Deluxe 100 2026,contactado,26-08-2026,Retoma tu moto
LD-00533,2026-09-06T10:59:00,Meta Ads,EMP-01,PV-004,HÉCTOR RAMÍREZ MUÑOZ,3018505630,,Rionegro,Honda Navi,Contactado,2026-09-10T10:59:00,Agosto Cero Cuotas
LD-00534,02-09-2026,WhatsApp,EMP-01,PV-004,Luisa Torres Arias,+57 323 8809828,luisa.torres73@outlook.com,RIONEGRO,bajaj discover 125,Contactado,2026-09-03T03:47:00,Remate Modelos 2025
LD-00535,2026-08-17 05:08:00,WHATSAPP,EMP-02,PV-006,JULIÁN BEDOYA RAMÍREZ,573516557864,julian.bedoya92@hotmail.com,B/quilla,Honda Navi,En proceso,2026-08-17 11:08:00,Feria de Motos 2026
LD-00536,2026-08-18T14:57:00,Formulario Web,EMP-03,PV-014,Juan Carlos Franco Restrepo,3502240587,,bogotá,AKT TTR 200,En proceso,19/08/2026 14:57,
LD-00537,2026-08-26T15:26:00,Meta Ads,EMP-02,PV-006,Yesenia Ramírez Hernández,3016165221,,barranquilla,Heroo Dash 110,Sin gestión,,
LD-00538,2026-08-19 17:25:00,Meta Ads,EMP-03,PV-014,Carlos Mario Escobar Gómez,320-919-6079,carlos.escobar51@hotmail.com,,,Cotización enviada,08/19/2026 21:25,Agosto Cero Cuotas
LD-00539,2026-08-09 19:40:00,WhatsApp,EMP-03,PV-012,YESENIA QUINTERO CORREA,3057179760,yesenia.quintero93@hotmail.com,Bogota DC,Hero Hunk 160R,Sin gestión,,
LD-00540,2026-08-07 20:50:00,WhatsApp,EMP-01,PV-001,Yesenia Bedoya Valencia,3105751796,yesenia.bedoya93@yahoo.es,MEDELLIN,AKT  NKD 125,SIN GESTION,,
LD-00541,2026-08-14 02:42:00,Meta Ads,EMP-01,PV-003,Fabián Franco Pérez,(314) 399-7537,fabian.franco70@hotmail.com,bello,,Cotización enviada,2026-08-14 03:42:00,Remate Modelos 2025
LD-00542,2026-09-08 21:28:00,WhatsApp,EMP-01,PV-003,  Héctor Betancur Pérez  ,320 153 1526,hector.betancur67@gmail.com,Bello,honda xr 150l,Cotización enviada,10/09/2026 03:28,
LD-00543,2026-08-22 03:36:00,whatsapp,EMP-03,PV-013,Claudia Patricia Ramírez Rodríguez,+57 310 3409605,,Bogotá,hero dash 110,SIN GESTION,,Prima Extra
LD-00544,11/08/2026 01:04,Meta Ads,EMP-01,PV-001,Juan Carlos Bedoya Betancur,322 502 7941,,Medellin,Suzuki V-Strom,Descartado,11/08/2026 07:04,Remate Modelos 2025
LD-00545,08/12/2026 07:11,Meta Ads,EMP-02,PV-009,Yuliana Castaño Gómez,3513415013,yuliana.castano95@hotmail.com,Sta Marta,Bajaj Dominar,No contesta,,Remate Modelos 2025
LD-00546,06/08/2026 20:11,Meta Ads,EMP-01,PV-003,Héctor Valencia Correa,304-833-4327,hector.valencia86@outlook.com,BELLO,Bajai Dominar 400,Cotización enviada,07-08-2026,Retoma tu moto
LD-00547,2026-09-03 21:18:00,WhatsApp,EMP-01,PV-003,Juan Carlos Pérez Mosquera,3101253089,juan.perez71@yahoo.es,bello,HERO ECO DELUXE 100,No contesta,05/09/2026 03:18,Agosto Cero Cuotas
LD-00548,2026-08-10 12:28:00,WhatsApp,EMP-03,PV-015,Sebastián Jiménez Herrera, 3133470975 ,sebastian.jimenez68@outlook.com,SOACHA,CB 190R,En proceso,2026-08-10T18:28:00,Feria de Motos 2026
LD-00549,2026-08-17 09:28:00,WhatsApp,EMP-01,PV-005,  Yuliana Marín Franco  ,311 177 8734,,medellin,SUZUKI BEST 125,Cotización enviada,2026-08-17 21:28:00,
LD-00550,10-08-2026,Meta Ads,EMP-01,PV-001,Wilmar Bedoya Correa,+57 317 8962957,wilmar.bedoya43@outlook.com,Medellín ,Honda Navi 2026,Cotización enviada,08/11/2026 16:31,Feria de Motos 2026
LD-00551,14/08/2026 22:25,WhatsApp,EMP-02,PV-009,  Sandra Milena Londoño Ospina  ,(301) 356-9255,,Sta Marta,Honda Dio 110 2026,En proceso,2026-08-15T04:25:00,
LD-00552,08/30/2026 07:18,WhatsApp,EMP-02,PV-010,Andrés Felipe Quintero Mosquera,3175868264,,Montería,Honda Dio 110,Cotización enviada,2026-09-01T07:18:00,Retoma tu moto
LD-00553,2026-08-04 06:22:00,WhatsApp,EMP-01,PV-004,Luisa Bedoya Castaño,3111607710,luisa.bedoya14@yahoo.es,Rionegro,CB 190R,En proceso,2026-08-06T06:22:00,
LD-00554,2026-08-11 19:08:00,WhatsApp,EMP-03,PV-012,Héctor Zapata Vargas,310 740 7219,hector.zapata34@hotmail.com,Bogota,Bajaj,SIN GESTION,,Agosto Cero Cuotas
LD-00555,03/08/2026 00:31,WhatsApp,EMP-02,PV-009,Alexander Mosquera Giraldo, 3182978207 ,,Santa Marta,akt dynamic r3 125,Sin gestión,,Retoma tu moto
LD-00556,19/08/2026 00:19,WhatsApp,EMP-02,PV-008,FABIÁN HERRERA OSPINA,3200786397,fabian.herrera79@gmail.com,Cartagena de Indias,Dio 110,Sin gestión,,Agosto Cero Cuotas
LD-00557,22-08-2026,WHATSAPP,EMP-03,PV-012,Natalia Betancur Bedoya,3205279822,natalia.betancur5@outlook.com,Bogotá D.C.,Honda,Contactado,,Prima Extra
LD-00558,05/08/2026 22:36,WhatsApp,EMP-03,PV-014,Héctor Ramírez Bedoya,351 175 9608,,Bogota DC,bajaj pulsar ns 160,En proceso,08/09/2026 22:36,Agosto Cero Cuotas
LD-00559,08/25/2026 11:26,WhatsApp,EMP-03,PV-013,  Sebastián Giraldo Londoño  , 3166005661 ,,Bogotá D.C.,suzuki v-strom 250,Cotización enviada,2026-08-25T12:26:00,Remate Modelos 2025
LD-00560,31/08/2026 00:25,WhatsApp,EMP-02,PV-009,Brayan Arias Muñoz,3223562115,brayan.arias25@gmail.com,SANTA MARTA,Honda XR 150L,SIN GESTION,,Retoma tu moto
LD-00561,2026-08-24 06:40:00,Formulario Web,EMP-03,PV-015,Sebastián Escobar Restrepo,3027727314,sebastian.escobar62@yahoo.es,SOACHA,suzuki gixxer 150,Cotización enviada,25/08/2026 06:40,
LD-00562,2026-08-29 10:13:00,Formulario Web,EMP-01,PV-002,Sebastián Correa Franco,+57 320 5551680,,ITAGUI,,contactado,2026-08-30T10:13:00,Retoma tu moto
LD-00563,06/08/2026 21:15,WhatsApp,EMP-02,PV-008,Natalia Arias Zapata,573021363535,,Cartagena,bajaj pulsar ns 160,Cotización enviada,2026-08-07 09:15:00,Feria de Motos 2026
LD-00564,2026-08-21T16:29:00,Formulario Web,EMP-03,PV-011,Andrés Felipe Ramírez Londoño,(322) 164-3180,andres.ramirez6@gmail.com,,Honda CB 190R,Descartado,22/08/2026 04:29,Feria de Motos 2026
LD-00565,2026-08-14T07:29:00,WhatsApp,EMP-03,PV-012,Fabián Mosquera Londoño,3164638297,,Bogotá,Suzuki Best 125,No contesta,14-08-2026,
LD-00566,2026-08-17 23:42:00,Meta Ads,EMP-03,PV-015,Wilmar Agudelo Rodríguez,3055585705,wilmar.agudelo16@hotmail.com,Soacha,AKT TTR,Contactado,2026-08-18 11:42:00,Prima Extra
LD-00567,04/09/2026 15:57,WhatsApp,EMP-03,PV-014,Diana Carolina Gómez Zapata,3179005614,,BOGOTA,Dynamic R3 125,sin gestion,,Prima Extra
LD-00568,15/08/2026 03:01,WhatsApp,EMP-03,PV-014,  Duván Muñoz Franco  ,3104701433,,Bogotá,Suzuki Best 125,Contactado,15/08/2026 07:01,
LD-00569,2026-08-27 09:44:00,WhatsApp,EMP-01,PV-004,  Kevin Pérez Ospina  ,+57 317 5811171,,Rio Negro,,Descartado,08/27/2026 11:44,
LD-00570,09/09/2026 15:13,Formulario Web,EMP-01,PV-004,Alexander Escobar Restrepo, 3237189340 ,alexander.escobar58@yahoo.es,Rionegro,SUZUKI GN 125,contactado,09/09/2026 19:13,
LD-00571,04-08-2026,Meta Ads,EMP-03,PV-015,ERIKA GÓMEZ ESCOBAR,+57 315 0526691,,SOACHA,AKT NKD 125,no contesta,08/04/2026 02:59,Prima Extra
LD-00572,2026-08-12 19:59:00,Formulario Web,EMP-02,PV-010,Vanessa Osorio Cardona,3174476202,vanessa.osorio78@hotmail.com,Montería,bajaj pulsar ns 125,Contactado,2026-08-14T19:59:00,Feria de Motos 2026
LD-00573,2026-08-31 09:52:00,WhatsApp,EMP-01,PV-002,Brayan Escobar Osorio,302 793 8207,,Itagüí,Honda Dio 110,No contesta,2026-08-31T21:52:00,Agosto Cero Cuotas
LD-00574,2026-08-02 11:05:00,META ADS,EMP-02,PV-010,luisa betancur bedoya,3108016216,,MONTERIA,Honda Navi,No contesta,03/08/2026 05:05,Feria de Motos 2026
LD-00575,2026-08-12 23:16:00,WHATSAPP,EMP-02,PV-010,Juan Carlos Ospina Valencia,(318) 496-6790,juan.ospina56@yahoo.es,MONTERIA,AKT TTR 200 2026,Descartado,16-08-2026,Feria de Motos 2026
LD-00576,11-08-2026,WhatsApp,EMP-01,PV-004,C. Agudelo Arias,3170478484,,RIONEGRO,,Descartado,08/11/2026 23:22,Feria de Motos 2026
LD-00577,09/08/2026 12:29,Meta Ads,EMP-03,PV-013,  Freddy Correa Pérez  ,573507587559,freddy.correa48@yahoo.es,Bogotá,Bajaj Boxer,Cotización enviada,09/08/2026 16:29,Prima Extra
LD-00578,05/08/2026 20:50,WhatsApp,EMP-02,PV-007,Erika Arias Correa,3020831776,,SOLEDAD,Honda,Sin gestión,,
LD-00579,19-08-2026,Meta Ads,EMP-02,PV-007,H. Vargas Castaño, 3215461770 ,hector.vargas57@hotmail.com,Soledad,Gixxer 150,sin gestion,,
LD-00580,2026-08-11 13:42:00,Formulario Web,EMP-01,PV-003,  Juan Carlos Castaño Giraldo  ,(304) 978-1975,,,Suzuki  V-Strom 250,sin gestion,,Agosto Cero Cuotas
LD-00581,25/08/2026 10:08,Meta Ads,EMP-02,PV-009,Marcela Gómez Gómez,573029899346,,Sta Marta,AKT TTR 200,Cotización enviada,26/08/2026 16:08,Prima Extra
LD-00582,2026-08-25 07:59:00,WhatsApp,EMP-01,PV-004,Erika Jiménez,313 969 0640,,Rio Negro,AKT  NKD 125,En proceso,25/08/2026 13:59,Prima Extra
LD-00583,22/08/2026 02:25,WhatsApp,EMP-02,PV-008,Natalia Agudelo Giraldo,3187559471,natalia.agudelo48@yahoo.es,Cartagena,Honda  XRE 300,Contactado,26/08/2026 02:25,Prima Extra
LD-00584,12-08-2026,WhatsApp,EMP-01,PV-001,Jhon Jairo Quintero Jiménez,3059611384,jhon.quintero41@outlook.com,Medellín,Hnda CB 190R,Descartado,2026-08-14T15:45:00,
LD-00585,30/08/2026 11:17,Formulario Web,EMP-02,PV-009,Erika Ospina Valencia,3219533941,erika.ospina26@hotmail.com,Sta Marta,Hero  Eco Deluxe 100,En proceso,30/08/2026 13:17,Feria de Motos 2026
LD-00586,2026-09-02 21:20:00,meta ads,EMP-01,PV-004,Andrés Felipe Valencia Herrera,3200414430,,Rionegro,Hero Dash 110,Cotización enviada,05/09/2026 21:20,
LD-00587,2026-08-06 16:18:00,Meta Ads,EMP-01,PV-001,LEIDY JOHANA PÉREZ ARIAS, 3022864572 ,leidy.perez35@hotmail.com,Medellín ,HONDA CB 125F TWISTER,Sin gestión,,
LD-00588,06/09/2026 01:02,WhatsApp,EMP-01,PV-003,Claudia Patricia Pérez Restrepo,305-204-2384,claudia.perez50@hotmail.com,BELLO,Suzuki V-Strom 250,Cotización enviada,08-09-2026,
LD-00589,2026-08-20 05:07:00,Meta Ads,EMP-01,PV-005,Alexander Mosquera Correa,351-560-1742,alexander.mosquera18@hotmail.com,Medellín,Honda,Contactado,08/22/2026 05:07,Feria de Motos 2026
LD-00590,30/08/2026 19:39,WhatsApp,EMP-03,PV-015,Estefanía Ramírez Arias,3178888673,,Soacha,bajaj pulsar ns 125,Contactado,2026-08-30 20:39:00,Agosto Cero Cuotas
LD-00591,05/08/2026 08:18,WhatsApp,EMP-03,PV-014,NATALIA CORREA CASTAÑO,3167963535,natalia.correa6@gmail.com,Bogota,Suzuki Best 125,Cotización enviada,08/05/2026 09:18,
LD-00592,2026-09-05T10:09:00,Meta Ads,EMP-02,PV-007,  Erika Castaño Marín  ,318 619 9917,,Soledad,,No contesta,2026-09-08T10:09:00,
LD-00593,01/08/2026 17:06,WhatsApp,EMP-03,PV-012,  Nelson Giraldo Mosquera  ,(305) 552-2153,,bogotá,AKT  NKD 125,contactado,08/02/2026 23:06,
LD-00594,29/08/2026 16:32,Formulario Web,EMP-02,PV-008,  Liliana Salazar Torres  ,3122777599,,CARTAGENA,Honda Dio,SIN GESTION,,Agosto Cero Cuotas
LD-00595,2026-08-06T13:03:00,Meta Ads,EMP-02,PV-007,Estefanía Londoño Castaño,301 200 2448,,SOLEDAD,Honda XRE,Sin gestión,,Remate Modelos 2025
LD-00596,09/09/2026 09:00,Meta Ads,EMP-02,PV-007,Sebastián Osorio Quintero,573202985048,sebastian.osorio75@gmail.com,Soledad,AKT Evo RS 150 2026,Cotización enviada,09/09/2026 15:00,Feria de Motos 2026
LD-00597,27/08/2026 01:04,formulario web,EMP-03,PV-012,Jhon Jairo Londoño Pérez,573167796023,jhon.londono18@hotmail.com,Bogotá D.C.,Suzuki GN 125,En proceso,2026-08-31 01:04:00,
LD-00598,14/08/2026 10:49,WhatsApp,EMP-01,PV-002,Sandra Milena Salazar Hernández,304 668 1507,,ITAGUI,Hnda Dio 110,Cotización enviada,08/14/2026 12:49,
LD-00599,2026-09-04 06:59:00,WhatsApp,EMP-01,PV-004,  Sandra Milena Arias Betancur  ,(300) 779-7130,,Rio Negro,Honda Dio 110,En proceso,,Feria de Motos 2026
LD-00600,2026-08-07 17:41:00,WhatsApp,EMP-03,PV-015,Luz Marina Osorio Salazar,573501071924,luz.osorio84@outlook.com,SOACHA,Hero Xpulse 200,contactado,08/08/2026 11:41,Prima Extra
LD-00601,2026-09-02 18:31:00,WhatsApp,EMP-03,PV-012,Jhon Jairo Rodríguez Mosquera,318-926-3420,jhon.rodriguez82@outlook.com,bogotá,AKT TTR 200,no contesta,02/09/2026 19:31,
LD-00602,15/08/2026 23:22,WhatsApp,EMP-02,PV-006,Claudia Patricia Mosquera Muñoz,+57 315 1347575,,barranquilla,hero xpulse 200,contactado,16/08/2026 17:22,
LD-00603,04/08/2026 08:32,WhatsApp,EMP-01,PV-003,LILIANA RAMÍREZ AGUDELO,305 563 6372,liliana.ramirez44@hotmail.com,Bello,HONDA NAVI,SIN GESTION,,Remate Modelos 2025
LD-00604,2026-08-27 20:15:00,Meta Ads,EMP-03,PV-012,Adriana Vargas Muñoz,+57 350 9032098,,,Bajaj Dominar 400,En proceso,28-08-2026,
LD-00605,01/08/2026 18:20,WHATSAPP,EMP-03,PV-012,Sandra Milena Hernández Betancur,3151401436,,Bogota DC,Eco Deluxe 100,No contesta,2026-08-02T00:20:00,Feria de Motos 2026
LD-00606,2026-08-02T13:30:00,Meta Ads,EMP-02,PV-008,Cristian Gómez Zapata,3123191660,cristian.gomez92@outlook.com,CARTAGENA,Honda  XR 150L,Descartado,2026-08-05 13:30:00,Feria de Motos 2026
LD-00607,2026-08-23 12:44:00,meta ads,EMP-02,PV-006,  Paula Andrea Castaño Marín  ,+57 313 9978610,paula.castano83@outlook.com,BARRANQUILLA,Honda Navi,no contesta,2026-08-24T06:44:00,Remate Modelos 2025
LD-00608,08/28/2026 02:41,Meta Ads,EMP-01,PV-002,Cristian Ramírez Franco,317-363-5574,cristian.ramirez33@yahoo.es,Itagüí,Hero Hunk,Cotización enviada,29/08/2026 08:41,Remate Modelos 2025
LD-00609,2026-09-08 20:30:00,WhatsApp,EMP-03,PV-011,Brayan Vargas Pérez,3206064409,brayan.vargas84@gmail.com,,,sin gestion,,Retoma tu moto
LD-00610,2026-08-25 06:28:00,WHATSAPP,EMP-01,PV-002,Natalia Jiménez Escobar,322 119 6296,natalia.jimenez70@outlook.com,Itagui,HONDA NAVI,No contesta,2026-08-25 18:28:00,Feria de Motos 2026
LD-00611,14-08-2026,formulario web,EMP-03,PV-014,Leidy Johana Herrera Correa,3001864073,leidy.herrera66@gmail.com,Bogotá,,Cotización enviada,08/18/2026 06:28,
LD-00612,2026-08-17 13:31:00,WhatsApp,EMP-01,PV-003,Luz Marina Franco Rodríguez,302-210-5662,,bello,Hnda Dio 110,Sin gestión,,Remate Modelos 2025
LD-00613,02-08-2026,WhatsApp,EMP-01,PV-004,  Liliana Salazar Torres  ,3229437226,liliana.salazar14@gmail.com,Rionegro,,Sin gestión,,Remate Modelos 2025
LD-00614,2026-08-12 00:47:00,Meta Ads,EMP-03,PV-013,Paula Betancur,3517401198,paula.betancur95@yahoo.es,Bogotá D.C.,Suzuki,Cotización enviada,08/12/2026 06:47,Remate Modelos 2025
LD-00615,2026-08-04 11:40:00,WhatsApp,EMP-02,PV-010,  Diana Carolina Zapata Castaño  ,3166606811,,MONTERIA,Suzuki,Cotización enviada,2026-08-04T17:40:00,Feria de Motos 2026
LD-00616,2026-08-08T15:06:00,formulario web,EMP-03,PV-015,  Marcela Franco Franco  ,3167911122,,SOACHA,,Contactado,2026-08-08 19:06:00,Remate Modelos 2025
LD-00617,2026-08-31 13:17:00,WhatsApp,EMP-03,PV-011,CLAUDIA PATRICIA HERRERA ESCOBAR,3027350859,,BOGOTA,Honda XR 150L,Sin gestión,,Retoma tu moto
LD-00618,2026-08-30T06:49:00,whatsapp,EMP-03,PV-012,Cristian Betancur Osorio,310-222-8043,,Bogota,Discover 125,Sin gestión,,Prima Extra
LD-00619,08/08/2026 02:21,WhatsApp,EMP-02,PV-008,FABIÁN JIMÉNEZ VARGAS, 3162188218 ,fabian.jimenez28@yahoo.es,Cartagena de Indias,akt ttr 200,Sin gestión,,Remate Modelos 2025
LD-00620,08/24/2026 14:57,Meta Ads,EMP-03,PV-015,Jorge Iván Muñoz Muñoz,3174961861,jorge.munoz73@hotmail.com,Soacha,Bajai Pulsar NS 160,sin gestion,,Retoma tu moto
LD-00621,2026-08-16 02:54:00,META ADS,EMP-03,PV-013,Katherine Betancur Quintero,3059176681,katherine.betancur17@gmail.com,Bogotá D.C.,Bajaj,Contactado,16/08/2026 14:54,
LD-00622,2026-08-01 12:14:00,WhatsApp,EMP-03,PV-014,Yuliana Ramírez Giraldo,316-976-2002,yuliana.ramirez12@hotmail.com,bogotá,Honda CB 190R,sin gestion,,
LD-00623,2026-08-24 16:46:00,Meta Ads,EMP-03,PV-014,María Correa,323-957-5792,maria.correa55@yahoo.es,Bogota,Bajaj  Boxer CT 100,No contesta,27/08/2026 16:46,Agosto Cero Cuotas
LD-00624,2026-08-22 12:04:00,Meta Ads,EMP-03,PV-011,Erika Rodríguez Restrepo,3158477748,erika.rodriguez35@outlook.com,Bogota,Bajaj Pulsar,Sin gestión,,
LD-00625,09/03/2026 15:38,Formulario Web,EMP-02,PV-010,  Claudia Patricia Agudelo Hernández  ,322 266 5034,,Monteria,AKT NKD 125 2026,SIN GESTION,,
LD-00626,31/08/2026 12:53,WhatsApp,EMP-02,PV-009,  Liliana Osorio Torres  ,321 350 3176,,SANTA MARTA,Bajaj Dominar 400,Descartado,04-09-2026,Remate Modelos 2025
LD-00627,2026-08-18T11:33:00,WhatsApp,EMP-02,PV-010,Natalia Herrera Arias,3506713891,natalia.herrera3@hotmail.com,MONTERIA,Hero Dash 110,Contactado,2026-08-18T15:33:00,Prima Extra
LD-00628,2026-09-01 21:46:00,Formulario Web,EMP-01,PV-003,Erika Giraldo Rodríguez,+57 318 9668234,,,suzuki best 125,Contactado,09/02/2026 09:46,Agosto Cero Cuotas
LD-00629,12-08-2026,Formulario Web,EMP-02,PV-008,Óscar David Muñoz Arias,304-079-3459,,Cartagena,Honda CB,Cotización enviada,12/08/2026 14:41,Prima Extra
LD-00630,2026-08-03T07:59:00,Formulario Web,EMP-02,PV-010,Sebastián Franco Giraldo, 3043303339 ,sebastian.franco59@gmail.com,MONTERIA,akt nkd 125,Contactado,03/08/2026 13:59,
LD-00631,23/08/2026 00:09,WhatsApp,EMP-02,PV-006,SANDRA MILENA CORREA BEDOYA,(305) 884-5927,sandra.correa43@yahoo.es,Barranquilla,Bajaj Pulsar NS 125,En proceso,08/25/2026 00:09,Feria de Motos 2026
LD-00632,2026-09-04 06:10:00,WhatsApp,EMP-02,PV-009,  Nelson Hernández Agudelo  ,3160241987,,Santa Marta,Bajaj,No contesta,04-09-2026,Agosto Cero Cuotas
LD-00633,2026-08-21T09:53:00,WhatsApp,EMP-02,PV-008,Vanessa Bedoya Marín,3023670641,vanessa.bedoya96@hotmail.com,Cartagena de Indias,Heroo Dash 110,Cotización enviada,2026-08-22 09:53:00,
LD-00634,2026-09-05 22:45:00,Meta Ads,EMP-01,PV-005,VANESSA ESCOBAR VARGAS,+57 310 4126674,vanessa.escobar42@yahoo.es,,HERO HUNK 160R,Contactado,2026-09-06T04:45:00,Retoma tu moto
LD-00635,2026-09-10 00:13:00,WhatsApp,EMP-01,PV-003,  Vanessa Bedoya Gómez  ,573150867292,vanessa.bedoya5@gmail.com,bello,Suzuki Best 125 2026,Cotización enviada,09/12/2026 00:13,Retoma tu moto
LD-00636,2026-08-16 12:04:00,WhatsApp,EMP-02,PV-007,LUISA VALENCIA GIRALDO,3164119684,,SOLEDAD,Hunk 160R,Sin gestión,,
LD-00637,2026-09-09 22:39:00,Meta Ads,EMP-03,PV-015,Cristian Hernández Torres, 3139780388 ,cristian.hernandez30@yahoo.es,SOACHA,honda dio 110,Cotización enviada,09/10/2026 22:39,Retoma tu moto
LD-00638,2026-08-23 00:29:00,WhatsApp,EMP-01,PV-001,Erika Herrera Bedoya,3058151883,erika.herrera55@outlook.com,medellin,AKT Evo RS 150,Cotización enviada,2026-08-23 06:29:00,
LD-00639,12-08-2026,WhatsApp,EMP-01,PV-001,ALEXANDER ZAPATA LONDOÑO,322 334 4414,,Medellin,AKT,Sin gestión,,Feria de Motos 2026
LD-00640,11/08/2026 18:03,meta ads,EMP-02,PV-007,NATALIA CORREA CASTAÑO,3220989247,natalia.correa32@outlook.com,Soledad,AKT,contactado,2026-08-12 12:03:00,
LD-00641,2026-08-16 23:22:00,Formulario Web,EMP-01,PV-004,  Mónica Bedoya Betancur  ,3117772457,,RIONEGRO,Pulsar RS 200,Sin gestión,,
LD-00642,06/08/2026 10:47,whatsapp,EMP-02,PV-007,  Kevin Ramírez Arias  ,573156827759,,,Honda XRE,Contactado,,
LD-00643,2026-09-05 18:22:00,WhatsApp,EMP-01,PV-004,Carlos Mario Agudelo Londoño,(316) 959-2892,,Rio Negro,AKT NKD 125,contactado,06/09/2026 00:22,Remate Modelos 2025
LD-00644,02/08/2026 23:35,WhatsApp,EMP-01,PV-004,Erika Restrepo Arias,(301) 648-6463,erika.restrepo80@hotmail.com,RIONEGRO,Bajai Pulsar NS 160,Sin gestión,,
LD-00645,2026-08-14T07:58:00,WhatsApp,EMP-02,PV-008,Liliana Rodríguez Muñoz,(316) 913-2445,,CARTAGENA,Bajaj Dominar 400,Descartado,2026-08-15T13:58:00,
LD-00646,2026-08-06 23:58:00,WhatsApp,EMP-01,PV-002,  Leidy Johana Londoño Zapata  , 3110116945 ,,Itagüí,Honda Navi 2026,Sin gestión,,Agosto Cero Cuotas
LD-00647,08/16/2026 19:39,WhatsApp,EMP-01,PV-003,Sebastián Restrepo Mosquera,3024470501,,BELLO,hero dash 110,Sin gestión,,Retoma tu moto
LD-00648,22-08-2026,WhatsApp,EMP-02,PV-008,ÓSCAR DAVID MUÑOZ RODRÍGUEZ,(311) 754-0286,oscar.munoz2@gmail.com,Cartagena,Bajaj Discover,Contactado,25/08/2026 19:08,Remate Modelos 2025
LD-00649,04-08-2026,Meta Ads,EMP-02,PV-008,Claudia Patricia Franco Muñoz,+57 302 3327745,,CARTAGENA,honda dio 110,Sin gestión,,Remate Modelos 2025
LD-00650,16-08-2026,META ADS,EMP-01,PV-004,  Édinson Pérez Arias  ,+57 314 1426378,,Rionegro,AKT NKD 125 2026,Cotización enviada,08/16/2026 10:16,Remate Modelos 2025
LD-00651,17-08-2026,Formulario Web,EMP-02,PV-007,Mónica Jiménez Muñoz,323 599 2955,,Soledad,Bajaj Boxer CT 100,Contactado,2026-08-17T09:30:00,
LD-00652,03/08/2026 13:48,Meta Ads,EMP-01,PV-001,Édinson Zapata Muñoz,315-811-5809,,Medellin,,Sin gestión,,
LD-00653,08/24/2026 00:50,Meta Ads,EMP-01,PV-002,Sebastián Rodríguez Herrera,3222043098,sebastian.rodriguez29@gmail.com,,,Sin gestión,,Prima Extra
LD-00654,2026-08-11 00:45:00,WhatsApp,EMP-01,PV-002,Andrés Felipe Herrera Herrera,3500854762,,,Hnda CB 125F Twister,Descartado,08/13/2026 00:45,Agosto Cero Cuotas
LD-00655,2026-08-02 09:08:00,WhatsApp,EMP-02,PV-010,Luz Marina Mosquera Arias,+57 318 5638299,,Montería,Honda Navi,Cotización enviada,08/03/2026 09:08,Feria de Motos 2026
LD-00656,2026-09-02 07:52:00,Meta Ads,EMP-03,PV-013,KATHERINE RESTREPO CORREA,(312) 791-3127,katherine.restrepo58@yahoo.es,Bogotá,bajaj pulsar ns 160,no contesta,04-09-2026,
LD-00657,2026-09-07 05:52:00,Meta Ads,EMP-03,PV-015,  Alexander Muñoz Franco  ,+57 317 6144844,,Soacha,Suzuki V-Strom 250,Cotización enviada,09/07/2026 17:52,Agosto Cero Cuotas
LD-00658,02/09/2026 16:45,whatsapp,EMP-03,PV-012,Vanessa Vargas Betancur,312 835 1628,vanessa.vargas37@yahoo.es,Bogotá,A.K.T NKD 125,Sin gestión,,Prima Extra
LD-00659,2026-08-27 10:28:00,Formulario Web,EMP-02,PV-009,Yuliana Jiménez Osorio, 3024932561 ,yuliana.jimenez52@gmail.com,SANTA MARTA,Hero Dash 110 2026,Cotización enviada,08/29/2026 10:28,Prima Extra
LD-00660,2026-08-27T05:17:00,WhatsApp,EMP-01,PV-005,Carlos Mario Bedoya Salazar, 3216564411 ,carlos.bedoya28@gmail.com,Medellin,bajaj pulsar ns 125,Descartado,27-08-2026,Feria de Motos 2026
LD-00661,2026-08-01 18:24:00,Meta Ads,EMP-02,PV-010,Marcela Ospina Escobar,3216529511,marcela.ospina77@hotmail.com,MONTERIA,Honda Navi,Sin gestión,,Agosto Cero Cuotas
LD-00662,2026-08-20 01:09:00,WhatsApp,EMP-03,PV-012,  Andrés Felipe Giraldo Gómez  , 3214787350 ,andres.giraldo81@outlook.com,Bogotá D.C.,Hero  Dash 110,Cotización enviada,24-08-2026,Remate Modelos 2025
LD-00663,09/05/2026 09:56,WhatsApp,EMP-01,PV-005,  Yesenia Cardona Ospina  ,315-471-2634,,Medellín,Hero Xpulse 200,no contesta,09/07/2026 09:56,Retoma tu moto
LD-00664,2026-08-11 03:34:00,Meta Ads,EMP-02,PV-008,Brayan Rodríguez Bedoya,310 056 6661,,CARTAGENA,Suzuki GN 125,no contesta,2026-08-11 05:34:00,Prima Extra
LD-00665,08/18/2026 18:39,WhatsApp,EMP-01,PV-004,ÓSCAR DAVID JIMÉNEZ MARÍN,573509163121,,RIONEGRO,Bajaj Pulsar NS 125 2026,En proceso,19/08/2026 00:39,Remate Modelos 2025
LD-00666,20/08/2026 13:08,Meta Ads,EMP-01,PV-003,Luisa Valencia Vargas,314 547 7818,luisa.valencia34@gmail.com,BELLO,SUZUKI BEST 125,contactado,2026-08-20 15:08:00,Agosto Cero Cuotas
LD-00667,2026-08-31 18:18:00,whatsapp,EMP-02,PV-009,DIANA CAROLINA CARDONA MOSQUERA,3110679806,diana.cardona73@yahoo.es,Santa Marta,Suzuki Gixxer 150,Sin gestión,,Prima Extra
LD-00668,02-09-2026,WhatsApp,EMP-02,PV-007,Nelson Restrepo Ospina,(301) 052-3960,nelson.restrepo1@outlook.com,Soledad,SUZUKI BEST 125,sin gestion,,Prima Extra
LD-00669,2026-08-05 15:52:00,Formulario Web,EMP-03,PV-015,Nelson Zapata Restrepo,3059661745,nelson.zapata40@yahoo.es,Soacha,Suzuki V-Strom 250,sin gestion,,Retoma tu moto
LD-00670,2026-09-06 22:30:00,WhatsApp,EMP-02,PV-008,  Juan Carlos Correa Pérez  ,3169130724,,CARTAGENA,Bajaj Dominar 400,Sin gestión,,Retoma tu moto
LD-00671,02/08/2026 01:20,Meta Ads,EMP-03,PV-015,  Brayan Castaño Giraldo  ,3113763144,,SOACHA,Hero Dash 110,Cotización enviada,2026-08-02T19:20:00,Agosto Cero Cuotas
LD-00672,2026-08-30 09:33:00,Meta Ads,EMP-03,PV-012,Nelson Jiménez Herrera,573117673715,nelson.jimenez48@outlook.com,Bogotá,AKT NKD 125 2026,Descartado,31-08-2026,Prima Extra
LD-00673,16-08-2026,WHATSAPP,EMP-02,PV-010,Fabián Hernández Vargas,3156112717,fabian.hernandez1@hotmail.com,,Bajaj Pulsar NS 160,Sin gestión,,Prima Extra
LD-00674,24-08-2026,Meta Ads,EMP-03,PV-015,PAULA ANDREA MOSQUERA CORREA, 3172026961 ,,Soacha,Suzuki Gixxer 150,Contactado,25/08/2026 12:52,
LD-00675,2026-09-07 06:31:00,WhatsApp,EMP-03,PV-011,Andrés Felipe Hernández Castaño,3176996608,andres.hernandez7@yahoo.es,bogotá,bajaj pulsar rs 200,Sin gestión,,
LD-00676,2026-08-04 04:33:00,WhatsApp,EMP-03,PV-014,  Angie Paola Londoño Pérez  ,305 462 9539,,bogotá,Hunk 160R,Sin gestión,,Prima Extra
LD-00677,20/08/2026 03:52,Meta Ads,EMP-02,PV-010,  Fabián Restrepo Escobar  ,3027815212,fabian.restrepo23@yahoo.es,Monteria,A.K.T Dynamic R3 125,En proceso,2026-08-23T03:52:00,Remate Modelos 2025
LD-00678,13/08/2026 12:29,WhatsApp,EMP-02,PV-006,Angie Paola Pérez Quintero,304-057-7306,,B/quilla,Bajaj Pulsar RS 200,Contactado,14-08-2026,
LD-00679,2026-09-02 17:10:00,whatsapp,EMP-02,PV-009,Leidy Johana Escobar Correa,573117586574,leidy.escobar43@hotmail.com,Santa Marta,HERO DASH 110,Sin gestión,,Prima Extra
LD-00680,28-08-2026,Meta Ads,EMP-02,PV-009,YESENIA TORRES CORREA,+57 350 6627819,,SANTA MARTA,Bajaj Boxer CT 100,Cotización enviada,2026-08-28T15:03:00,
LD-00681,08/22/2026 07:24,Meta Ads,EMP-01,PV-003,J. Valencia Salazar,(317) 362-2948,julian.valencia69@yahoo.es,bello,honda navi,Contactado,08/23/2026 01:24,Agosto Cero Cuotas
LD-00682,31/08/2026 07:12,WhatsApp,EMP-01,PV-002,Marcela Castaño Herrera,313-501-3977,,Itagüí,akt ttr 200,No contesta,08/31/2026 13:12,Feria de Motos 2026
LD-00683,03/09/2026 08:46,WhatsApp,EMP-01,PV-003,ALEXANDER HERRERA VARGAS,+57 321 1846719,alexander.herrera20@yahoo.es,bello,Hero  Dash 110,No contesta,2026-09-04T02:46:00,Remate Modelos 2025
LD-00684,09/05/2026 17:27,Meta Ads,EMP-01,PV-001,BRAYAN TORRES OSORIO,323-400-4884,brayan.torres4@gmail.com,Medellín ,Honda XR 150L,Contactado,09/08/2026 17:27,
LD-00685,14-08-2026,FORMULARIO WEB,EMP-01,PV-004,  Mónica Jiménez Franco  ,+57 311 5959529,monica.jimenez98@gmail.com,Rio Negro,Honda CB 190R 2026,No contesta,14-08-2026,Prima Extra
LD-00686,04/09/2026 03:14,Formulario Web,EMP-01,PV-005,Cristian Torres Franco,321 170 3957,cristian.torres92@hotmail.com,Medellin,AKT Dynamic R3 125 2026,Cotización enviada,05-09-2026,Prima Extra
LD-00687,2026-09-01 04:02:00,WhatsApp,EMP-01,PV-005,WILMAR QUINTERO RESTREPO,318-373-9437,wilmar.quintero34@outlook.com,,Honda Navi,En proceso,01/09/2026 22:02,Remate Modelos 2025
LD-00688,2026-08-18 03:40:00,Meta Ads,EMP-03,PV-012,Liliana Betancur Correa,302 751 8124,,bogotá,HERO DASH 110,Cotización enviada,2026-08-19T09:40:00,
LD-00689,2026-08-09 18:40:00,whatsapp,EMP-02,PV-007,  Mónica Franco Arias  , 3104371116 ,,SOLEDAD,AKT NKD 125,SIN GESTION,,Feria de Motos 2026
LD-00690,2026-08-29 20:34:00,FORMULARIO WEB,EMP-03,PV-011,JORGE IVÁN ESCOBAR FRANCO,313-487-8613,,Bogotá,Bajai Boxer CT 100,Cotización enviada,2026-08-30 02:34:00,Agosto Cero Cuotas
LD-00691,2026-08-20 17:04:00,WhatsApp,EMP-02,PV-009,Alexander Muñoz Torres,+57 318 6490750,,SANTA MARTA,Suzuki Gixxer 150,no contesta,,Agosto Cero Cuotas
LD-00692,2026-08-06 04:19:00,WhatsApp,EMP-03,PV-014,Alexander Betancur Herrera,573231150819,,Bogotá D.C.,AKT NKD,SIN GESTION,,Remate Modelos 2025
LD-00693,2026-08-29 06:04:00,WhatsApp,EMP-02,PV-009,Duván Bedoya Giraldo,(312) 094-9745,,Santa Marta,HONDA CB 125F TWISTER,Descartado,2026-08-30 12:04:00,Prima Extra
LD-00694,2026-08-13 09:57:00,Formulario Web,EMP-01,PV-004,Duván Arias,318 545 2495,duvan.arias36@hotmail.com,Rio Negro,Honda XR 150L,En proceso,2026-08-16 09:57:00,
LD-00695,2026-08-08 02:03:00,Meta Ads,EMP-01,PV-005,Mónica Quintero Mosquera,313-777-6162,,medellin,AKT TTR 200,Sin gestión,,Feria de Motos 2026
LD-00696,2026-08-13 12:45:00,Meta Ads,EMP-01,PV-005,Andrés Felipe Pérez Quintero,3125311633,andres.perez34@yahoo.es,MEDELLIN,Hero Xpulse 200,Sin gestión,,Feria de Motos 2026
LD-00697,08/17/2026 17:05,WhatsApp,EMP-01,PV-002,  Jhon Jairo Betancur Franco  ,301 602 6492,jhon.betancur64@outlook.com,Itagüí,AKT Dynamic R3 125 2026,no contesta,2026-08-18 17:05:00,Prima Extra
LD-00698,2026-08-07 18:36:00,Meta Ads,EMP-02,PV-006,Sebastián Bedoya Quintero,320 089 1362,,BARRANQUILLA,AKT  Evo RS 150,Cotización enviada,08-08-2026,Retoma tu moto
LD-00699,10/08/2026 10:17,Meta Ads,EMP-01,PV-002,María Fernanda Giraldo Zapata, 3509307184 ,maria.giraldo58@gmail.com,ITAGUI,akt dynamic r3 125,Sin gestión,,Prima Extra
LD-00700,04/09/2026 15:31,Meta Ads,EMP-01,PV-002,KATHERINE FRANCO BETANCUR,3168431066,,Itagui,Honda Dio 110,sin gestion,,Remate Modelos 2025
LD-00701,2026-08-29T12:59:00,Meta Ads,EMP-01,PV-002,Carlos Mario Escobar Gómez, 3518533548 ,carlos.escobar82@hotmail.com,Itagüí,bajaj pulsar rs 200,Contactado,08/29/2026 16:59,Prima Extra
LD-00702,11/08/2026 13:02,Meta Ads,EMP-01,PV-001,Fabián Osorio Rodríguez,302-362-7987,fabian.osorio90@outlook.com,medellin,Honda  CB 190R,Contactado,11/08/2026 19:02,
LD-00703,22-08-2026,Meta Ads,EMP-01,PV-005,KEVIN CARDONA MUÑOZ,(318) 954-2317,kevin.cardona10@gmail.com,MEDELLIN,suzuki gixxer 150,Sin gestión,,Retoma tu moto
LD-00704,2026-08-11 10:38:00,Meta Ads,EMP-01,PV-003,Camilo Quintero Zapata,305 412 6686,camilo.quintero3@hotmail.com,BELLO,suzuki best 125,En proceso,08/11/2026 14:38,Retoma tu moto
LD-00705,09/06/2026 03:50,WhatsApp,EMP-01,PV-003,Freddy Hernández Correa,573222887178,freddy.hernandez41@outlook.com,Bello,Hero Dash 110 2026,SIN GESTION,,Feria de Motos 2026
LD-00706,14/08/2026 18:27,formulario web,EMP-02,PV-010,  Estefanía Hernández Quintero  ,3224806236,,Montería,,Sin gestión,,Feria de Motos 2026
LD-00707,16/08/2026 11:11,WhatsApp,EMP-03,PV-015,  Natalia Betancur Gómez  ,315-405-7594,natalia.betancur44@hotmail.com,Soacha,,En proceso,08/16/2026 15:11,Prima Extra
LD-00708,06-08-2026,WHATSAPP,EMP-01,PV-001,Édinson Arias Bedoya,+57 301 5875431,edinson.arias13@gmail.com,Medellín,Bajaj Dominar 400,Sin gestión,,Prima Extra
LD-00709,26/08/2026 09:17,Meta Ads,EMP-03,PV-013,Vanessa Ospina Arias,(321) 488-9537,,Bogotá D.C.,Bajai Dominar 400,No contesta,2026-08-26T21:17:00,
LD-00710,2026-08-04 21:56:00,Meta Ads,EMP-03,PV-015,JUAN CARLOS HERRERA TORRES,313 851 4160,juan.herrera62@hotmail.com,Soacha,SUZUKI GIXXER 150,contactado,05/08/2026 03:56,Retoma tu moto
LD-00711,08/06/2026 13:23,Formulario Web,EMP-03,PV-014,  Óscar David Arias Pérez  ,3101785129,oscar.arias99@outlook.com,BOGOTA,akt dynamic r3 125,Cotización enviada,07-08-2026,Retoma tu moto
LD-00712,2026-08-03 09:04:00,WhatsApp,EMP-01,PV-005,Wilmar Pérez Pérez,317 528 3303,wilmar.perez12@hotmail.com,MEDELLIN,Hero Eco Deluxe 100 2026,No contesta,2026-08-04 09:04:00,
LD-00713,2026-08-22 03:52:00,WhatsApp,EMP-02,PV-006,  Wilmar Valencia Ramírez  ,(311) 461-6089,,BARRANQUILLA,Hero  Hunk 160R,Contactado,22/08/2026 21:52,
LD-00714,2026-08-17 21:40:00,Meta Ads,EMP-01,PV-003,Óscar David Quintero Salazar,+57 302 9384041,oscar.quintero89@outlook.com,BELLO,Honda  Navi,Contactado,19/08/2026 21:40,Prima Extra
LD-00715,09/09/2026 07:59,Formulario Web,EMP-02,PV-009,Estefanía Restrepo Bedoya,+57 312 2281291,estefania.restrepo6@outlook.com,SANTA MARTA,bajaj pulsar rs 200,Cotización enviada,10-09-2026,Remate Modelos 2025
LD-00716,19-08-2026,Meta Ads,EMP-01,PV-003,SEBASTIÁN PÉREZ CORREA,314 185 4139,,bello,Honda CB 190R,Contactado,2026-08-19T22:05:00,Prima Extra
LD-00717,04/08/2026 14:09,WhatsApp,EMP-01,PV-004,  Liliana Mosquera Arias  ,3184347019,liliana.mosquera26@outlook.com,Rionegro,Bajaj Pulsar NS 160,Cotización enviada,,Feria de Motos 2026
LD-00718,2026-09-07 09:38:00,Meta Ads,EMP-03,PV-015,YESENIA RAMÍREZ HERNÁNDEZ, 3215149133 ,,SOACHA,Honda Dio 110,Descartado,2026-09-07 11:38:00,Remate Modelos 2025
LD-00719,07/08/2026 04:37,WHATSAPP,EMP-02,PV-008,Óscar David Agudelo Torres,3139088431,,,AKT  Evo RS 150,En proceso,08/08/2026 10:37,Agosto Cero Cuotas
LD-00720,2026-08-29 22:58:00,Meta Ads,EMP-03,PV-012,Marcela Restrepo Vargas,300 501 5843,,BOGOTA,Bajaj Boxer CT 100,SIN GESTION,,Agosto Cero Cuotas
LD-00721,2026-09-05 21:19:00,Meta Ads,EMP-01,PV-001,Héctor Ospina Giraldo,+57 300 3752560,hector.ospina70@yahoo.es,Medellín,Suzuki Best 125,no contesta,08-09-2026,Prima Extra
LD-00722,14/08/2026 15:02,WhatsApp,EMP-03,PV-013,KATHERINE RODRÍGUEZ SALAZAR,573042810960,,Bogota,suzuki v-strom 250,No contesta,2026-08-15T15:02:00,Retoma tu moto
LD-00723,05/08/2026 14:44,WhatsApp,EMP-03,PV-013,Angie Paola Zapata Gómez,(302) 933-3246,,Bogotá,Hnda XR 150L,Sin gestión,,Agosto Cero Cuotas
LD-00724,27/08/2026 19:26,WhatsApp,EMP-03,PV-015,CLAUDIA PATRICIA ARIAS FRANCO,3006998457,,SOACHA,Hero  Dash 110,Sin gestión,,
LD-00725,11-08-2026,Meta Ads,EMP-02,PV-008,Camilo Pérez Torres,305 275 0249,camilo.perez27@yahoo.es,Cartagena,Bajaj Pulsar NS 160,No contesta,11/08/2026 23:44,Prima Extra
LD-00726,2026-08-21 15:10:00,WhatsApp,EMP-03,PV-011,Erika Castaño Pérez,305 436 9682,erika.castano54@gmail.com,Bogotá,Suzuki V-Strom 250,No contesta,,Prima Extra
LD-00727,22-08-2026,WhatsApp,EMP-02,PV-009,Yesenia Betancur Bedoya,3044274114,yesenia.betancur65@outlook.com,SANTA MARTA,suzuki best 125,Cotización enviada,08/23/2026 18:54,
LD-00728,31/08/2026 09:42,WhatsApp,EMP-01,PV-005,Brayan Restrepo Pérez,314-538-1017,,Medellin,Hero Dash 110 2026,Sin gestión,,
LD-00729,2026-09-08 03:50:00,Formulario Web,EMP-02,PV-008,  Nelson Londoño Muñoz  , 3501054780 ,,CARTAGENA,AKT Dynamic R3 125,Sin gestión,,
LD-00730,2026-08-30 11:26:00,Meta Ads,EMP-02,PV-008,Adriana Gómez,(350) 887-6769,adriana.gomez83@hotmail.com,Cartagena,Boxer CT 100,No contesta,2026-08-30T17:26:00,Prima Extra
LD-00731,08/23/2026 05:50,WhatsApp,EMP-03,PV-014,Fabián Bedoya Mosquera, 3519120764 ,fabian.bedoya10@outlook.com,BOGOTA,TTR 200,Sin gestión,,Prima Extra
LD-00732,12-08-2026,Formulario Web,EMP-03,PV-012,  Wilmar Gómez Torres  ,3205370489,,Bogotá D.C.,BAJAJ PULSAR NS 125,Contactado,15/08/2026 04:18,
LD-00733,08/05/2026 08:14,Formulario Web,EMP-01,PV-002,Freddy Ospina Arias,304 787 4597,,Itagui,Honda Dio 110,sin gestion,,Retoma tu moto
LD-00734,09/09/2026 14:50,Formulario Web,EMP-02,PV-007,Yuliana Cardona Valencia,351-697-3266,yuliana.cardona72@gmail.com,SOLEDAD,Hunk 160R,Sin gestión,,Remate Modelos 2025
LD-00735,29/08/2026 21:38,WHATSAPP,EMP-01,PV-003,Freddy Quintero Salazar,316 416 6582,freddy.quintero46@gmail.com,bello,Honda  XR 150L,Sin gestión,,Remate Modelos 2025
LD-00736,31/08/2026 20:21,Formulario Web,EMP-01,PV-001,Estefanía Valencia Restrepo,311-811-0844,,medellin,AKT TTR 200,Cotización enviada,2026-09-03 20:21:00,Prima Extra
LD-00737,08/02/2026 16:50,WhatsApp,EMP-03,PV-011,NELSON GIRALDO PÉREZ,+57 313 7718909,nelson.giraldo37@yahoo.es,Bogotá D.C.,,Cotización enviada,03/08/2026 16:50,Retoma tu moto
LD-00738,26/08/2026 08:51,WHATSAPP,EMP-02,PV-007,LUISA VALENCIA MARÍN,573211246707,luisa.valencia97@gmail.com,SOLEDAD,Hero Eco Deluxe 100 2026,sin gestion,,Prima Extra
LD-00739,2026-08-30 20:14:00,whatsapp,EMP-02,PV-008,  Brayan Londoño Quintero  ,573140141348,brayan.londono35@hotmail.com,Cartagena de Indias,AKT Dynamic R3 125,Descartado,31/08/2026 20:14,Agosto Cero Cuotas
LD-00740,2026-08-11 09:55:00,Meta Ads,EMP-03,PV-015,Erika Osorio Escobar, 3168299364 ,,SOACHA,Suzuki Gixxer 150,Contactado,12/08/2026 03:55,Prima Extra
LD-00741,04-08-2026,WhatsApp,EMP-03,PV-011,Julián Restrepo Betancur,322 150 5420,julian.restrepo12@gmail.com,bogotá,Bajaj Pulsar NS 125,Sin gestión,,Feria de Motos 2026
LD-00742,2026-08-10 15:38:00,WhatsApp,EMP-01,PV-001,  Alexander Mosquera Giraldo  ,573182978207,alexander.mosquera9@yahoo.es,Medellin,Suzuki GN 125,Descartado,11/08/2026 09:38,Retoma tu moto
LD-00743,2026-08-24 14:14:00,WhatsApp,EMP-01,PV-003,  Fabián Ramírez Salazar  ,323 241 2298,fabian.ramirez53@outlook.com,Bello,Bajaj Discover 125,Descartado,2026-08-24 16:14:00,
LD-00744,2026-08-10 14:35:00,FORMULARIO WEB,EMP-03,PV-011,Mónica Torres Arias,(320) 044-3193,,BOGOTA,GN 125,SIN GESTION,,Retoma tu moto
LD-00745,2026-08-08 13:17:00,WhatsApp,EMP-02,PV-008,SANDRA MILENA MOSQUERA HERRERA,573511635855,,CARTAGENA,Bajaj Pulsar NS 125,Cotización enviada,2026-08-08T15:17:00,
LD-00746,2026-08-02 02:55:00,Meta Ads,EMP-03,PV-015,Fabián Osorio Arias,323-426-6022,,SOACHA,bajaj discover 125,Sin gestión,,
LD-00747,08/10/2026 12:42,WhatsApp,EMP-01,PV-005,Sandra Milena Betancur Cardona,3509955591,sandra.betancur40@yahoo.es,medellin,,sin gestion,,Prima Extra
LD-00748,2026-08-26 00:41:00,WhatsApp,EMP-03,PV-011,Jorge Iván Salazar Ramírez,+57 301 4852240,,,,Contactado,2026-08-26 18:41:00,Prima Extra
LD-00749,2026-08-17 08:18:00,WhatsApp,EMP-03,PV-013,  Jorge Iván Quintero Agudelo  ,316 062 6914,,Bogota,HERO ECO DELUXE 100,En proceso,18/08/2026 08:18,Retoma tu moto
LD-00750,15/08/2026 20:00,WhatsApp,EMP-03,PV-015,NELSON ESCOBAR CARDONA, 3048824330 ,nelson.escobar26@hotmail.com,SOACHA,V-Strom 250,SIN GESTION,,Retoma tu moto
LD-00751,10/08/2026 01:29,WhatsApp,EMP-02,PV-006,  Camilo Ramírez Valencia  ,3121554059,camilo.ramirez81@gmail.com,barranquilla,Hero Dash,SIN GESTION,,Agosto Cero Cuotas
LD-00752,2026-08-13T23:43:00,meta ads,EMP-01,PV-001,Katherine Gómez Torres,3513425954,katherine.gomez81@hotmail.com,Medellín,Suzuki Best 125,Contactado,16/08/2026 23:43,Feria de Motos 2026
LD-00753,15-08-2026,WhatsApp,EMP-03,PV-012,Óscar David Vargas Pérez,3513680668,,Bogota,hero hunk 160r,Descartado,2026-08-17 01:15:00,Feria de Motos 2026
LD-00754,2026-08-07 20:20:00,WhatsApp,EMP-01,PV-001,Angie Paola Betancur Rodríguez,302-136-8697,,Medellín ,Hero Eco Deluxe 100,En proceso,08/08/2026 02:20,Remate Modelos 2025
LD-00755,2026-08-18 22:32:00,WhatsApp,EMP-01,PV-004,  Mónica Pérez Franco  ,3135735661,monica.perez6@yahoo.es,Rio Negro,Honda Navi,No contesta,19/08/2026 02:32,Retoma tu moto
LD-00756,09-08-2026,WHATSAPP,EMP-02,PV-007,Luisa Mosquera Bedoya,314 584 9180,,Soledad,Dash 110,Contactado,10-08-2026,Retoma tu moto
LD-00757,08-08-2026,WhatsApp,EMP-01,PV-003,Jhon Jairo Arias Arias,3143398692,jhon.arias39@hotmail.com,bello,Dominar 400,No contesta,09/08/2026 23:47,Retoma tu moto
LD-00758,19/08/2026 22:51,WhatsApp,EMP-01,PV-001,  Jhon Jairo Restrepo Ospina  ,3510143318,jhon.restrepo95@hotmail.com,Medellín,Suzuki,sin gestion,,Feria de Motos 2026
LD-00759,2026-09-04T00:03:00,Meta Ads,EMP-03,PV-011,Nelson Rodríguez Castaño,3120324065,nelson.rodriguez14@outlook.com,BOGOTA,BAJAJ DISCOVER 125,En proceso,,
LD-00760,2026-09-01T03:54:00,WhatsApp,EMP-02,PV-006,  Freddy Herrera Bedoya  ,3205827190,freddy.herrera36@hotmail.com,B/quilla,,En proceso,09/01/2026 05:54,Agosto Cero Cuotas
LD-00761,2026-09-07 01:56:00,WhatsApp,EMP-03,PV-014,Adriana Salazar Rodríguez,321-079-3506,adriana.salazar57@hotmail.com,Bogotá,HONDA XR 150L,Descartado,,Remate Modelos 2025
LD-00762,09/06/2026 13:32,WhatsApp,EMP-01,PV-005,Nelson Castaño Pérez,3051782293,nelson.castano20@yahoo.es,Medellin,TTR 200,Cotización enviada,09/07/2026 13:32,
LD-00763,2026-08-17 06:25:00,Meta Ads,EMP-01,PV-003,Adriana Rodríguez Vargas,3059920816,adriana.rodriguez39@hotmail.com,Bello,Hero,Contactado,,Agosto Cero Cuotas
LD-00764,2026-08-06T01:11:00,WhatsApp,EMP-01,PV-005,Luisa Quintero Giraldo,3015409384,luisa.quintero47@hotmail.com,,Hero Xpulse 200,Descartado,2026-08-06 05:11:00,
LD-00765,08/20/2026 16:30,WhatsApp,EMP-03,PV-011,Vanessa Pérez Castaño,+57 320 3215784,vanessa.perez54@gmail.com,Bogota DC,Honda CB 190R,contactado,2026-08-21 16:30:00,Feria de Motos 2026
LD-00766,07/09/2026 12:52,WhatsApp,EMP-03,PV-013,Erika Jiménez Agudelo,3227874706,,Bogota,AKT EVO RS 150,Cotización enviada,2026-09-07 14:52:00,
LD-00767,03-09-2026,WhatsApp,EMP-03,PV-013,Claudia Patricia Quintero Vargas,311-529-1155,,Bogotá,Honda,Contactado,2026-09-05 07:14:00,
LD-00768,2026-09-05 17:05:00,WhatsApp,EMP-03,PV-012,Wilmar Giraldo Salazar,(317) 041-7915,wilmar.giraldo37@outlook.com,Bogotá D.C.,Hero Eco Deluxe 100,En proceso,05/09/2026 19:05,Prima Extra
LD-00769,30/08/2026 19:25,Formulario Web,EMP-01,PV-003,C. Vargas Correa,3149634001,,BELLO,Bajaj Pulsar NS 160 2026,sin gestion,,Agosto Cero Cuotas
LD-00770,28/08/2026 17:19,WhatsApp,EMP-01,PV-004,Alexander Castaño Muñoz, 3159484997 ,,Rionegro,Honda XRE 300 2026,Cotización enviada,2026-08-28 18:19:00,Retoma tu moto
LD-00771,2026-08-09 15:50:00,Meta Ads,EMP-02,PV-010,Estefanía Herrera Zapata,314 518 5948,estefania.herrera70@outlook.com,MONTERIA,Suzuki V-Strom 250,Contactado,08/10/2026 03:50,
LD-00772,2026-08-26T02:01:00,Meta Ads,EMP-02,PV-006,Kevin Mosquera Marín,304 650 6152,,barranquilla,Honda  XR 150L,En proceso,26-08-2026,
LD-00773,30-08-2026,Formulario Web,EMP-02,PV-006,Sebastián Muñoz Gómez, 3170538251 ,,Barranquilla,,Contactado,2026-08-31T01:07:00,Feria de Motos 2026
LD-00774,27-08-2026,WhatsApp,EMP-03,PV-011,Édinson Arias Franco,310 218 9113,edinson.arias36@outlook.com,Bogota,Hero Dash,No contesta,28-08-2026,Prima Extra
LD-00775,2026-08-21T16:24:00,WhatsApp,EMP-03,PV-012,Leidy Johana Franco Arias,(315) 149-8889,leidy.franco77@outlook.com,Bogota,akt ttr 200,sin gestion,,
LD-00776,2026-08-08T21:31:00,WhatsApp,EMP-03,PV-012,LILIANA PÉREZ RODRÍGUEZ,+57 320 6046478,liliana.perez72@yahoo.es,,akt dynamic r3 125,sin gestion,,
LD-00777,19/08/2026 11:38,Meta Ads,EMP-02,PV-009,Angie Paola Herrera Valencia, 3139539977 ,,Santa Marta,AKT TTR 200 2026,Sin gestión,,Agosto Cero Cuotas
LD-00778,04/08/2026 12:50,WhatsApp,EMP-01,PV-005,Julián Osorio Giraldo,+57 317 0115119,julian.osorio46@hotmail.com,Medellin,AKT Dynamic,Contactado,04-08-2026,Agosto Cero Cuotas
LD-00779,08/29/2026 04:48,WhatsApp,EMP-03,PV-011,Julián Muñoz Salazar,3211314168,julian.munoz11@gmail.com,Bogota,BAJAJ BOXER CT 100,no contesta,2026-08-29T10:48:00,Agosto Cero Cuotas
LD-00780,15-08-2026,Meta Ads,EMP-01,PV-002,Adriana Osorio Torres,3128183051,adriana.osorio25@outlook.com,Itagui,Bajaj,Sin gestión,,
LD-00781,05-09-2026,Formulario Web,EMP-01,PV-003,KATHERINE RAMÍREZ AGUDELO,3507400452,katherine.ramirez84@outlook.com,BELLO,Bajaj Dominar 400 2026,Sin gestión,,Feria de Motos 2026
LD-00782,2026-08-28T04:59:00,Meta Ads,EMP-02,PV-006,Natalia Torres Betancur,320 025 0429,natalia.torres11@outlook.com,Barranquilla,AKT,Sin gestión,,
LD-00783,07/08/2026 20:23,Formulario Web,EMP-01,PV-002,Luisa Restrepo Londoño,313 417 4574,,Itagüí,Honda CB 190R,Contactado,2026-08-08T00:23:00,Remate Modelos 2025
LD-00784,2026-08-21 16:17:00,WhatsApp,EMP-03,PV-014,Estefanía Gómez Valencia,+57 300 7639828,,Bogota DC,honda xr 150l,Descartado,2026-08-24T16:17:00,Remate Modelos 2025
LD-00785,12/08/2026 06:20,meta ads,EMP-01,PV-002,FREDDY ESCOBAR ESCOBAR,312-783-8653,freddy.escobar49@outlook.com,Itagüí,Bajaj Boxer CT 100,No contesta,12/08/2026 18:20,
LD-00786,12/08/2026 10:08,Formulario Web,EMP-03,PV-012,Liliana Bedoya Franco,573139377682,,BOGOTA,HONDA XRE 300,Descartado,12-08-2026,Feria de Motos 2026
LD-00787,2026-09-04 21:13:00,WhatsApp,EMP-03,PV-013,  Jhon Jairo Arias Arias  ,+57 314 3398692,jhon.arias30@yahoo.es,Bogota,akt dynamic r3 125,Sin gestión,,Remate Modelos 2025
LD-00788,09/08/2026 09:06,WhatsApp,EMP-01,PV-002,Yesenia Arias Restrepo, 3228094847 ,yesenia.arias58@outlook.com,Itagui,AKT  NKD 125,Descartado,09/08/2026 11:06,
LD-00789,2026-08-18 07:21:00,Meta Ads,EMP-03,PV-014,JUAN CARLOS CASTAÑO OSORIO,311 024 7003,,,Suzuki V-Strom 250,Contactado,08/18/2026 13:21,Remate Modelos 2025
LD-00790,2026-08-19 23:28:00,Formulario Web,EMP-03,PV-013,Liliana Hernández Londoño,+57 313 4444770,,Bogota,AKT Evo RS 150 2026,Cotización enviada,20-08-2026,Retoma tu moto
LD-00791,2026-08-17 05:26:00,Meta Ads,EMP-02,PV-006,Freddy Valencia Correa,3210077976,freddy.valencia66@yahoo.es,B/quilla,,Cotización enviada,,Agosto Cero Cuotas
LD-00792,09/09/2026 10:45,WhatsApp,EMP-02,PV-008,  Luisa Jiménez Hernández  ,3127187390,luisa.jimenez82@gmail.com,Cartagena de Indias,honda xre 300,Cotización enviada,09/11/2026 10:45,Remate Modelos 2025
LD-00793,13/08/2026 07:43,WhatsApp,EMP-02,PV-006,DUVÁN GÓMEZ MARÍN,3161979504,,B/quilla,honda xre 300,Cotización enviada,2026-08-14T07:43:00,Agosto Cero Cuotas
LD-00794,02/08/2026 02:28,META ADS,EMP-03,PV-013,  Luisa Agudelo Herrera  ,313-031-2521,luisa.agudelo10@yahoo.es,,BAJAJ DISCOVER 125,Contactado,08/03/2026 08:28,Prima Extra
LD-00795,2026-08-08 06:51:00,whatsapp,EMP-02,PV-010,Liliana Valencia Mosquera,320-652-9363,,Monteria,Suzuki GN 125 2026,Cotización enviada,08/08/2026 07:51,
LD-00796,05/08/2026 13:11,whatsapp,EMP-01,PV-003,Marcela Restrepo Restrepo,3231332160,marcela.restrepo56@yahoo.es,bello,bajaj pulsar ns 160,contactado,06-08-2026,Prima Extra
LD-00797,12-08-2026,WhatsApp,EMP-03,PV-015,FABIÁN MOSQUERA AGUDELO,318-342-0203,,Soacha,Honda Dio 110,Cotización enviada,12/08/2026 06:19,
LD-00798,2026-08-28 00:48:00,Meta Ads,EMP-02,PV-010,Angie Paola Gómez Ospina, 3506059192 ,,Monteria,Honda Dio,contactado,2026-08-28T06:48:00,Retoma tu moto
LD-00799,2026-08-22 15:32:00,Meta Ads,EMP-02,PV-006,Yesenia Cardona Bedoya,+57 313 8517688,,barranquilla,AKT,Sin gestión,,Agosto Cero Cuotas
LD-00800,31/08/2026 13:56,meta ads,EMP-03,PV-012,WILMAR FRANCO GÓMEZ,(302) 621-2106,,Bogota DC,Bajaj Pulsar RS 200,Contactado,09/01/2026 19:56,Retoma tu moto
LD-00801,2026-08-13T01:02:00,WhatsApp,EMP-03,PV-013,Liliana Vargas Londoño,3124362520,,Bogota,,Descartado,13-08-2026,Remate Modelos 2025
LD-00802,2026-09-04 13:25:00,WhatsApp,EMP-03,PV-011,Freddy Pérez Mosquera,+57 310 8454435,,BOGOTA,,No contesta,05-09-2026,Retoma tu moto
LD-00803,2026-08-04 13:51:00,Formulario Web,EMP-01,PV-002,  Duván Marín Jiménez  ,304 623 6808,duvan.marin44@hotmail.com,Itagüí,hero hunk 160r,Contactado,04/08/2026 19:51,
LD-00804,10-08-2026,WhatsApp,EMP-02,PV-010,SANDRA MILENA MOSQUERA RODRÍGUEZ,3173581705,sandra.mosquera33@yahoo.es,MONTERIA,AKT,En proceso,13-08-2026,
LD-00805,2026-08-13T00:06:00,WhatsApp,EMP-02,PV-009,JORGE IVÁN VALENCIA HERRERA,3000254108,jorge.valencia95@gmail.com,SANTA MARTA,Bajaj Boxer CT 100,En proceso,2026-08-13T04:06:00,Remate Modelos 2025
LD-00806,28-08-2026,Meta Ads,EMP-03,PV-013,Estefanía Salazar Londoño,+57 316 3050297,,Bogotá D.C.,Suzuki GN 125 2026,Sin gestión,,Remate Modelos 2025
LD-00807,08/29/2026 11:26,WhatsApp,EMP-01,PV-001,C. Restrepo Muñoz,313-169-8944,camilo.restrepo36@gmail.com,medellin,Pulsar NS 125,Cotización enviada,2026-08-31T11:26:00,Feria de Motos 2026
LD-00808,2026-08-01T19:23:00,META ADS,EMP-02,PV-006,Brayan Herrera Salazar,3138869430,,Barranquilla,honda cb 190r,No contesta,02/08/2026 13:23,Remate Modelos 2025
LD-00809,20-08-2026,Meta Ads,EMP-03,PV-015,Mónica Gómez Vargas,318 604 9728,monica.gomez62@hotmail.com,Soacha,AKT  Evo RS 150,Cotización enviada,21-08-2026,Agosto Cero Cuotas
LD-00810,01-09-2026,WhatsApp,EMP-02,PV-008,Angie Paola Salazar Franco,3011414755,angie.salazar17@hotmail.com,Cartagena,Hero Dash 110,No contesta,2026-09-02 01:49:00,
LD-00811,2026-08-03 17:52:00,WhatsApp,EMP-02,PV-008,  Juan Carlos Escobar Restrepo  ,+57 312 2549184,juan.escobar53@gmail.com,Cartagena de Indias,Suzuki,Descartado,08/07/2026 17:52,
LD-00812,2026-08-17 02:02:00,Meta Ads,EMP-03,PV-014,  Luisa Escobar Betancur  , 3010014717 ,luisa.escobar98@hotmail.com,Bogota,Honda  Dio 110,Contactado,17/08/2026 20:02,Retoma tu moto
LD-00813,2026-08-06T02:09:00,Meta Ads,EMP-01,PV-005,SEBASTIÁN ZAPATA RODRÍGUEZ,573023963064,,medellin,Honda Navi,Sin gestión,,Retoma tu moto
LD-00814,02/08/2026 22:48,WhatsApp,EMP-02,PV-010,Brayan Giraldo Cardona,350 603 5269,brayan.giraldo37@yahoo.es,Montería,AKT DYNAMIC R3 125,Cotización enviada,2026-08-03T04:48:00,
LD-00815,17/08/2026 21:27,WhatsApp,EMP-03,PV-013,ANDRÉS FELIPE ESCOBAR RESTREPO,351 914 7206,,Bogota DC,,Descartado,18/08/2026 21:27,
LD-00816,2026-08-17 12:49:00,Meta Ads,EMP-02,PV-007,  Adriana Betancur Herrera  ,314 958 0452,,Soledad,AKT NKD 125,sin gestion,,Feria de Motos 2026
LD-00817,11/08/2026 20:01,Meta Ads,EMP-01,PV-004,Carlos Mario Marín Gómez,302 631 7258,,Rionegro,Honda,Descartado,2026-08-12T02:01:00,
LD-00818,15/08/2026 10:45,Meta Ads,EMP-01,PV-003,Édinson Hernández Giraldo,351 772 5657,edinson.hernandez40@hotmail.com,BELLO,Hero,Descartado,08/15/2026 14:45,Remate Modelos 2025
LD-00819,2026-08-23 14:01:00,Formulario Web,EMP-01,PV-003,Freddy Jiménez Osorio,3518367009,,bello,AKT,sin gestion,,Retoma tu moto
LD-00820,08/11/2026 03:34,Meta Ads,EMP-03,PV-012,Katherine Valencia Herrera,(323) 275-3031,katherine.valencia3@yahoo.es,BOGOTA,Hero  Eco Deluxe 100,Descartado,08/12/2026 09:34,
LD-00821,2026-08-17 16:06:00,WhatsApp,EMP-02,PV-007,Erika Torres Ramírez,3221759304,erika.torres56@yahoo.es,Soledad,suzuki gn 125,sin gestion,,Prima Extra
LD-00822,2026-08-06T05:29:00,WhatsApp,EMP-03,PV-014,Cristian Herrera Gómez,3158434615,cristian.herrera20@gmail.com,Bogota DC,Honda,Descartado,,Retoma tu moto
LD-00823,2026-08-30 15:05:00,WHATSAPP,EMP-03,PV-015,Andrés Felipe Zapata Zapata, 3210554510 ,,Soacha,TTR 200,Cotización enviada,31/08/2026 21:05,
LD-00824,2026-08-31 16:15:00,WhatsApp,EMP-03,PV-012,WILMAR ZAPATA RODRÍGUEZ,3106774395,,Bogotá,Bajaj Pulsar,En proceso,01-09-2026,Prima Extra
LD-00825,2026-08-26 06:43:00,WhatsApp,EMP-03,PV-014,KATHERINE MOSQUERA MUÑOZ,300-140-2326,katherine.mosquera34@outlook.com,bogotá,V-Strom 250,Sin gestión,,Prima Extra
LD-00826,05/09/2026 06:54,WHATSAPP,EMP-03,PV-013,WILMAR GIRALDO BEDOYA,573183760432,,Bogotá,Bajaj Pulsar RS 200,no contesta,09/05/2026 07:54,
LD-00827,08/07/2026 22:49,WhatsApp,EMP-03,PV-011,  Yesenia Gómez Pérez  ,3054568923,,Bogotá D.C.,hero hunk 160r,no contesta,08-08-2026,Retoma tu moto
LD-00828,30/08/2026 03:58,whatsapp,EMP-02,PV-009,  Juan Carlos Zapata Agudelo  ,(318) 126-3880,,Sta Marta,Bajaj Pulsar NS 160 2026,no contesta,31-08-2026,
LD-00829,14-08-2026,WhatsApp,EMP-02,PV-009,Sebastián Vargas Muñoz,3200082173,sebastian.vargas30@outlook.com,SANTA MARTA,Hero Eco Deluxe 100,En proceso,2026-08-14 13:03:00,Agosto Cero Cuotas
LD-00830,2026-08-22T02:37:00,WhatsApp,EMP-03,PV-014,FABIÁN BEDOYA FRANCO,3221193836,,,,contactado,2026-08-23 08:37:00,
LD-00831,30/08/2026 08:17,WhatsApp,EMP-02,PV-008,DIANA CAROLINA BETANCUR AGUDELO,(313) 946-8698,,Cartagena,Hnda CB 190R,Sin gestión,,
LD-00832,09/05/2026 03:46,Meta Ads,EMP-03,PV-012,Angie Paola Arias Quintero,3234451503,,Bogota,AKT Dynamic R3 125,Cotización enviada,2026-09-05T21:46:00,Prima Extra
LD-00833,15/08/2026 01:56,Meta Ads,EMP-03,PV-012,KEVIN ESCOBAR AGUDELO,3235979245,,bogotá,Honda XRE 300,SIN GESTION,,
LD-00834,2026-08-08 06:36:00,WhatsApp,EMP-03,PV-013,Katherine Franco Restrepo,315-308-5079,,bogotá,AKT Dynamic R3 125 2026,Cotización enviada,2026-08-11T06:36:00,Remate Modelos 2025
LD-00835,08/24/2026 00:10,WhatsApp,EMP-01,PV-002,  Luz Marina Torres Muñoz  ,305-940-7111,,Itagui,Honda Dio 110,sin gestion,,Prima Extra
LD-00836,30-08-2026,Meta Ads,EMP-02,PV-007,Paula Andrea Hernández Bedoya,311 446 1227,paula.hernandez42@yahoo.es,Soledad,Hero Hunk 160R 2026,No contesta,30/08/2026 12:54,Remate Modelos 2025
LD-00837,12/08/2026 06:23,WHATSAPP,EMP-03,PV-015,  Kevin Londoño Pérez  ,3183411847,,Soacha,Hero Xpulse 200,Cotización enviada,2026-08-12T18:23:00,Remate Modelos 2025
LD-00838,17/08/2026 01:13,formulario web,EMP-03,PV-014,Jorge Iván Marín Vargas,+57 317 3201919,,BOGOTA,honda navi,Descartado,08/18/2026 01:13,Remate Modelos 2025
LD-00839,16-08-2026,Meta Ads,EMP-01,PV-004,Leidy Johana Castaño Betancur,(317) 619-1344,leidy.castano31@outlook.com,Rio Negro,Bajaj Dominar 400,sin gestion,,
LD-00840,2026-08-14 23:21:00,WhatsApp,EMP-02,PV-008,Camilo Muñoz Rodríguez,300 264 2870,,Cartagena,BAJAJ PULSAR NS 125,Sin gestión,,
LD-00841,2026-08-21 07:01:00,Formulario Web,EMP-01,PV-005,Vanessa Salazar Mosquera,573177314335,,Medellin,Honda CB 190R,Descartado,23-08-2026,Agosto Cero Cuotas
LD-00842,2026-09-09 19:17:00,WhatsApp,EMP-03,PV-011,JULIÁN HERNÁNDEZ CASTAÑO,573501698461,julian.hernandez36@hotmail.com,Bogota,,Contactado,2026-09-12 19:17:00,
LD-00843,2026-09-07 19:27:00,WhatsApp,EMP-03,PV-011,  Erika Castaño Marín  ,(318) 619-9917,,Bogotá,Hnda XRE 300,En proceso,08/09/2026 07:27,Prima Extra
LD-00844,19/08/2026 17:44,WhatsApp,EMP-01,PV-004,SEBASTIÁN RAMÍREZ ARIAS,3045762258,sebastian.ramirez82@outlook.com,RIONEGRO,honda xre 300,Contactado,19/08/2026 19:44,Remate Modelos 2025
LD-00845,2026-08-09 09:41:00,WhatsApp,EMP-02,PV-009,  Yuliana Londoño Muñoz  ,3517875802,yuliana.londono33@yahoo.es,,AKT,En proceso,08/09/2026 11:41,Retoma tu moto
LD-00846,2026-08-14 10:40:00,WhatsApp,EMP-01,PV-003,Fabián Osorio Giraldo,312 291 1665,fabian.osorio35@hotmail.com,BELLO,Honda CB 125F Twister,Descartado,2026-08-14 11:40:00,Retoma tu moto
LD-00847,19-08-2026,WhatsApp,EMP-03,PV-011,Édinson Cardona Ramírez,313-741-1537,,Bogota DC,,Descartado,2026-08-20 12:51:00,
LD-00848,09-08-2026,WhatsApp,EMP-02,PV-007,Erika Zapata Franco,3504961191,erika.zapata87@yahoo.es,Soledad,Bajaj Pulsar RS 200,Cotización enviada,2026-08-11T15:18:00,Retoma tu moto
LD-00849,03-08-2026,WHATSAPP,EMP-01,PV-001,Angie Paola Ospina Ospina,(305) 370-4419,,medellin,Bajaj Boxer CT 100,Sin gestión,,Remate Modelos 2025
LD-00850,2026-08-11 23:47:00,WhatsApp,EMP-03,PV-014,Natalia Torres Ramírez,3511956108,,bogotá,AKT Dynamic R3 125,Contactado,14-08-2026,
LD-00851,15/08/2026 13:42,WhatsApp,EMP-02,PV-008,Duván Salazar Valencia,323-755-4062,,Cartagena,honda xre 300,Contactado,,Prima Extra
LD-00852,2026-08-07 19:51:00,Formulario Web,EMP-01,PV-003,Brayan Torres Mosquera,3004889437,brayan.torres19@gmail.com,BELLO,AKT Evo RS 150 2026,En proceso,2026-08-09T19:51:00,
LD-00853,2026-08-24 16:57:00,WhatsApp,EMP-03,PV-013,Jhon Jairo Salazar Agudelo,573239784332,,Bogota,Xpulse 200,sin gestion,,Agosto Cero Cuotas
LD-00854,06/09/2026 08:02,WHATSAPP,EMP-02,PV-007,Édinson Jiménez Bedoya,3115708479,edinson.jimenez19@yahoo.es,SOLEDAD,SUZUKI GIXXER 150,Cotización enviada,09/06/2026 14:02,Agosto Cero Cuotas
LD-00855,2026-08-18 16:53:00,WhatsApp,EMP-02,PV-009,Alexander Rodríguez,3130651448,,Santa Marta,BAJAJ DISCOVER 125,Sin gestión,,Feria de Motos 2026
LD-00856,2026-08-07 12:58:00,Formulario Web,EMP-01,PV-004,  María Fernanda Ospina Correa  ,305-681-7572,,RIONEGRO,Hero Hunk 160R 2026,Sin gestión,,
LD-00857,27-08-2026,WHATSAPP,EMP-02,PV-010,Julián Valencia Jiménez,(300) 105-3654,julian.valencia93@outlook.com,MONTERIA,,En proceso,27-08-2026,Feria de Motos 2026
LD-00858,22/08/2026 21:55,WhatsApp,EMP-03,PV-012,Paula Andrea Castaño Pérez,300 066 8089,paula.castano15@hotmail.com,Bogotá D.C.,Hero Hunk 160R,Contactado,08/22/2026 22:55,Remate Modelos 2025
LD-00859,30-08-2026,WhatsApp,EMP-01,PV-005,JHON JAIRO RODRÍGUEZ LONDOÑO,323 211 9696,jhon.rodriguez24@outlook.com,,Bajai Discover 125,Contactado,2026-08-30T17:46:00,Retoma tu moto
LD-00860,2026-08-19 02:51:00,Meta Ads,EMP-02,PV-006,Liliana Betancur Restrepo,3051224727,,barranquilla,AKT Dynamic R3 125,Contactado,2026-08-19 04:51:00,Remate Modelos 2025
LD-00861,2026-08-28 15:22:00,WhatsApp,EMP-01,PV-004,Carlos Mario Betancur Giraldo,311 638 0980,carlos.betancur17@hotmail.com,Rio Negro,Bajaj Boxer CT 100,Contactado,2026-08-28T21:22:00,Feria de Motos 2026
LD-00862,2026-08-11 15:58:00,WhatsApp,EMP-02,PV-009,  Erika Restrepo Valencia  ,3146560190,,SANTA MARTA,BAJAJ DISCOVER 125,Sin gestión,,Remate Modelos 2025
LD-00863,09-08-2026,WhatsApp,EMP-03,PV-015,Nelson Torres Quintero,311-016-6293,nelson.torres10@gmail.com,SOACHA,Bajai Dominar 400,no contesta,2026-08-10 18:19:00,Agosto Cero Cuotas
LD-00864,2026-08-10 16:22:00,WhatsApp,EMP-01,PV-003,Óscar David Torres Giraldo, 3508524363 ,,bello,,Sin gestión,,Remate Modelos 2025
LD-00865,04/09/2026 12:45,WhatsApp,EMP-03,PV-012,María Fernanda Franco Jiménez,573137421361,,Bogotá D.C.,Honda CB 190R,Sin gestión,,
LD-00866,2026-09-02 23:05:00,FORMULARIO WEB,EMP-02,PV-008,Diana Carolina Rodríguez Cardona,3134127538,,Cartagena de Indias,Hnda CB 125F Twister,Descartado,09/04/2026 05:05,Agosto Cero Cuotas
LD-00867,2026-08-02 09:52:00,Meta Ads,EMP-01,PV-002,WILMAR CORREA GIRALDO,3219741159,,Itagüí,Bajaj Pulsar RS 200 2026,No contesta,02-08-2026,Feria de Motos 2026
LD-00868,2026-08-16 12:22:00,Meta Ads,EMP-03,PV-013,Sebastián Quintero Franco,3226706648,sebastian.quintero93@yahoo.es,bogotá,Honda  XR 150L,En proceso,19/08/2026 12:22,Agosto Cero Cuotas
LD-00869,2026-09-04 05:11:00,WhatsApp,EMP-03,PV-014,Sandra Milena Osorio Londoño,+57 313 7014305,sandra.osorio67@hotmail.com,Bogotá,AKT TTR,Sin gestión,,Feria de Motos 2026
LD-00870,2026-09-09 08:43:00,Meta Ads,EMP-03,PV-014,CARLOS MARIO MARÍN BEDOYA, 3117028097 ,carlos.marin61@outlook.com,Bogota DC,Hero Eco Deluxe 100,No contesta,,Remate Modelos 2025
LD-00871,29/08/2026 22:27,WHATSAPP,EMP-01,PV-002,Héctor Cardona Gómez,317 767 3628,hector.cardona69@hotmail.com,ITAGUI,Hero Hunk 160R 2026,Contactado,2026-08-31 22:27:00,Retoma tu moto
LD-00872,2026-08-04 03:54:00,Meta Ads,EMP-02,PV-007,FABIÁN BETANCUR AGUDELO,+57 323 9843524,fabian.betancur51@hotmail.com,SOLEDAD,bajaj pulsar ns 160,Contactado,07/08/2026 03:54,
LD-00873,24/08/2026 16:57,WhatsApp,EMP-03,PV-011,  Jhon Jairo Franco Castaño  ,+57 313 2946343,jhon.franco13@gmail.com,Bogota DC,Hero Hunk 160R,Sin gestión,,Retoma tu moto
LD-00874,2026-09-07 23:25:00,meta ads,EMP-03,PV-015,  Juan Carlos Londoño Ospina  ,320 781 0104,,SOACHA,HONDA CB 125F TWISTER,Sin gestión,,
LD-00875,2026-09-07 01:53:00,Meta Ads,EMP-01,PV-001,  Liliana Pérez Franco  ,3142284641,,Medellin,Hero,No contesta,07-09-2026,Remate Modelos 2025
LD-00876,2026-09-03 12:51:00,WhatsApp,EMP-03,PV-014,LUZ MARINA AGUDELO FRANCO,3123917356,,Bogotá,SUZUKI BEST 125,sin gestion,,Feria de Motos 2026
LD-00877,2026-09-08 18:22:00,whatsapp,EMP-02,PV-006,  Julián Torres Arias  ,305 741 6222,,BARRANQUILLA,BAJAJ PULSAR NS 125,Sin gestión,,Feria de Motos 2026
LD-00878,02-08-2026,WhatsApp,EMP-02,PV-009,nelson marin castano,573052381002,nelson.marin40@gmail.com,Santa Marta,AKT  NKD 125,Sin gestión,,Feria de Motos 2026
LD-00879,31-08-2026,Meta Ads,EMP-01,PV-001,  Marcela Quintero Ramírez  ,351 803 5385,marcela.quintero19@outlook.com,Medellín ,AKT Dynamic R3 125,no contesta,2026-08-31T20:34:00,Retoma tu moto
LD-00880,2026-09-09 22:58:00,META ADS,EMP-02,PV-006,Yesenia Betancur Castaño,(322) 530-9908,yesenia.betancur53@outlook.com,barranquilla,AKT TTR 200,Sin gestión,,Agosto Cero Cuotas
LD-00881,2026-08-10 01:27:00,META ADS,EMP-02,PV-010,  Claudia Patricia Salazar Castaño  , 3515370428 ,,Montería,Hero  Xpulse 200,Cotización enviada,13-08-2026,Feria de Motos 2026
LD-00882,2026-08-06T06:08:00,WhatsApp,EMP-02,PV-010,  Fabián Agudelo Ramírez  ,322 092 4680,fabian.agudelo76@hotmail.com,Montería,Honda CB 190R 2026,Cotización enviada,2026-08-10T06:08:00,Feria de Motos 2026
LD-00883,08-09-2026,whatsapp,EMP-01,PV-001,NATALIA CASTAÑO ARIAS,+57 321 5354048,natalia.castano35@hotmail.com,MEDELLIN,,Cotización enviada,08/09/2026 22:50,
LD-00884,2026-08-09T08:35:00,WhatsApp,EMP-03,PV-014,Yesenia Restrepo Herrera,3054039154,,bogotá,Bajaj Boxer CT 100,En proceso,2026-08-12T08:35:00,Remate Modelos 2025
LD-00885,19/08/2026 18:22,WhatsApp,EMP-03,PV-014,Kevin Muñoz Rodríguez, 3172744678 ,,BOGOTA,A.K.T TTR 200,contactado,2026-08-22T18:22:00,Agosto Cero Cuotas
LD-00886,2026-08-15 05:49:00,Meta Ads,EMP-01,PV-002,Yesenia Pérez Quintero,+57 312 0424333,,ITAGUI,Honda Dio 110,Descartado,2026-08-15 06:49:00,Prima Extra
LD-00887,2026-08-28 16:48:00,Meta Ads,EMP-03,PV-015,  Yesenia Agudelo Salazar  ,301 854 5456,,Soacha,Honda XR 150L,Sin gestión,,Retoma tu moto
LD-00888,2026-08-29T11:01:00,Formulario Web,EMP-02,PV-008,Freddy Valencia Escobar,3213679773,freddy.valencia14@hotmail.com,Cartagena,suzuki best 125,Contactado,,Feria de Motos 2026
LD-00889,08/24/2026 19:49,WhatsApp,EMP-03,PV-015,Adriana Quintero Valencia,573164147640,,SOACHA,Hero Hunk 160R,No contesta,08/24/2026 21:49,Retoma tu moto
LD-00890,2026-09-03 09:51:00,WhatsApp,EMP-02,PV-008,sebastian quintero gomez,3169663345,sebastian.quintero86@hotmail.com,CARTAGENA,Honda,SIN GESTION,,Agosto Cero Cuotas
LD-00891,28/08/2026 13:56,WhatsApp,EMP-02,PV-010,  Yesenia Salazar Cardona  ,3153520341,yesenia.salazar33@gmail.com,Monteria,Hero Hunk 160R,Descartado,29/08/2026 01:56,
LD-00892,2026-08-24 09:28:00,WhatsApp,EMP-01,PV-004,Kevin Londoño Valencia,3173905909,,Rionegro,Bajaj Pulsar NS 125,En proceso,2026-08-28 09:28:00,Feria de Motos 2026
LD-00893,08/09/2026 05:28,whatsapp,EMP-01,PV-004,Kevin Pérez Muñoz,320-061-0087,kevin.perez56@gmail.com,Rio Negro,Hero,Cotización enviada,2026-09-12 05:28:00,Agosto Cero Cuotas
LD-00894,2026-08-08T14:24:00,WhatsApp,EMP-03,PV-014,Adriana Zapata Rodríguez,300 774 8537,,bogotá,Hero Dash 110,No contesta,08/08/2026 15:24,
LD-00895,2026-09-06T00:36:00,Meta Ads,EMP-02,PV-007,Liliana Correa Londoño,302 441 7097,liliana.correa6@gmail.com,Soledad,Honda  XRE 300,En proceso,2026-09-07 06:36:00,Feria de Motos 2026
LD-00896,2026-08-17 02:17:00,Meta Ads,EMP-01,PV-004,Natalia Bedoya Castaño,573201822239,natalia.bedoya50@yahoo.es,Rionegro,Bajaj Pulsar NS 125 2026,No contesta,08/17/2026 08:17,Agosto Cero Cuotas
LD-00897,2026-08-22 08:09:00,WhatsApp,EMP-01,PV-001,WILMAR SALAZAR HERRERA,3121972329,,Medellin,AKT Evo,Sin gestión,,
LD-00898,18/08/2026 04:29,WhatsApp,EMP-02,PV-010,  Brayan Rodríguez Herrera  ,3159898526,brayan.rodriguez3@outlook.com,MONTERIA,AKT NKD 125,Descartado,08/20/2026 04:29,Retoma tu moto
LD-00899,2026-09-07 23:45:00,meta ads,EMP-03,PV-014,Juan Carlos Castaño Jiménez,3132156742,juan.castano47@outlook.com,Bogota,bajaj discover 125,Cotización enviada,08/09/2026 17:45,Retoma tu moto
LD-00900,02-08-2026,WhatsApp,EMP-03,PV-012,Alexander Agudelo Restrepo,3018924548,alexander.agudelo72@gmail.com,Bogota DC,AKT NKD 125,No contesta,2026-08-02 10:54:00,Prima Extra
LD-00901,06/08/2026 19:04,Meta Ads,EMP-02,PV-008,NATALIA BEDOYA RESTREPO,312-476-3375,natalia.bedoya99@hotmail.com,CARTAGENA,A.K.T Evo RS 150,Descartado,2026-08-06 21:04:00,Remate Modelos 2025
LD-00902,08/29/2026 04:45,WhatsApp,EMP-03,PV-014,Vanessa Valencia Castaño,3180441932,vanessa.valencia26@yahoo.es,BOGOTA,Suzuki  GN 125,Cotización enviada,2026-08-29 22:45:00,Retoma tu moto
LD-00903,2026-08-22T02:37:00,WhatsApp,EMP-02,PV-008,Wilmar Osorio Pérez,+57 313 3606722,wilmar.osorio68@hotmail.com,,Suzuki GN 125,Cotización enviada,22-08-2026,Prima Extra
LD-00904,2026-08-19 01:39:00,WhatsApp,EMP-01,PV-004,Angie Paola Betancur Castaño,3209070665,angie.betancur2@gmail.com,Rio Negro,honda cb 125f twister,Descartado,08/19/2026 13:39,
LD-00905,2026-08-13 08:32:00,WHATSAPP,EMP-01,PV-002,Wilmar Vargas Bedoya,3228490555,wilmar.vargas80@outlook.com,Itagui,Honda XRE 300,Contactado,17/08/2026 08:32,Retoma tu moto
LD-00906,19/08/2026 17:40,Formulario Web,EMP-01,PV-003,  Claudia Patricia Marín Muñoz  ,(322) 315-6416,claudia.marin43@yahoo.es,bello,Dominar 400,Contactado,2026-08-22 17:40:00,
LD-00907,08/14/2026 22:23,Meta Ads,EMP-01,PV-004,cristian castano giraldo,3104983766,,Rio Negro,hero xpulse 200,no contesta,2026-08-15T04:23:00,Agosto Cero Cuotas
LD-00908,10/08/2026 19:51,whatsapp,EMP-03,PV-012,Marcela Arias Franco,573212774009,marcela.arias85@hotmail.com,Bogota DC,SUZUKI GN 125,Cotización enviada,08/12/2026 01:51,Prima Extra
LD-00909,09-09-2026,Meta Ads,EMP-01,PV-003,SEBASTIÁN FRANCO HERNÁNDEZ,311-202-2983,,Bello,Bajaj Discover 125,No contesta,,Agosto Cero Cuotas
LD-00910,2026-08-01 21:56:00,whatsapp,EMP-03,PV-014,JHON JAIRO HERRERA HERNÁNDEZ,3201384327,jhon.herrera80@yahoo.es,bogotá,Honda CB 125F Twister,En proceso,03/08/2026 21:56,Agosto Cero Cuotas
LD-00911,11-08-2026,WhatsApp,EMP-01,PV-002,Héctor Torres Agudelo, 3050804820 ,hector.torres94@gmail.com,Itagüí,Bajaj,Sin gestión,,Feria de Motos 2026
LD-00912,2026-08-10 04:39:00,Meta Ads,EMP-02,PV-007,Katherine Herrera Ramírez,311-321-6369,katherine.herrera38@gmail.com,Soledad,Hero Eco Deluxe 100,No contesta,11-08-2026,Prima Extra
LD-00913,2026-09-04T15:19:00,Formulario Web,EMP-03,PV-013,CLAUDIA PATRICIA AGUDELO HERRERA,3046919005,claudia.agudelo2@yahoo.es,Bogotá,Honda XR 150L 2026,Contactado,05/09/2026 09:19,Remate Modelos 2025
LD-00914,02/09/2026 03:24,whatsapp,EMP-02,PV-010,Julián Rodríguez Ospina,+57 302 4950438,,Montería,Hnda XRE 300,contactado,06-09-2026,
LD-00915,26-08-2026,FORMULARIO WEB,EMP-03,PV-011,Juan Carlos Pérez Escobar,573122913656,,Bogotá,Hero Xpulse 200,Sin gestión,,
LD-00916,01/08/2026 08:13,Meta Ads,EMP-01,PV-004,Édinson Quintero Giraldo,3512838851,,Rio Negro,Gixxer 150,Descartado,03-08-2026,Remate Modelos 2025
LD-00917,2026-08-23 17:58:00,WhatsApp,EMP-03,PV-013,  Juan Carlos Ospina Bedoya  ,3518031832,juan.ospina7@gmail.com,BOGOTA,BAJAJ PULSAR NS 125,Sin gestión,,
LD-00918,2026-08-22 19:32:00,WhatsApp,EMP-01,PV-001,JULIÁN MARÍN ESCOBAR,573115856503,julian.marin10@gmail.com,,Suzuki Gixxer 150 2026,Sin gestión,,Retoma tu moto
LD-00919,2026-08-25 20:17:00,WHATSAPP,EMP-03,PV-014,Angie Paola Salazar Ospina,3117122631,angie.salazar77@yahoo.es,Bogota,Bajaj Dominar 400,Contactado,26-08-2026,
LD-00920,23/08/2026 18:30,WhatsApp,EMP-01,PV-002,Natalia Zapata,573142060957,,,Dynamic R3 125,Sin gestión,,Feria de Motos 2026
LD-00921,2026-08-25 02:13:00,meta ads,EMP-03,PV-014,Marcela Franco Valencia,320-013-7460,marcela.franco76@hotmail.com,,AKT TTR 200,Cotización enviada,08/26/2026 02:13,Agosto Cero Cuotas
LD-00922,13-08-2026,WhatsApp,EMP-03,PV-011,Carlos Mario Londoño Mosquera,3133291339,,Bogotá,Bajaj Dominar,Descartado,13-08-2026,Retoma tu moto
LD-00923,13/08/2026 19:54,Meta Ads,EMP-03,PV-015,CAMILO HERRERA BEDOYA,(321) 194-2990,,Soacha,HONDA DIO 110,Contactado,08/15/2026 01:54,Feria de Motos 2026
LD-00924,31/08/2026 23:33,Meta Ads,EMP-02,PV-009,Alexander Pérez Quintero,573108585516,alexander.perez89@outlook.com,SANTA MARTA,Bajaj  Dominar 400,no contesta,2026-09-01T03:33:00,Feria de Motos 2026
LD-00925,2026-08-30 00:01:00,meta ads,EMP-01,PV-002,ALEXANDER FRANCO OSPINA, 3517528075 ,alexander.franco66@gmail.com,Itagüí,,Contactado,08/30/2026 01:01,Feria de Motos 2026
LD-00926,03/09/2026 12:40,WhatsApp,EMP-02,PV-009,Estefanía Rodríguez Vargas,3113233371,estefania.rodriguez12@outlook.com,SANTA MARTA,hero hunk 160r,Cotización enviada,07-09-2026,Agosto Cero Cuotas
LD-00927,21-08-2026,WhatsApp,EMP-01,PV-004,Vanessa Marín,3054818688,vanessa.marin95@hotmail.com,Rio Negro,Honda XR 150L 2026,Sin gestión,,
LD-00928,2026-08-02 04:08:00,WhatsApp,EMP-03,PV-011,Estefanía Quintero Valencia,322 971 7150,,Bogotá D.C.,AKT Dynamic,contactado,02-08-2026,Retoma tu moto
LD-00929,2026-08-02 20:32:00,Meta Ads,EMP-01,PV-001,CARLOS MARIO VARGAS HERNÁNDEZ,351 968 8328,,medellin,AKT Dynamic R3 125,Sin gestión,,
LD-00930,08/15/2026 06:03,whatsapp,EMP-02,PV-009,Juan Carlos Restrepo Torres,3136206668,,,suzuki gn 125,En proceso,2026-08-19 06:03:00,
LD-00931,2026-08-12 17:08:00,WhatsApp,EMP-03,PV-012,Édinson Salazar Zapata,3102979164,,Bogotá D.C.,AKT,Cotización enviada,13/08/2026 23:08,
LD-00932,14-08-2026,Meta Ads,EMP-03,PV-015,Estefanía Ramírez Cardona,(322) 837-4267,,Soacha,Honda Navi 2026,Cotización enviada,2026-08-14 21:30:00,Remate Modelos 2025
LD-00933,2026-08-09 17:44:00,WhatsApp,EMP-02,PV-007,angie paola salazar ospina,+57 311 7122631,,Soledad,Honda Navi 2026,En proceso,08/09/2026 23:44,
LD-00934,2026-08-07 11:20:00,Formulario Web,EMP-01,PV-004,Carlos Mario Pérez Giraldo,+57 320 0181513,,RIONEGRO,Honda XR 150L,contactado,2026-08-10 11:20:00,Prima Extra
LD-00935,2026-08-10 18:29:00,WhatsApp,EMP-01,PV-003,Andrés Felipe Restrepo Gómez,+57 321 3391458,,BELLO,Bajaj Discover 125 2026,Descartado,2026-08-12 18:29:00,
LD-00936,2026-08-29T02:14:00,WhatsApp,EMP-02,PV-007,  Fabián Herrera Agudelo  ,(320) 738-2930,,SOLEDAD,Honda XR,Contactado,29-08-2026,Retoma tu moto
LD-00937,2026-09-05 13:01:00,WhatsApp,EMP-03,PV-015,SEBASTIÁN CASTAÑO HERRERA, 3050073889 ,,SOACHA,akt evo rs 150,sin gestion,,Prima Extra
LD-00938,2026-09-06 08:26:00,WhatsApp,EMP-02,PV-010,Brayan Salazar Agudelo,573225927841,brayan.salazar12@outlook.com,Montería,Bajaj Boxer,Contactado,09/09/2026 08:26,Feria de Motos 2026
LD-00939,2026-08-08 15:21:00,Formulario Web,EMP-03,PV-012,  Adriana Salazar Rodríguez  ,3141088922,,Bogotá D.C.,suzuki gixxer 150,Contactado,08/08/2026 16:21,Retoma tu moto
LD-00940,06/08/2026 06:27,Meta Ads,EMP-02,PV-006,  Katherine Gómez Londoño  ,312 783 0137,,B/quilla,Honda CB 125F Twister 2026,No contesta,09-08-2026,
LD-00941,05/08/2026 03:34,Formulario Web,EMP-02,PV-006,Brayan Vargas Restrepo,3153728383,brayan.vargas44@yahoo.es,,Hnda Dio 110,sin gestion,,Remate Modelos 2025
LD-00942,2026-08-21 08:37:00,Meta Ads,EMP-01,PV-002,Paula Andrea Jiménez Marín,3228202509,paula.jimenez66@outlook.com,Itagui,hero hunk 160r,No contesta,2026-08-22T08:37:00,Prima Extra
LD-00943,08/11/2026 07:45,WhatsApp,EMP-02,PV-006,Julián Escobar Ospina,3187677247,,B/quilla,AKT Dynamic R3 125 2026,En proceso,08/11/2026 19:45,
LD-00944,2026-09-03 11:26:00,WhatsApp,EMP-03,PV-012,  Diana Carolina Osorio Escobar  ,310 410 1472,,BOGOTA,suzuki gixxer 150,En proceso,09/03/2026 13:26,Feria de Motos 2026
LD-00945,2026-08-20 05:02:00,WhatsApp,EMP-03,PV-011,Juan Jiménez,3151024673,,Bogotá,hero eco deluxe 100,Contactado,2026-08-22T05:02:00,
LD-00946,2026-08-19 13:51:00,Meta Ads,EMP-02,PV-009,Camilo Bedoya Salazar,+57 350 3123882,,Santa Marta,bajaj pulsar rs 200,Contactado,08/20/2026 01:51,Retoma tu moto
LD-00947,01/09/2026 15:08,WhatsApp,EMP-01,PV-001,Leidy Johana Bedoya Salazar,301-347-8833,leidy.bedoya72@hotmail.com,MEDELLIN,Suzuki GN 125,Contactado,01-09-2026,Retoma tu moto
LD-00948,20-08-2026,Meta Ads,EMP-03,PV-012,  Liliana Osorio Torres  ,(321) 350-3176,liliana.osorio9@hotmail.com,Bogotá D.C.,hero hunk 160r,No contesta,2026-08-21 13:20:00,Feria de Motos 2026
LD-00949,31-08-2026,Meta Ads,EMP-03,PV-015,  Brayan Herrera Pérez  ,(322) 344-6614,brayan.herrera66@yahoo.es,SOACHA,Bajaj Pulsar,Sin gestión,,Feria de Motos 2026
LD-00950,02/09/2026 11:59,Meta Ads,EMP-02,PV-010,Mónica Jiménez Cardona,+57 304 4936340,monica.jimenez53@hotmail.com,Montería,Honda,Sin gestión,,Retoma tu moto
LD-00951,2026-09-08 04:24:00,Meta Ads,EMP-02,PV-007,Adriana Franco Rodríguez,(312) 996-4103,,Soledad,Hero Eco Deluxe 100 2026,sin gestion,,
LD-00952,08/30/2026 11:52,WhatsApp,EMP-01,PV-004,ÓSCAR DAVID RODRÍGUEZ JIMÉNEZ,300-051-1750,oscar.rodriguez68@gmail.com,Rionegro,,Descartado,08/30/2026 12:52,Retoma tu moto
LD-00953,2026-08-10 10:55:00,Meta Ads,EMP-03,PV-013,Vanessa Restrepo Hernández,304 445 5092,vanessa.restrepo31@yahoo.es,bogotá,bajaj boxer ct 100,SIN GESTION,,
LD-00954,11-08-2026,WhatsApp,EMP-03,PV-011,É. Cardona Ospina,3510976361,,Bogota,AKT Evo RS 150 2026,Sin gestión,,Retoma tu moto
LD-00955,2026-09-03 23:25:00,Meta Ads,EMP-02,PV-006,Sandra Milena Muñoz Marín,313 114 2727,,B/quilla,Hnda XR 150L,No contesta,09/04/2026 17:25,Feria de Motos 2026
LD-00956,2026-08-10 19:07:00,Formulario Web,EMP-02,PV-006,Estefanía Marín Valencia,+57 310 0620196,estefania.marin3@outlook.com,,Suzuki Best 125,Cotización enviada,08/11/2026 19:07,
LD-00957,2026-09-07 12:43:00,WHATSAPP,EMP-03,PV-013,Yesenia Ospina Mosquera,3518260910,,Bogota,A.K.T Evo RS 150,Descartado,11-09-2026,Prima Extra
LD-00958,2026-08-06 18:01:00,WhatsApp,EMP-02,PV-009,Jhon Jairo Torres Ospina,305 746 6655,jhon.torres15@hotmail.com,Sta Marta,HERO DASH 110,Sin gestión,,
LD-00959,2026-09-03 05:34:00,Meta Ads,EMP-03,PV-011,Jhon Jairo Ramírez Correa,351 275 3922,,Bogota DC,Bajaj Pulsar NS 125,no contesta,03-09-2026,
LD-00960,26-08-2026,WhatsApp,EMP-02,PV-006,Juan Carlos Herrera Cardona,3236003089,,barranquilla,AKT Dynamic R3 125,sin gestion,,
LD-00961,2026-09-08T19:23:00,Meta Ads,EMP-03,PV-013,Liliana Torres Marín,+57 322 0374817,liliana.torres35@hotmail.com,Bogotá,Suzuki  V-Strom 250,Descartado,,
LD-00962,2026-09-07T10:59:00,Meta Ads,EMP-01,PV-001,  María Fernanda Quintero Betancur  ,+57 351 1424907,maria.quintero88@outlook.com,medellin,Suzuki  V-Strom 250,Descartado,2026-09-07 22:59:00,Feria de Motos 2026
LD-00963,2026-09-08T04:14:00,Meta Ads,EMP-03,PV-014,Camilo Marín,3156484992,,Bogota,Honda,Descartado,2026-09-08T06:14:00,Remate Modelos 2025
LD-00964,2026-09-07T09:39:00,meta ads,EMP-02,PV-007,Duván Zapata Cardona,3161589013,duvan.zapata26@hotmail.com,Soledad,Suzuki  Gixxer 150,no contesta,2026-09-07T11:39:00,
LD-00965,2026-08-16 11:02:00,WhatsApp,EMP-03,PV-013,Alexander Restrepo Castaño,(323) 509-6458,,Bogotá,BAJAJ DOMINAR 400,Contactado,,
LD-00966,2026-08-06T07:14:00,WhatsApp,EMP-02,PV-007,LUISA PÉREZ RAMÍREZ,+57 351 2105265,luisa.perez25@outlook.com,Soledad,Honda XRE 300,Cotización enviada,2026-08-09T07:14:00,Retoma tu moto
LD-00967,2026-09-07 08:46:00,Meta Ads,EMP-03,PV-015,ALEXANDER CORREA JIMÉNEZ,3513136644,alexander.correa6@hotmail.com,Soacha,suzuki gn 125,Contactado,07/09/2026 14:46,
LD-00968,26/08/2026 01:20,WhatsApp,EMP-01,PV-001,María Fernanda Cardona Castaño,3235691722,,Medellin,Honda,Sin gestión,,Feria de Motos 2026
LD-00969,16/08/2026 23:44,WhatsApp,EMP-01,PV-003,Marcela Rodríguez Escobar,573163147749,marcela.rodriguez63@gmail.com,bello,Bajaj Dominar 400,Sin gestión,,Feria de Motos 2026
LD-00970,05-08-2026,WhatsApp,EMP-03,PV-012,Vanessa Marín Gómez,(315) 908-2340,vanessa.marin22@hotmail.com,Bogota DC,hero eco deluxe 100,sin gestion,,Remate Modelos 2025
LD-00971,2026-09-03 03:25:00,whatsapp,EMP-03,PV-013,PAULA ANDREA RODRÍGUEZ GIRALDO,300-602-2797,paula.rodriguez20@outlook.com,bogotá,AKT EVO RS 150,contactado,2026-09-06 03:25:00,Retoma tu moto
LD-00972,2026-08-24 20:02:00,Meta Ads,EMP-01,PV-002,K. Vargas Jiménez,311-892-4494,katherine.vargas71@hotmail.com,Itagüí,HERO XPULSE 200,Sin gestión,,Feria de Motos 2026
LD-00973,2026-08-31 20:47:00,Formulario Web,EMP-03,PV-012,ERIKA GÓMEZ RESTREPO,351-678-7760,erika.gomez96@yahoo.es,,hero dash 110,No contesta,03-09-2026,
LD-00974,2026-08-28 08:28:00,WhatsApp,EMP-01,PV-002,MARÍA FERNANDA ZAPATA GIRALDO,313-956-0344,,Itagui,Bajaj,sin gestion,,Prima Extra
LD-00975,2026-08-14 03:41:00,WhatsApp,EMP-02,PV-006,Luz Marina Jiménez Ospina,3238193020,luz.jimenez60@yahoo.es,BARRANQUILLA,NKD 125,Descartado,2026-08-15T09:41:00,
LD-00976,2026-09-02 23:37:00,whatsapp,EMP-03,PV-012,  Sebastián Valencia Betancur  ,311-972-5919,sebastian.valencia75@gmail.com,Bogota,AKT Evo,No contesta,2026-09-03T03:37:00,
LD-00977,2026-08-12T05:14:00,WHATSAPP,EMP-02,PV-008,Alexander Jiménez Valencia,318 555 8466,alexander.jimenez98@yahoo.es,CARTAGENA,Suzuki V-Strom 250,No contesta,2026-08-12 11:14:00,Agosto Cero Cuotas
LD-00978,2026-08-18T15:35:00,WhatsApp,EMP-02,PV-007,ERIKA BETANCUR CASTAÑO,302-683-4586,,Soledad,Honda  CB 125F Twister,Sin gestión,,Agosto Cero Cuotas
LD-00979,03/09/2026 17:00,WhatsApp,EMP-02,PV-008,Kevin Rodríguez Arias,573112285188,kevin.rodriguez90@hotmail.com,Cartagena de Indias,Hero Eco Deluxe 100 2026,Contactado,2026-09-04T11:00:00,Agosto Cero Cuotas
LD-00980,2026-08-13 10:17:00,Meta Ads,EMP-03,PV-015,Brayan Marín Torres,+57 315 5097749,brayan.marin72@hotmail.com,Soacha,Honda CB 125F Twister 2026,Sin gestión,,Agosto Cero Cuotas
LD-00981,08/09/2026 03:09,WHATSAPP,EMP-02,PV-008,Sandra Milena Ramírez Muñoz,314-609-8469,,CARTAGENA,A.K.T Dynamic R3 125,SIN GESTION,,Prima Extra
LD-00982,03/08/2026 22:54,whatsapp,EMP-03,PV-014,Yesenia Gómez Gómez,305 090 9710,yesenia.gomez21@hotmail.com,bogotá,A.K.T Dynamic R3 125,Cotización enviada,2026-08-06T22:54:00,
LD-00983,08/26/2026 21:42,whatsapp,EMP-03,PV-012,Andrés Felipe Cardona Bedoya,311 937 7000,andres.cardona9@hotmail.com,Bogota DC,Hero Hunk 160R,Contactado,2026-08-27 09:42:00,
LD-00984,2026-08-19T10:05:00,Formulario Web,EMP-01,PV-001,Diana Carolina Zapata Quintero,312 394 6642,diana.zapata33@outlook.com,Medellín,BAJAJ BOXER CT 100,En proceso,22/08/2026 10:05,Agosto Cero Cuotas
LD-00985,10/09/2026 01:22,Formulario Web,EMP-01,PV-004,Erika Mosquera Mosquera,573010497833,erika.mosquera66@hotmail.com,RIONEGRO,Honda XR 150L,Contactado,2026-09-14 01:22:00,Agosto Cero Cuotas
LD-00986,08/04/2026 12:19,Formulario Web,EMP-01,PV-004,FABIÁN FRANCO HERNÁNDEZ, 3189145189 ,,RIONEGRO,Honda  Navi,Sin gestión,,
LD-00987,31/08/2026 17:26,Meta Ads,EMP-02,PV-006,JULIÁN MOSQUERA ZAPATA,3154479475,julian.mosquera62@hotmail.com,barranquilla,,sin gestion,,Remate Modelos 2025
LD-00988,2026-08-18 05:53:00,Formulario Web,EMP-02,PV-006,Liliana Betancur,573051224727,liliana.betancur63@hotmail.com,B/quilla,HONDA NAVI,contactado,21/08/2026 05:53,Agosto Cero Cuotas
LD-00989,05/09/2026 15:42,WhatsApp,EMP-01,PV-005,Cristian Cardona Giraldo, 3008417334 ,cristian.cardona73@outlook.com,MEDELLIN,Hero,sin gestion,,Retoma tu moto
LD-00990,17-08-2026,WhatsApp,EMP-02,PV-006,Nelson Zapata Vargas,+57 316 4027926,,B/quilla,Bajaj Boxer CT 100 2026,Contactado,21/08/2026 20:10,Prima Extra
LD-00991,31-08-2026,whatsapp,EMP-02,PV-009,MARÍA FERNANDA JIMÉNEZ FRANCO,321 371 5574,maria.jimenez96@gmail.com,Sta Marta,HONDA CB 125F TWISTER,Contactado,,Agosto Cero Cuotas
LD-00992,08/19/2026 03:47,WhatsApp,EMP-03,PV-013,VANESSA GÓMEZ VALENCIA,(313) 863-4264,,bogotá,HERO HUNK 160R,Cotización enviada,2026-08-20T03:47:00,
LD-00993,2026-08-24 19:27:00,WhatsApp,EMP-01,PV-002,Camilo Mosquera Valencia,3161854257,camilo.mosquera96@hotmail.com,Itagui,Bajaj Boxer CT 100 2026,Descartado,2026-08-25T19:27:00,Retoma tu moto
LD-00994,11/08/2026 09:54,WhatsApp,EMP-01,PV-003,Erika Franco Franco,573236921604,erika.franco35@yahoo.es,bello,Honda XRE 300,En proceso,15-08-2026,Agosto Cero Cuotas
LD-00995,2026-09-07 13:18:00,Meta Ads,EMP-03,PV-011,NELSON JIMÉNEZ HERNÁNDEZ,315 876 9808,nelson.jimenez89@outlook.com,bogotá,AKT Evo RS 150 2026,SIN GESTION,,Remate Modelos 2025
LD-00996,08/31/2026 15:22,WhatsApp,EMP-03,PV-014,SANDRA MILENA SALAZAR MOSQUERA,3140329132,,BOGOTA,Bajaj,Descartado,03-09-2026,
LD-00997,07/09/2026 22:23,WhatsApp,EMP-02,PV-006,V. Gómez Valencia,3138634264,vanessa.gomez21@yahoo.es,B/quilla,Gixxer 150,Sin gestión,,Prima Extra
LD-00998,18/08/2026 02:51,WhatsApp,EMP-02,PV-009,Leidy Johana Castaño Arias,(350) 069-9238,,SANTA MARTA,,Sin gestión,,Prima Extra
LD-00999,09/04/2026 18:39,META ADS,EMP-02,PV-006,Paula Andrea Agudelo Cardona,323-687-0746,paula.agudelo71@outlook.com,barranquilla,honda xr 150l,sin gestion,,
LD-01000,2026-08-29T15:56:00,WhatsApp,EMP-01,PV-005,KATHERINE RAMÍREZ MUÑOZ,3107174898,,Medellin,suzuki gn 125,Sin gestión,,Agosto Cero Cuotas
LD-01001,04/09/2026 06:19,WhatsApp,EMP-02,PV-008,Luisa Agudelo, 3130312521 ,,Cartagena,Suzuki GN,En proceso,2026-09-05T00:19:00,Agosto Cero Cuotas
LD-01002,02-08-2026,WhatsApp,EMP-03,PV-015,NATALIA MOSQUERA RESTREPO, 3163893482 ,natalia.mosquera34@outlook.com,Soacha,Honda CB 125F Twister,contactado,02-08-2026,
LD-01003,2026-09-06 05:28:00,Meta Ads,EMP-01,PV-001,Katherine Giraldo Torres,3173763315,,MEDELLIN,Bajaj Dominar 400,Cotización enviada,,
LD-01004,2026-08-13 07:21:00,Meta Ads,EMP-02,PV-006,Leidy Johana Herrera Zapata,3170773909,leidy.herrera56@gmail.com,barranquilla,AKT Dynamic R3 125,Contactado,08/15/2026 07:21,Retoma tu moto
LD-01005,09/08/2026 06:50,WhatsApp,EMP-02,PV-008,Luz Marina Rodríguez Zapata,(322) 106-1441,,Cartagena de Indias,Bajaj Discover 125,Contactado,09/08/2026 18:50,Agosto Cero Cuotas
LD-01006,2026-08-10 22:13:00,FORMULARIO WEB,EMP-03,PV-013,NATALIA PÉREZ LONDOÑO,3012842944,natalia.perez62@hotmail.com,bogotá,HERO XPULSE 200,Descartado,2026-08-14 22:13:00,Agosto Cero Cuotas
LD-01007,2026-09-09T19:54:00,formulario web,EMP-03,PV-013,  Estefanía Salazar Franco  ,3024896753,estefania.salazar3@gmail.com,Bogotá,Suzuki V-Strom 250 2026,Cotización enviada,09/09/2026 20:54,Feria de Motos 2026
LD-01008,2026-08-31 19:34:00,WHATSAPP,EMP-02,PV-006,Cristian Agudelo Gómez,3143586472,,BARRANQUILLA,Honda CB 125F Twister,Descartado,2026-09-01T13:34:00,Agosto Cero Cuotas
LD-01009,2026-08-20T23:35:00,Meta Ads,EMP-01,PV-002,  Héctor Cardona Osorio  ,310 731 2079,hector.cardona24@hotmail.com,Itagui,Dash 110,contactado,21/08/2026 23:35,Prima Extra
LD-01010,2026-08-20 15:07:00,WhatsApp,EMP-02,PV-009,  Juan Carlos Valencia Betancur  ,(351) 038-7391,,SANTA MARTA,bajaj discover 125,En proceso,2026-08-21 21:07:00,Prima Extra
LD-01011,2026-08-20 03:01:00,Meta Ads,EMP-02,PV-008,Yuliana Muñoz Valencia,3137247410,yuliana.munoz84@outlook.com,CARTAGENA,,Sin gestión,,Agosto Cero Cuotas
LD-01012,2026-08-06 00:20:00,WHATSAPP,EMP-03,PV-015,Wilmar Restrepo Muñoz,+57 305 8268774,wilmar.restrepo7@gmail.com,SOACHA,Suzuki  Best 125,Contactado,2026-08-10T00:20:00,Feria de Motos 2026
LD-01013,08/29/2026 14:21,WhatsApp,EMP-01,PV-004,FABIÁN TORRES BETANCUR,573001294580,fabian.torres27@gmail.com,Rio Negro,AKT Dynamic R3 125,No contesta,08/30/2026 02:21,Retoma tu moto
LD-01014,07-08-2026,Formulario Web,EMP-02,PV-006,Jorge Iván Vargas Franco,573500237864,,Barranquilla,A.K.T NKD 125,Cotización enviada,,Prima Extra
LD-01015,2026-08-22 00:15:00,Meta Ads,EMP-03,PV-015,SANDRA MILENA MOSQUERA TORRES,3100455444,sandra.mosquera75@hotmail.com,,Suzuki,Descartado,08/22/2026 12:15,Agosto Cero Cuotas
LD-01016,2026-08-20 12:27:00,WhatsApp,EMP-01,PV-004,Freddy Betancur Correa,310-850-5847,freddy.betancur24@hotmail.com,RIONEGRO,Honda XRE 300,En proceso,24-08-2026,Feria de Motos 2026
LD-01017,2026-08-21 21:05:00,Meta Ads,EMP-03,PV-014,  Claudia Patricia Osorio Hernández  ,+57 320 3793985,claudia.osorio51@yahoo.es,bogotá,Hero,Contactado,23-08-2026,Prima Extra
LD-01018,2026-08-08T10:33:00,META ADS,EMP-02,PV-006,Carlos Mario Hernández Pérez,3131927084,carlos.hernandez71@outlook.com,B/quilla,,SIN GESTION,,Remate Modelos 2025
LD-01019,10/09/2026 05:50,FORMULARIO WEB,EMP-02,PV-008,ANDRÉS FELIPE AGUDELO HERRERA,573104368757,andres.agudelo34@hotmail.com,Cartagena de Indias,Honda Dio 110 2026,Sin gestión,,
LD-01020,08-09-2026,WhatsApp,EMP-01,PV-004,Jorge Iván Herrera Pérez,3503044043,jorge.herrera52@outlook.com,Rionegro,,Sin gestión,,
LD-01021,04/09/2026 01:37,WHATSAPP,EMP-01,PV-005,Fabián Muñoz Ospina,573109505387,fabian.munoz27@yahoo.es,Medellin,Hero Eco Deluxe 100,Contactado,,Agosto Cero Cuotas
LD-01022,08/11/2026 16:29,WHATSAPP,EMP-02,PV-009,Óscar David Franco Restrepo,313-714-1712,oscar.franco66@gmail.com,SANTA MARTA,suzuki gn 125,contactado,08/11/2026 20:29,Feria de Motos 2026
LD-01023,2026-08-15 23:39:00,Meta Ads,EMP-02,PV-008,Carlos Mario Pérez Rodríguez,3152214394,,Cartagena de Indias,Bajaj Pulsar NS 160,Contactado,,Feria de Motos 2026
LD-01024,24/08/2026 06:19,WhatsApp,EMP-01,PV-003,MARCELA HERNÁNDEZ OSPINA,318 184 9795,,Bello,HONDA DIO 110,Contactado,25-08-2026,Agosto Cero Cuotas
LD-01025,03-08-2026,Meta Ads,EMP-02,PV-007,BRAYAN BEDOYA ESCOBAR, 3012090676 ,,SOLEDAD,Hero Hunk 160R 2026,sin gestion,,Feria de Motos 2026
LD-01026,19-08-2026,WhatsApp,EMP-03,PV-013,Brayan Salazar Rodríguez,(312) 146-4917,,Bogota,Hero Xpulse 200 2026,sin gestion,,Retoma tu moto
LD-01027,2026-09-02 16:42:00,Meta Ads,EMP-02,PV-007,Angie Paola Correa Londoño,318 874 5611,,SOLEDAD,,Descartado,03/09/2026 16:42,
LD-01028,2026-09-06 10:06:00,WhatsApp,EMP-01,PV-005,Carlos Mario Valencia Agudelo,318 089 7911,,Medellín ,Hero Xpulse 200,sin gestion,,
LD-01029,30/08/2026 06:17,WhatsApp,EMP-03,PV-011,Marcela Castaño Rodríguez,315 828 6220,marcela.castano39@hotmail.com,bogotá,Bajai Pulsar NS 160,No contesta,2026-08-31T06:17:00,
LD-01030,20-08-2026,WhatsApp,EMP-01,PV-003,Carlos Mario Quintero Quintero,3130435166,carlos.quintero55@gmail.com,Bello,Bajaj Pulsar NS 160,Contactado,08/20/2026 21:50,Remate Modelos 2025
LD-01031,2026-08-31T04:58:00,FORMULARIO WEB,EMP-03,PV-015,Cristian Castaño Arias,3145886959,cristian.castano97@yahoo.es,SOACHA,Suzuki Gixxer 150 2026,En proceso,2026-09-03 04:58:00,Feria de Motos 2026
LD-01032,2026-08-26 16:50:00,WhatsApp,EMP-01,PV-003,CARLOS MARIO OSORIO FRANCO,3118844134,carlos.osorio18@yahoo.es,BELLO,Bajaj Dominar,En proceso,2026-08-29 16:50:00,Remate Modelos 2025
LD-01033,08/12/2026 00:21,Meta Ads,EMP-02,PV-009,Óscar David Franco Pérez,3519888773,oscar.franco5@outlook.com,Santa Marta,Hero Dash,Sin gestión,,
LD-01034,2026-08-30 16:10:00,Meta Ads,EMP-01,PV-005,LEIDY JOHANA SALAZAR SALAZAR,351 921 1529,,medellin,honda navi,En proceso,31-08-2026,Prima Extra
LD-01035,2026-08-13T18:55:00,WhatsApp,EMP-01,PV-001,JORGE IVÁN GIRALDO LONDOÑO, 3150927553 ,jorge.giraldo3@gmail.com,Medellín,hero eco deluxe 100,Sin gestión,,
LD-01036,15/08/2026 02:23,WhatsApp,EMP-03,PV-013,Claudia Patricia Escobar Restrepo,(316) 160-5837,,Bogota DC,Suzuki Best 125,sin gestion,,Remate Modelos 2025
LD-01037,06/09/2026 01:39,Formulario Web,EMP-01,PV-003,julian escobar ospina,+57 318 7677247,,Bello,Honda Navi,Contactado,,
LD-01038,22/08/2026 08:44,WhatsApp,EMP-02,PV-006,Paula Andrea Cardona Salazar,3507438357,,BARRANQUILLA,Bajaj,Sin gestión,,
LD-01039,20/08/2026 22:39,Formulario Web,EMP-02,PV-009,Yesenia Herrera Ramírez,+57 311 3196078,,Santa Marta,BAJAJ DOMINAR 400,Contactado,23-08-2026,
LD-01040,2026-08-30 15:55:00,WhatsApp,EMP-01,PV-001,  Leidy Johana Ramírez Salazar  ,3117464269,leidy.ramirez33@gmail.com,Medellín,Honda CB 125F Twister 2026,Descartado,31/08/2026 21:55,
LD-01041,04-09-2026,WhatsApp,EMP-02,PV-007,Angie Paola Torres Londoño,+57 316 9079541,,Soledad,Suzuki GN 125 2026,Cotización enviada,09/04/2026 08:43,Agosto Cero Cuotas
LD-01042,2026-09-05 18:23:00,Formulario Web,EMP-01,PV-005,KATHERINE SALAZAR RESTREPO,573139203239,katherine.salazar64@gmail.com,Medellin,honda xre 300,No contesta,2026-09-05T22:23:00,
LD-01043,09-08-2026,Formulario Web,EMP-02,PV-007,Édinson Escobar Jiménez,320-388-6948,,SOLEDAD,Honda Navi,SIN GESTION,,Prima Extra
LD-01044,2026-08-17 10:02:00,WhatsApp,EMP-03,PV-013,Camilo Arias Zapata,3012255968,,Bogotá D.C.,NKD 125,No contesta,21/08/2026 10:02,Remate Modelos 2025
LD-01045,2026-08-11 01:38:00,Meta Ads,EMP-02,PV-010,Édinson Rodríguez Escobar,3009347463,edinson.rodriguez54@yahoo.es,Monteria,Bajaj Boxer CT 100,Descartado,11-08-2026,Remate Modelos 2025
LD-01046,2026-08-22T06:14:00,WhatsApp,EMP-03,PV-011,Paula Andrea Torres Jiménez,+57 350 2963602,paula.torres70@yahoo.es,Bogotá,Hero Xpulse 200 2026,sin gestion,,
LD-01047,19/08/2026 07:27,Meta Ads,EMP-03,PV-015,HÉCTOR VALENCIA OSPINA, 3214630290 ,,Soacha,hero hunk 160r,no contesta,,Agosto Cero Cuotas
LD-01048,08/13/2026 12:50,whatsapp,EMP-03,PV-014,  Nelson Zapata Vargas  ,3164027926,,BOGOTA,bajaj dominar 400,Contactado,2026-08-13 16:50:00,Agosto Cero Cuotas
LD-01049,2026-09-03 01:46:00,Meta Ads,EMP-03,PV-014,SEBASTIÁN CASTAÑO FRANCO,+57 305 4847039,,BOGOTA,honda cb 190r,Descartado,04/09/2026 01:46,
LD-01050,2026-09-04 06:04:00,Meta Ads,EMP-01,PV-005,Brayan Vargas Zapata,3012292832,brayan.vargas73@yahoo.es,Medellín ,Navi,contactado,2026-09-05T12:04:00,Prima Extra
LD-01051,2026-08-04T07:34:00,WhatsApp,EMP-03,PV-012,Cristian Vargas Agudelo,(302) 759-8699,cristian.vargas39@hotmail.com,bogotá,Bajaj Pulsar,En proceso,2026-08-05T01:34:00,Remate Modelos 2025
LD-01052,06-09-2026,META ADS,EMP-02,PV-008,ERIKA ARIAS PÉREZ,573125751550,erika.arias65@gmail.com,Cartagena,Bajaj Boxer CT 100,Cotización enviada,10-09-2026,Agosto Cero Cuotas
LD-01053,2026-08-22 04:55:00,Meta Ads,EMP-03,PV-015,Luisa Bedoya Castaño,311-160-7710,luisa.bedoya83@gmail.com,Soacha,Suzuki,sin gestion,,Prima Extra
LD-01054,2026-08-03T10:08:00,Meta Ads,EMP-02,PV-009,  Wilmar Osorio Betancur  ,+57 317 8572238,wilmar.osorio57@outlook.com,Sta Marta,Suzuki  Gixxer 150,Contactado,04-08-2026,Retoma tu moto
LD-01055,06-09-2026,WhatsApp,EMP-01,PV-005,Jhon Jairo Hernández Torres,3202393818,jhon.hernandez53@gmail.com,Medellín ,Bajaj Boxer CT 100,no contesta,07-09-2026,Agosto Cero Cuotas
LD-01056,26/08/2026 19:14,Formulario Web,EMP-03,PV-012,  Liliana Cardona Restrepo  , 3109630234 ,liliana.cardona56@hotmail.com,Bogota DC,Bajaj Discover 125,No contesta,2026-08-26T20:14:00,Remate Modelos 2025
LD-01057,03-09-2026,Meta Ads,EMP-02,PV-006,Yuliana Quintero Marín,321 762 7802,yuliana.quintero56@hotmail.com,BARRANQUILLA,HERO XPULSE 200,Descartado,2026-09-03T23:54:00,Prima Extra
LD-01058,08/03/2026 13:44,Meta Ads,EMP-01,PV-002,Luisa Bedoya Pérez,3207479232,luisa.bedoya13@gmail.com,Itagüí,Heroo Xpulse 200,Sin gestión,,Remate Modelos 2025
LD-01059,2026-08-01 12:28:00,Meta Ads,EMP-03,PV-013,LUZ MARINA FRANCO CARDONA, 3205053816 ,luz.franco85@gmail.com,Bogota DC,suzuki v-strom 250,Contactado,2026-08-02T06:28:00,Retoma tu moto
LD-01060,2026-09-05T03:00:00,Formulario Web,EMP-02,PV-007,Leidy Johana Zapata Arias,+57 351 3265046,leidy.zapata40@yahoo.es,SOLEDAD,honda navi,Cotización enviada,06-09-2026,Remate Modelos 2025
LD-01061,02/08/2026 06:06,WhatsApp,EMP-03,PV-013,  Adriana Muñoz Bedoya  , 3109151636 ,,Bogota,AKT Evo RS 150,En proceso,,
LD-01062,2026-09-09T20:34:00,WhatsApp,EMP-03,PV-015,Erika Rodríguez Betancur,(312) 425-1079,,Soacha,AKT  Evo RS 150,Cotización enviada,2026-09-10T02:34:00,
LD-01063,2026-08-08 03:15:00,WhatsApp,EMP-01,PV-003,SANDRA MILENA CARDONA BETANCUR,314-299-2011,sandra.cardona79@hotmail.com,bello,bajaj discover 125,Contactado,08/08/2026 04:15,Remate Modelos 2025
LD-01064,2026-08-03 12:53:00,Meta Ads,EMP-02,PV-010,Freddy Agudelo Cardona,3057641089,freddy.agudelo99@gmail.com,Monteria,AKT Evo RS 150,Cotización enviada,2026-08-03 16:53:00,Retoma tu moto
LD-01065,2026-09-03 15:37:00,META ADS,EMP-03,PV-015,VANESSA TORRES VALENCIA, 3214266477 ,vanessa.torres33@hotmail.com,SOACHA,Suzuki  Best 125,Cotización enviada,2026-09-03 16:37:00,Agosto Cero Cuotas
LD-01066,21-08-2026,WHATSAPP,EMP-01,PV-002,DIANA CAROLINA CORREA HERNÁNDEZ,351-269-8569,,Itagüí,Honda XR,Sin gestión,,
LD-01067,2026-08-17 11:49:00,Formulario Web,EMP-01,PV-002,JUAN CARLOS GIRALDO GIRALDO,321-646-9963,juan.giraldo38@gmail.com,ITAGUI,HONDA NAVI,Contactado,17-08-2026,Remate Modelos 2025
LD-01068,21/08/2026 16:09,WhatsApp,EMP-02,PV-007,Duván Valencia Agudelo,(317) 197-7441,,Soledad,Hero Dash 110 2026,no contesta,,
LD-01069,2026-08-20 08:42:00,Meta Ads,EMP-03,PV-011,NELSON OSPINA ARIAS,+57 311 7200146,nelson.ospina50@outlook.com,Bogota DC,Bajaj Pulsar NS 160,En proceso,2026-08-20T10:42:00,Prima Extra
LD-01070,08/01/2026 07:00,WhatsApp,EMP-01,PV-001,MARCELA MUÑOZ RAMÍREZ,300-890-9773,marcela.munoz33@yahoo.es,Medellin,Hero  Hunk 160R,Contactado,2026-08-04 07:00:00,Remate Modelos 2025
LD-01071,08/20/2026 14:02,whatsapp,EMP-03,PV-011,Paula Andrea Bedoya Cardona,+57 301 9623825,paula.bedoya87@yahoo.es,Bogota,hero xpulse 200,Contactado,2026-08-21 20:02:00,
LD-01072,2026-08-11 03:26:00,FORMULARIO WEB,EMP-03,PV-012,  Julián Osorio Salazar  ,(302) 669-3961,julian.osorio98@gmail.com,Bogotá,akt ttr 200,Sin gestión,,Retoma tu moto
LD-01073,2026-09-07 23:21:00,WhatsApp,EMP-03,PV-015,Katherine Pérez Ospina,(314) 294-4824,,SOACHA,Suzuki  V-Strom 250,sin gestion,,Agosto Cero Cuotas
LD-01074,2026-08-11T09:03:00,WhatsApp,EMP-03,PV-013,Diana Carolina Gómez Franco,3239909764,diana.gomez40@gmail.com,Bogota,Hnda CB 190R,sin gestion,,Retoma tu moto
LD-01075,09/08/2026 01:05,Formulario Web,EMP-02,PV-008,Camilo Muñoz Londoño,(305) 925-3934,,CARTAGENA,Dash 110,no contesta,2026-08-12T01:05:00,
LD-01076,18/08/2026 15:41,Meta Ads,EMP-03,PV-014,  Sandra Milena Restrepo Valencia  ,+57 301 2321117,,Bogota DC,SUZUKI GN 125,Cotización enviada,18-08-2026,Remate Modelos 2025
LD-01077,2026-09-02 07:35:00,Formulario Web,EMP-02,PV-010,Yuliana Cardona Franco,+57 304 6444372,yuliana.cardona86@hotmail.com,Monteria,Navi,No contesta,2026-09-06T07:35:00,Retoma tu moto
LD-01078,2026-09-03 00:42:00,Formulario Web,EMP-01,PV-003,Erika Osorio Escobar,316 829 9364,,,Honda CB 190R,no contesta,09/07/2026 00:42,Remate Modelos 2025
LD-01079,2026-09-09 01:29:00,WhatsApp,EMP-02,PV-008,Alexander Castaño Cardona,3161771872,,Cartagena,AKT,Contactado,09/09/2026 13:29,
LD-01080,2026-09-04 05:27:00,WhatsApp,EMP-01,PV-002,Marcela Agudelo Cardona,3165842976,marcela.agudelo39@gmail.com,Itagui,AKT NKD,Sin gestión,,
LD-01081,2026-08-13 03:33:00,WHATSAPP,EMP-02,PV-008,  Claudia Patricia Ospina Hernández  ,315 931 5236,,Cartagena,honda cb 190r,No contesta,2026-08-13 07:33:00,
LD-01082,2026-09-08 03:44:00,meta ads,EMP-03,PV-015,  Luz Marina Franco Jiménez  ,3163454273,luz.franco69@gmail.com,SOACHA,Bajaj  Boxer CT 100,Sin gestión,,Remate Modelos 2025
LD-01083,22-08-2026,whatsapp,EMP-01,PV-005,Cristian Castaño Jiménez,3137095013,,Medellín ,Hero Xpulse 200 2026,Sin gestión,,Prima Extra
LD-01084,2026-09-02 17:06:00,Meta Ads,EMP-03,PV-012,Sandra Milena Muñoz Franco,304-589-0842,,BOGOTA,Dash 110,En proceso,05-09-2026,Retoma tu moto
LD-01085,27-08-2026,WhatsApp,EMP-01,PV-001,Leidy Johana Castaño Vargas,3025642561,leidy.castano54@gmail.com,Medellín,Honda Navi,no contesta,2026-08-28 10:52:00,Feria de Motos 2026
LD-01086,08/08/2026 10:57,WHATSAPP,EMP-02,PV-008,Liliana Giraldo Londoño,+57 322 5882892,liliana.giraldo46@hotmail.com,Cartagena de Indias,,Descartado,11-08-2026,Feria de Motos 2026
LD-01087,2026-08-15 07:14:00,whatsapp,EMP-02,PV-009,FREDDY OSPINA ESCOBAR,3059122769,freddy.ospina1@hotmail.com,Sta Marta,Honda Dio 110,Contactado,,Feria de Motos 2026
LD-01088,2026-08-05 23:17:00,WhatsApp,EMP-02,PV-008,Marcela Ospina Londoño,+57 310 9888088,marcela.ospina49@yahoo.es,Cartagena de Indias,BAJAJ PULSAR RS 200,Contactado,08/06/2026 23:17,Agosto Cero Cuotas
LD-01089,2026-09-01 00:40:00,WhatsApp,EMP-03,PV-015,Carlos Mario Osorio Betancur,3126021569,,Soacha,,sin gestion,,Retoma tu moto
LD-01090,2026-08-30 03:42:00,Meta Ads,EMP-03,PV-012,Yuliana Vargas Hernández,+57 315 1985971,,Bogotá,Bajaj  Pulsar NS 125,Cotización enviada,08/30/2026 05:42,Agosto Cero Cuotas
LD-01091,08/23/2026 18:49,Formulario Web,EMP-03,PV-014,Yuliana Ramírez Arias,315 518 1010,,BOGOTA,Honda Dio 110 2026,En proceso,08/23/2026 19:49,
LD-01092,09/09/2026 01:40,WhatsApp,EMP-02,PV-007,ANDRÉS FELIPE GIRALDO BEDOYA,3122598373,andres.giraldo28@yahoo.es,Soledad,akt dynamic r3 125,Cotización enviada,09/09/2026 02:40,
LD-01093,2026-08-20T15:34:00,whatsapp,EMP-03,PV-013,BRAYAN MUÑOZ CASTAÑO,3225067636,brayan.munoz99@yahoo.es,Bogotá,Honda XR 150L,Contactado,2026-08-21T15:34:00,
LD-01094,11/08/2026 02:47,formulario web,EMP-01,PV-005,Kevin Agudelo Ramírez,315-475-5981,,medellin,Suzuki GN 125,Cotización enviada,11-08-2026,Retoma tu moto
LD-01095,26/08/2026 15:04,Meta Ads,EMP-02,PV-008,  Wilmar Agudelo Pérez  ,350 915 8179,,CARTAGENA,Heroo Eco Deluxe 100,SIN GESTION,,Retoma tu moto
LD-01096,03/08/2026 18:11,WhatsApp,EMP-01,PV-002,Liliana Muñoz Escobar,3014358883,liliana.munoz36@outlook.com,,BAJAJ PULSAR NS 125,Contactado,08/04/2026 18:11,Agosto Cero Cuotas
LD-01097,2026-08-11T07:41:00,WhatsApp,EMP-01,PV-002,  María Fernanda Zapata Agudelo  ,3137917945,,Itagui,Suzuki GN 125,No contesta,,Remate Modelos 2025
LD-01098,16/08/2026 04:36,Meta Ads,EMP-02,PV-006,Carlos Mario Franco Jiménez,3137306497,,Barranquilla,CB 125F Twister,Contactado,17/08/2026 04:36,Prima Extra
LD-01099,2026-08-17T20:33:00,meta ads,EMP-03,PV-013,Héctor Cardona Correa,3141533827,,BOGOTA,Honda XRE 300,SIN GESTION,,
LD-01100,08/09/2026 02:09,whatsapp,EMP-02,PV-006,Nelson Rodríguez Rodríguez,+57 313 8606419,,B/quilla,Hero Dash 110,sin gestion,,Prima Extra
LD-01101,2026-08-19T04:37:00,WhatsApp,EMP-01,PV-002,Yesenia Osorio Escobar,3148273467,yesenia.osorio71@hotmail.com,ITAGUI,Bajaj Boxer,Contactado,2026-08-19T10:37:00,Feria de Motos 2026
LD-01102,2026-09-07 06:48:00,WhatsApp,EMP-02,PV-006,  Fabián Quintero Londoño  ,(304) 228-8423,fabian.quintero24@yahoo.es,B/quilla,HERO HUNK 160R,En proceso,09/07/2026 08:48,
LD-01103,04-08-2026,WhatsApp,EMP-03,PV-012,ALEXANDER QUINTERO HERNÁNDEZ, 3154318201 ,,Bogota DC,Bajaj Pulsar NS 125 2026,Contactado,05-08-2026,Remate Modelos 2025
LD-01104,18/08/2026 16:34,Formulario Web,EMP-02,PV-009,Andrés Felipe Franco Valencia, 3186991996 ,,Santa Marta,Bajaj Discover 125,No contesta,18/08/2026 17:34,Feria de Motos 2026
LD-01105,2026-08-10 17:38:00,META ADS,EMP-03,PV-015,Jorge Iván Agudelo Escobar,3018984547,jorge.agudelo29@gmail.com,SOACHA,Honda Navi,Cotización enviada,2026-08-11 11:38:00,Remate Modelos 2025
LD-01106,19/08/2026 19:23,Formulario Web,EMP-01,PV-003,Duván Torres Escobar,573161553609,,BELLO,Bajaj Pulsar NS 125,Descartado,20/08/2026 13:23,
LD-01107,2026-08-19 09:25:00,Meta Ads,EMP-02,PV-006,Camilo Torres Londoño,304 476 5657,,Barranquilla,suzuki gixxer 150,Contactado,19-08-2026,Agosto Cero Cuotas
LD-01108,08/04/2026 05:23,Meta Ads,EMP-02,PV-008,YESENIA ZAPATA ARIAS, 3176575775 ,yesenia.zapata39@gmail.com,Cartagena de Indias,Honda XRE 300 2026,Cotización enviada,,Retoma tu moto
LD-01109,2026-09-07 12:10:00,WhatsApp,EMP-01,PV-003,  Héctor Betancur Escobar  ,+57 304 2025090,,Bello,AKT TTR 200,Cotización enviada,09/07/2026 13:10,
LD-01110,23-08-2026,meta ads,EMP-02,PV-007,Carlos Escobar,320 919 6079,carlos.escobar23@outlook.com,Soledad,Hero Eco,Descartado,2026-08-23 10:46:00,Agosto Cero Cuotas
LD-01111,2026-08-11 08:59:00,WhatsApp,EMP-01,PV-002,  Duván Londoño Jiménez  ,3105974971,duvan.londono49@hotmail.com,Itagui,Bajaj Pulsar RS 200 2026,no contesta,15/08/2026 08:59,Retoma tu moto
LD-01112,2026-08-07 16:52:00,WhatsApp,EMP-01,PV-001,KEVIN MUÑOZ RAMÍREZ,3152388731,kevin.munoz50@hotmail.com,Medellín ,AKT Evo RS 150,No contesta,07/08/2026 22:52,Feria de Motos 2026
LD-01113,2026-08-04 20:53:00,Meta Ads,EMP-03,PV-015,Liliana Gómez Bedoya,3040776451,,SOACHA,Honda Navi,En proceso,06-08-2026,Prima Extra
LD-01114,2026-08-13 16:37:00,WhatsApp,EMP-03,PV-015,Sandra Milena Herrera Ospina,3133800119,,Soacha,Heroo Xpulse 200,SIN GESTION,,
LD-01115,15/08/2026 07:17,WhatsApp,EMP-02,PV-009,SANDRA MILENA RAMÍREZ MUÑOZ,314-609-8469,sandra.ramirez2@hotmail.com,Santa Marta,Bajaj Pulsar RS 200 2026,No contesta,2026-08-15 11:17:00,Remate Modelos 2025
LD-01116,08/08/2026 05:53,Formulario Web,EMP-02,PV-010,  Liliana Muñoz Jiménez  ,311-656-4438,,Montería,Honda Navi,Sin gestión,,Retoma tu moto
LD-01117,07/09/2026 22:05,Formulario Web,EMP-02,PV-009,natalia correa castano,322 098 9247,natalia.correa83@outlook.com,SANTA MARTA,Discover 125,Descartado,07/09/2026 23:05,Remate Modelos 2025
LD-01118,2026-09-08 16:19:00,Formulario Web,EMP-02,PV-009,Juan Carlos Giraldo Arias,3155612414,juan.giraldo27@gmail.com,Santa Marta,Suzuki V-Strom 250,Sin gestión,,
LD-01119,2026-09-02 03:45:00,WhatsApp,EMP-02,PV-009,A. Betancur Herrera,323-115-0819,alexander.betancur94@hotmail.com,Santa Marta,Honda  XRE 300,Contactado,09/02/2026 21:45,
LD-01120,2026-09-01 05:01:00,WHATSAPP,EMP-01,PV-001,Natalia Giraldo Jiménez,312 010 8793,natalia.giraldo79@gmail.com,Medellín,Honda XR 150L 2026,sin gestion,,Agosto Cero Cuotas
LD-01121,08/08/2026 00:18,Meta Ads,EMP-02,PV-008,WILMAR RESTREPO FRANCO,317 783 4272,wilmar.restrepo45@hotmail.com,Cartagena de Indias,bajaj pulsar ns 125,En proceso,08/12/2026 00:18,Remate Modelos 2025
LD-01122,2026-09-09 06:03:00,meta ads,EMP-02,PV-010,Estefanía Ramírez Rodríguez,311-799-4507,,Montería,AKT NKD 125 2026,En proceso,10/09/2026 12:03,
LD-01123,2026-08-24 23:38:00,Meta Ads,EMP-01,PV-001,Vanessa Ramírez Quintero,312-586-3781,vanessa.ramirez87@hotmail.com,Medellín,CB 125F Twister,Cotización enviada,08/27/2026 23:38,Agosto Cero Cuotas
LD-01124,08-08-2026,WhatsApp,EMP-03,PV-012,Erika Herrera,305 815 1883,,Bogota DC,Hero Xpulse 200,No contesta,09/08/2026 05:06,Prima Extra
LD-01125,2026-08-28 08:02:00,Meta Ads,EMP-02,PV-008,Nelson Rodríguez Castaño,573120324065,nelson.rodriguez77@yahoo.es,Cartagena,Bajaj,Contactado,,Remate Modelos 2025
LD-01126,08/30/2026 12:03,Meta Ads,EMP-03,PV-014,Luz Marina Gómez Valencia,3028410040,,Bogotá,honda dio 110,En proceso,30/08/2026 14:03,Agosto Cero Cuotas
LD-01127,2026-08-10 03:09:00,WhatsApp,EMP-02,PV-009,Jorge Iván Hernández Cardona,573015783161,jorge.hernandez36@yahoo.es,SANTA MARTA,Xpulse 200,Contactado,08/10/2026 04:09,
LD-01128,2026-09-04 15:28:00,Meta Ads,EMP-03,PV-013,  Sandra Milena Hernández Londoño  ,573109866428,,Bogotá D.C.,Bajaj Pulsar NS 125,Sin gestión,,Feria de Motos 2026
LD-01129,09-08-2026,Formulario Web,EMP-03,PV-011,Wilmar Mosquera Rodríguez,+57 301 6558965,,Bogota,Dynamic R3 125,Contactado,2026-08-10T07:10:00,Agosto Cero Cuotas
LD-01130,2026-08-13 16:48:00,WhatsApp,EMP-02,PV-010,SEBASTIÁN PÉREZ RESTREPO,321-684-4102,,MONTERIA,AKT DYNAMIC R3 125,sin gestion,,Agosto Cero Cuotas
LD-01131,2026-08-07 05:02:00,WhatsApp,EMP-01,PV-001,Angie Paola Valencia Zapata, 3048075738 ,,medellin,Hero,En proceso,09-08-2026,Feria de Motos 2026
LD-01132,08/08/2026 15:30,Meta Ads,EMP-02,PV-008,  Vanessa Marín Bedoya  ,305 585 8314,vanessa.marin47@outlook.com,Cartagena de Indias,Bajaj Boxer CT 100,En proceso,,
LD-01133,28-08-2026,WhatsApp,EMP-01,PV-001,Erika Castaño Restrepo,573015823762,,Medellín ,Gixxer 150,No contesta,2026-08-31T14:34:00,Prima Extra
LD-01134,2026-08-19 02:21:00,WhatsApp,EMP-02,PV-009,  Claudia Patricia Osorio Zapata  ,573054412914,,SANTA MARTA,Hero Eco,Sin gestión,,Prima Extra
LD-01135,09-09-2026,Meta Ads,EMP-03,PV-011,Liliana Ramírez Ospina,573225752124,liliana.ramirez29@outlook.com,Bogota DC,bajaj pulsar ns 125,Sin gestión,,Remate Modelos 2025
LD-01136,2026-08-23T22:32:00,Meta Ads,EMP-01,PV-002,  Juan Carlos Osorio Mosquera  ,3022081077,juan.osorio61@outlook.com,Itagui,Bajai Boxer CT 100,Descartado,25-08-2026,
LD-01137,08/25/2026 21:50,Meta Ads,EMP-01,PV-001,Paula Andrea Londoño Rodríguez, 3005246477 ,paula.londono15@outlook.com,MEDELLIN,hero xpulse 200,No contesta,08/27/2026 03:50,Feria de Motos 2026
LD-01138,2026-08-31 03:16:00,whatsapp,EMP-02,PV-006,Alexander Salazar Giraldo,317-484-9159,alexander.salazar15@outlook.com,barranquilla,SUZUKI GN 125,Contactado,2026-08-31T15:16:00,Prima Extra
LD-01139,2026-08-20T22:35:00,meta ads,EMP-03,PV-013,JORGE IVÁN JIMÉNEZ ESCOBAR,314 024 9879,jorge.jimenez54@gmail.com,BOGOTA,BAJAJ DISCOVER 125,Cotización enviada,21/08/2026 00:35,Agosto Cero Cuotas
LD-01140,06/09/2026 00:03,WHATSAPP,EMP-01,PV-002,  Jhon Jairo Zapata Mosquera  ,(351) 696-5852,,Itagui,AKT TTR 200,Contactado,,Agosto Cero Cuotas
LD-01141,08-09-2026,Formulario Web,EMP-03,PV-015,Mónica Jiménez Franco,311-595-9529,monica.jimenez68@hotmail.com,Soacha,Bajaj Dominar 400,Cotización enviada,2026-09-08T22:00:00,Retoma tu moto
LD-01142,2026-08-13 08:21:00,Formulario Web,EMP-03,PV-012,Cristian Cardona Ramírez,351 961 0538,cristian.cardona11@outlook.com,Bogotá,Honda Dio 110 2026,Descartado,2026-08-13 09:21:00,
LD-01143,13/08/2026 11:33,Meta Ads,EMP-03,PV-013,Julián Muñoz Castaño,+57 322 1142667,julian.munoz34@yahoo.es,Bogotá,HONDA CB 125F TWISTER,No contesta,08/13/2026 17:33,Prima Extra
LD-01144,15/08/2026 23:29,FORMULARIO WEB,EMP-01,PV-005,VANESSA VARGAS AGUDELO,3226208432,,medellin,Pulsar NS 125,No contesta,2026-08-16T11:29:00,Remate Modelos 2025
LD-01145,2026-08-20 00:15:00,WhatsApp,EMP-02,PV-006,JORGE IVÁN BETANCUR QUINTERO,+57 320 0667085,jorge.betancur39@gmail.com,B/quilla,Honda  CB 125F Twister,Descartado,2026-08-23 00:15:00,
LD-01146,2026-08-02 20:00:00,WhatsApp,EMP-03,PV-011,  Natalia Torres Ramírez  ,3511956108,natalia.torres59@hotmail.com,Bogotá,Bajai Pulsar RS 200,Descartado,06/08/2026 20:00,Agosto Cero Cuotas
LD-01147,09/05/2026 18:51,WhatsApp,EMP-01,PV-005,Julián Ramírez Valencia,+57 312 1152660,julian.ramirez77@gmail.com,Medellín,AKT Evo RS 150,Sin gestión,,
LD-01148,27/08/2026 13:43,WhatsApp,EMP-03,PV-011,ÓSCAR DAVID FRANCO OSPINA,573044003757,,BOGOTA,Hero Dash 110 2026,Cotización enviada,08/27/2026 19:43,Prima Extra
LD-01149,23/08/2026 07:47,FORMULARIO WEB,EMP-02,PV-009,ESTEFANÍA GÓMEZ FRANCO,3049116194,estefania.gomez73@hotmail.com,SANTA MARTA,Pulsar NS 160,Sin gestión,,Feria de Motos 2026
LD-01150,2026-08-07 16:25:00,WhatsApp,EMP-03,PV-011,Julián Hernández Mosquera,3238192146,,bogotá,Hero Xpulse,Contactado,08/07/2026 18:25,
LD-01151,16/08/2026 11:17,WhatsApp,EMP-02,PV-006,F. Mosquera Londoño,316 463 8297,fabian.mosquera50@yahoo.es,BARRANQUILLA,,Contactado,,Retoma tu moto
LD-01152,15/08/2026 02:43,WhatsApp,EMP-02,PV-006,Adriana Bedoya Betancur,302-304-2324,adriana.bedoya74@outlook.com,BARRANQUILLA,TTR 200,Cotización enviada,2026-08-15 06:43:00,
LD-01153,2026-09-07 01:48:00,Formulario Web,EMP-03,PV-011,  María Fernanda Correa Valencia  , 3120029343 ,,Bogota DC,Gixxer 150,Cotización enviada,2026-09-07T05:48:00,Feria de Motos 2026
LD-01154,06/09/2026 02:42,WhatsApp,EMP-01,PV-001,Sebastián Valencia Ospina, 3205994242 ,,Medellín,,Sin gestión,,Prima Extra
LD-01155,17/08/2026 11:45,Meta Ads,EMP-03,PV-015,Alexander Correa Ramírez,3113217750,alexander.correa58@outlook.com,Soacha,hero hunk 160r,No contesta,18-08-2026,Agosto Cero Cuotas
LD-01156,01/09/2026 18:35,Meta Ads,EMP-01,PV-002,Diana Carolina Salazar Mosquera,3022008321,diana.salazar94@yahoo.es,,Bajaj Discover 125 2026,No contesta,01/09/2026 19:35,Agosto Cero Cuotas
LD-01157,2026-08-09T18:08:00,Formulario Web,EMP-03,PV-011,KATHERINE MOSQUERA HERRERA,302 493 9025,,bogotá,bajaj boxer ct 100,En proceso,2026-08-09T20:08:00,Prima Extra
LD-01158,07-09-2026,WhatsApp,EMP-02,PV-007,Paula Andrea Arias Gómez, 3145518283 ,,Soledad,Bajaj Boxer CT 100,sin gestion,,
LD-01159,15/08/2026 00:13,WHATSAPP,EMP-01,PV-003,  María Fernanda Ospina Marín  ,3159603566,maria.ospina9@gmail.com,bello,Pulsar RS 200,Cotización enviada,08/19/2026 00:13,
LD-01160,2026-08-28 20:22:00,WhatsApp,EMP-01,PV-003,  Jhon Jairo Ramírez Torres  ,321-944-7301,jhon.ramirez52@gmail.com,bello,Honda  Dio 110,Sin gestión,,Retoma tu moto
LD-01161,26/08/2026 09:28,WHATSAPP,EMP-02,PV-006,liliana munoz escobar,3014358883,liliana.munoz85@outlook.com,barranquilla,,Cotización enviada,08/26/2026 11:28,Feria de Motos 2026
LD-01162,28-08-2026,WhatsApp,EMP-02,PV-010,Jorge Iván Herrera Rodríguez,3174313973,jorge.herrera57@gmail.com,Montería,Bajaj,Contactado,2026-08-28T14:31:00,
LD-01163,2026-08-20 14:33:00,WhatsApp,EMP-02,PV-009,estefania perez ramirez, 3003807544 ,,Sta Marta,suzuki gn 125,En proceso,2026-08-20 20:33:00,Retoma tu moto
LD-01164,2026-09-06 04:53:00,WhatsApp,EMP-01,PV-004,Marcela Muñoz Ramírez,300 890 9773,marcela.munoz80@gmail.com,RIONEGRO,honda dio 110,Descartado,2026-09-10 04:53:00,Feria de Motos 2026
LD-01165,2026-09-07T01:17:00,Meta Ads,EMP-02,PV-006,  Paula Andrea Cardona Rodríguez  ,+57 317 1436008,,barranquilla,Hero Eco,Contactado,2026-09-08 01:17:00,Prima Extra
LD-01166,16/08/2026 17:25,WHATSAPP,EMP-02,PV-009,  Julián Agudelo Giraldo  ,310 236 6707,,Santa Marta,AKT NKD 125,Contactado,2026-08-17 17:25:00,Remate Modelos 2025
LD-01167,06-08-2026,meta ads,EMP-03,PV-014,LILIANA GÓMEZ CASTAÑO,+57 310 7056565,liliana.gomez26@outlook.com,BOGOTA,honda navi,En proceso,2026-08-08T07:27:00,Feria de Motos 2026
LD-01168,2026-09-05 02:53:00,WhatsApp,EMP-01,PV-001,Édinson Londoño Ramírez,3134646945,,Medellín ,Bajai Boxer CT 100,Sin gestión,,
LD-01169,08/06/2026 12:50,whatsapp,EMP-03,PV-011,Andrés Felipe Agudelo Cardona,+57 301 4474392,andres.agudelo19@hotmail.com,Bogota DC,HONDA XRE 300,Sin gestión,,
LD-01170,2026-08-25T11:45:00,WhatsApp,EMP-02,PV-009,Fabián Ramírez Herrera,(321) 627-7442,fabian.ramirez93@gmail.com,Sta Marta,Bajaj  Dominar 400,Contactado,25-08-2026,Retoma tu moto
LD-01171,2026-08-21 00:10:00,WhatsApp,EMP-02,PV-010,Cristian Salazar Herrera,3506268114,,MONTERIA,,Cotización enviada,,
LD-01172,15-08-2026,WhatsApp,EMP-01,PV-004,LUISA BETANCUR TORRES,322-624-9985,luisa.betancur34@hotmail.com,Rionegro,akt nkd 125,No contesta,18/08/2026 19:50,Feria de Motos 2026
LD-01173,02/09/2026 03:36,WhatsApp,EMP-03,PV-013,Óscar David Correa Herrera,351 373 7904,,Bogotá D.C.,AKT Evo RS 150,No contesta,2026-09-02T04:36:00,Prima Extra
LD-01174,18/08/2026 23:10,Meta Ads,EMP-02,PV-008,Jorge Iván Betancur Quintero,321-020-1353,,Cartagena de Indias,Honda Navi,contactado,19-08-2026,
LD-01175,2026-08-30 04:24:00,WhatsApp,EMP-02,PV-009,Cristian Quintero Quintero,+57 312 6488496,cristian.quintero28@hotmail.com,Sta Marta,Suzuki Best 125 2026,Descartado,30/08/2026 10:24,Remate Modelos 2025
LD-01176,05/09/2026 12:30,Formulario Web,EMP-01,PV-003,ÉDINSON MUÑOZ CARDONA, 3048137683 ,edinson.munoz95@gmail.com,bello,Bajaj Discover 125,Sin gestión,,
LD-01177,08/20/2026 05:19,WhatsApp,EMP-02,PV-008,Katherine Bedoya Londoño,+57 304 9334381,,CARTAGENA,Suzuki Best,sin gestion,,Agosto Cero Cuotas
LD-01178,2026-09-08 17:27:00,WhatsApp,EMP-01,PV-005,Jorge Iván Osorio Franco,+57 315 8626117,,medellin,hero hunk 160r,Contactado,09/08/2026 23:27,Feria de Motos 2026
LD-01179,07-09-2026,Formulario Web,EMP-03,PV-014,Katherine Castaño Salazar,351-328-1204,katherine.castano98@gmail.com,Bogota,Honda XRE 300 2026,En proceso,2026-09-08T10:51:00,Prima Extra
LD-01180,08/01/2026 17:27,Formulario Web,EMP-02,PV-010,Angie Paola Torres Giraldo,(317) 207-3150,,MONTERIA,suzuki best 125,Contactado,02-08-2026,Retoma tu moto
LD-01181,2026-08-11 03:09:00,WhatsApp,EMP-03,PV-012,A. Agudelo Ospina,573019645786,angie.agudelo61@yahoo.es,Bogota,Bajaj Boxer CT 100,No contesta,2026-08-11 21:09:00,
LD-01182,06/09/2026 04:47,Meta Ads,EMP-03,PV-011,Luisa Londoño Vargas,311 001 8694,luisa.londono94@gmail.com,Bogotá D.C.,,SIN GESTION,,Remate Modelos 2025
LD-01183,2026-08-22 15:40:00,WhatsApp,EMP-03,PV-013,ÓSCAR DAVID SALAZAR TORRES,304 518 2896,,Bogota DC,HONDA XRE 300,sin gestion,,
LD-01184,22/08/2026 10:20,WhatsApp,EMP-02,PV-010,Brayan Gómez Valencia,(318) 305-9903,brayan.gomez42@outlook.com,MONTERIA,Bajaj Pulsar RS 200,Contactado,2026-08-22T16:20:00,
LD-01185,17/08/2026 23:14,WhatsApp,EMP-02,PV-006,Vanessa Escobar Agudelo,3500424675,vanessa.escobar24@yahoo.es,barranquilla,honda dio 110,Sin gestión,,
LD-01186,15-08-2026,Meta Ads,EMP-03,PV-011,Kevin Rodríguez Salazar,3512437034,kevin.rodriguez73@outlook.com,Bogotá,AKT Evo RS 150,Contactado,15-08-2026,
LD-01187,2026-08-24 04:43:00,WhatsApp,EMP-02,PV-010,Cristian Jiménez Ospina,302 714 5767,,Monteria,Bajaj Discover 125,Contactado,2026-08-24T16:43:00,Retoma tu moto
LD-01188,17/08/2026 16:30,WhatsApp,EMP-01,PV-003,Claudia Patricia Rodríguez Arias,3001532337,,BELLO,Honda CB 190R,Descartado,17-08-2026,
LD-01189,11-08-2026,META ADS,EMP-02,PV-009,Wilmar Escobar Correa,3003020476,wilmar.escobar95@yahoo.es,SANTA MARTA,akt dynamic r3 125,Contactado,2026-08-12 04:22:00,
LD-01190,2026-08-25 16:51:00,Meta Ads,EMP-01,PV-003,Liliana Muñoz Agudelo,+57 351 5272752,,Bello,,Descartado,2026-08-25 17:51:00,Agosto Cero Cuotas
LD-01191,22/08/2026 09:59,WhatsApp,EMP-03,PV-011,ANGIE PAOLA CASTAÑO VARGAS,3173047081,angie.castano56@hotmail.com,BOGOTA,Honda CB 125F Twister,Sin gestión,,Prima Extra
LD-01192,2026-09-04 15:31:00,WhatsApp,EMP-03,PV-015,  Juan Carlos Ospina Franco  ,305 702 7030,,Soacha,Hero Xpulse,SIN GESTION,,Agosto Cero Cuotas
LD-01193,02/08/2026 12:35,Meta Ads,EMP-01,PV-005,Jorge Iván Jiménez Rodríguez,3178139056,,Medellín ,Honda  XR 150L,Cotización enviada,05-08-2026,Agosto Cero Cuotas
LD-01194,27-08-2026,WhatsApp,EMP-02,PV-007,  Duván Gómez Pérez  , 3163077072 ,duvan.gomez46@hotmail.com,SOLEDAD,Honda,No contesta,2026-08-31T23:54:00,
LD-01195,22/08/2026 16:57,Formulario Web,EMP-03,PV-014,ÓSCAR DAVID VALENCIA AGUDELO,573239309503,oscar.valencia74@yahoo.es,,Bajaj  Pulsar NS 125,Sin gestión,,
LD-01196,08/26/2026 01:50,meta ads,EMP-02,PV-009,Jhon Jairo Valencia Rodríguez,316 501 5127,,SANTA MARTA,Honda Dio 110 2026,No contesta,08/26/2026 07:50,Retoma tu moto
LD-01197,05/08/2026 19:42,Meta Ads,EMP-03,PV-012,  Jorge Iván Pérez Correa  ,573045307407,,Bogota DC,Bajaj Pulsar,Sin gestión,,Prima Extra
LD-01198,01/09/2026 08:03,Meta Ads,EMP-03,PV-013,Yesenia Vargas Ospina,3155137784,yesenia.vargas23@yahoo.es,Bogotá,bajaj pulsar ns 125,Sin gestión,,Prima Extra
LD-01199,02-08-2026,Meta Ads,EMP-02,PV-008,Juan Carlos Correa Salazar,321 497 5922,juan.correa55@yahoo.es,Cartagena de Indias,Bajaj Pulsar NS 125,Sin gestión,,
LD-01200,2026-08-04 16:33:00,Meta Ads,EMP-03,PV-012,Erika Cardona Jiménez,312 272 7243,,Bogotá D.C.,Bajaj Boxer CT 100,sin gestion,,
LD-01201,01/09/2026 00:32,Meta Ads,EMP-03,PV-012,FREDDY OSORIO MUÑOZ,310-426-0907,freddy.osorio14@yahoo.es,Bogota,,Sin gestión,,
LD-01202,2026-08-27 15:25:00,WhatsApp,EMP-03,PV-014,Alexander Arias Agudelo,+57 350 1193019,,bogotá,akt evo rs 150,Contactado,30-08-2026,Agosto Cero Cuotas
LD-01203,08/09/2026 04:50,Meta Ads,EMP-01,PV-005,CLAUDIA PATRICIA QUINTERO ESCOBAR,322 780 1936,claudia.quintero29@hotmail.com,,AKT Dynamic R3 125 2026,no contesta,08/09/2026 05:50,Remate Modelos 2025
LD-01204,2026-08-21 12:36:00,Formulario Web,EMP-02,PV-006,  Marcela Bedoya Jiménez  ,3504815858,,BARRANQUILLA,Heroo Hunk 160R,contactado,21-08-2026,Feria de Motos 2026
LD-01205,2026-08-07 07:33:00,formulario web,EMP-03,PV-012,Estefanía Herrera Arias,573189895785,,Bogota,Bajaj Pulsar RS 200,Contactado,08/08/2026 07:33,
LD-01206,27/08/2026 01:25,WhatsApp,EMP-03,PV-014,Sandra Milena Osorio Valencia,314 978 7254,sandra.osorio44@yahoo.es,BOGOTA,,Contactado,2026-08-27T13:25:00,Feria de Motos 2026
LD-01207,18/08/2026 07:26,WhatsApp,EMP-03,PV-013,MÓNICA RESTREPO CARDONA, 3178998397 ,,Bogotá D.C.,Honda CB 190R 2026,Sin gestión,,Agosto Cero Cuotas
LD-01208,2026-08-29 11:35:00,WhatsApp,EMP-03,PV-013,Estefanía Correa Salazar,317 451 1369,estefania.correa99@gmail.com,BOGOTA,Honda Navi,No contesta,2026-08-29T23:35:00,Feria de Motos 2026
LD-01209,14/08/2026 03:01,META ADS,EMP-02,PV-009,ANGIE PAOLA OSORIO HERRERA,322 693 5115,,Santa Marta,Honda XR 150L,En proceso,2026-08-14T07:01:00,
LD-01210,14-08-2026,formulario web,EMP-02,PV-007,Héctor Bedoya Agudelo,3211704459,,SOLEDAD,Honda CB 190R,Contactado,08/18/2026 20:53,Prima Extra
LD-01211,08/05/2026 03:36,WhatsApp,EMP-01,PV-002,W. Escobar Correa, 3003020476 ,,Itagüí,honda dio 110,sin gestion,,Feria de Motos 2026
LD-01212,29/08/2026 18:56,Formulario Web,EMP-01,PV-003,ERIKA OSORIO ARIAS,(351) 009-7254,,Bello,Bajaj Pulsar RS 200,Sin gestión,,
LD-01213,08/25/2026 23:28,WhatsApp,EMP-02,PV-006,  Julián Arias Osorio  ,+57 301 2709758,,barranquilla,Hero Dash 110,Cotización enviada,26-08-2026,Remate Modelos 2025
LD-01214,2026-08-31 08:31:00,WHATSAPP,EMP-02,PV-009,Erika Quintero Valencia,302-683-4394,erika.quintero6@gmail.com,SANTA MARTA,TTR 200,Contactado,01-09-2026,Prima Extra
LD-01215,2026-09-02 09:17:00,Meta Ads,EMP-03,PV-014,Wilmar Restrepo Giraldo, 3142393554 ,,Bogotá D.C.,Honda Dio 110,Contactado,02-09-2026,Remate Modelos 2025
LD-01216,09/10/2026 00:32,WhatsApp,EMP-03,PV-013,Vanessa Herrera Cardona,318 118 0220,vanessa.herrera55@outlook.com,bogotá,hero hunk 160r,Contactado,10/09/2026 12:32,
LD-01217,2026-09-05T21:11:00,WhatsApp,EMP-03,PV-012,Yesenia Torres Mosquera,3144550063,,bogotá,Honda CB 125F Twister 2026,sin gestion,,Agosto Cero Cuotas
LD-01218,02/09/2026 00:04,WhatsApp,EMP-02,PV-007,hector ramirez bedoya,3511759608,,Soledad,AKT Evo RS 150 2026,En proceso,05-09-2026,Remate Modelos 2025
LD-01219,2026-08-20 09:01:00,Meta Ads,EMP-01,PV-004,Fabián Vargas Ospina,+57 321 8329906,fabian.vargas39@yahoo.es,Rio Negro,bajaj pulsar ns 125,En proceso,20-08-2026,Prima Extra
LD-01220,02-08-2026,WhatsApp,EMP-01,PV-005,Juan Carlos Vargas Marín,3509518578,juan.vargas45@outlook.com,Medellín ,Suzuki GN 125,Contactado,2026-08-02 13:41:00,Remate Modelos 2025
LD-01221,17/08/2026 05:14,whatsapp,EMP-01,PV-003,  Wilmar Franco Agudelo  ,3205743171,,BELLO,Suzuki GN 125 2026,contactado,18-08-2026,Retoma tu moto
LD-01222,04-09-2026,Meta Ads,EMP-01,PV-001,  Wilmar Agudelo Restrepo  , 3149037411 ,wilmar.agudelo98@outlook.com,Medellín ,Suzuki Best 125,Cotización enviada,2026-09-04T15:00:00,Prima Extra
LD-01223,2026-09-02 08:03:00,Formulario Web,EMP-02,PV-008,Claudia Patricia Marín Bedoya,3132967584,,Cartagena,Bajaj Discover 125,Contactado,09/02/2026 14:03,
LD-01224,2026-08-15T17:17:00,Meta Ads,EMP-01,PV-004,Vanessa Ospina Jiménez, 3228150341 ,,Rionegro,Hero Hunk 160R,No contesta,08/16/2026 05:17,Agosto Cero Cuotas
LD-01225,2026-09-07T00:05:00,Formulario Web,EMP-02,PV-010,Kevin Bedoya Bedoya, 3178604980 ,kevin.bedoya77@gmail.com,Montería,Dominar 400,Sin gestión,,
LD-01226,2026-08-23T16:23:00,WhatsApp,EMP-01,PV-003,  Mónica Giraldo Escobar  ,3111950532,monica.giraldo27@gmail.com,BELLO,Suzuki Gixxer 150,sin gestion,,
LD-01227,2026-08-05T19:40:00,WhatsApp,EMP-03,PV-014,CLAUDIA PATRICIA SALAZAR VALENCIA,312-082-0796,claudia.salazar96@yahoo.es,Bogotá,AKT Dynamic R3 125,Sin gestión,,
LD-01228,14/08/2026 05:07,Formulario Web,EMP-01,PV-005,ESTEFANÍA AGUDELO GÓMEZ,+57 350 2826310,estefania.agudelo42@yahoo.es,Medellín ,Bajaj Boxer,Contactado,18-08-2026,Remate Modelos 2025
LD-01229,08/25/2026 01:52,WhatsApp,EMP-02,PV-008,LILIANA HERNÁNDEZ LONDOÑO,3134444770,,Cartagena,honda navi,Sin gestión,,
LD-01230,2026-08-05 23:42:00,Meta Ads,EMP-01,PV-001,Freddy Salazar Cardona,350-077-1559,,medellin,Bajaj,Cotización enviada,06/08/2026 00:42,Remate Modelos 2025
LD-01231,2026-08-14 19:15:00,WhatsApp,EMP-02,PV-010,Freddy Rodríguez Marín,301-766-7723,freddy.rodriguez91@outlook.com,Montería,AKT,contactado,2026-08-15T19:15:00,Prima Extra
LD-01232,2026-08-05 14:35:00,whatsapp,EMP-02,PV-006,DIANA CAROLINA TORRES OSORIO,3162980044,diana.torres16@gmail.com,BARRANQUILLA,Hnda CB 190R,Contactado,2026-08-08T14:35:00,Agosto Cero Cuotas
LD-01233,19/08/2026 09:19,Meta Ads,EMP-03,PV-015,Paula Andrea Mosquera Herrera,3139528303,paula.mosquera7@yahoo.es,Soacha,,Sin gestión,,
LD-01234,2026-08-10 02:29:00,Formulario Web,EMP-02,PV-006,Luisa Betancur Torres,(315) 104-7341,,BARRANQUILLA,Honda,Contactado,2026-08-10 08:29:00,
LD-01235,09/01/2026 15:46,WhatsApp,EMP-02,PV-009,  Freddy Correa Muñoz  ,3154235528,freddy.correa38@outlook.com,Santa Marta,bajaj pulsar ns 125,Sin gestión,,Agosto Cero Cuotas
LD-01236,2026-08-19 03:40:00,WhatsApp,EMP-03,PV-011,Juan Carlos Hernández Escobar,315-452-8205,,Bogotá,Hero,En proceso,19/08/2026 07:40,
LD-01237,2026-08-22 14:49:00,meta ads,EMP-02,PV-006,Héctor Torres Muñoz,3006953296,hector.torres14@yahoo.es,B/quilla,Honda XR 150L,En proceso,08/23/2026 08:49,
LD-01238,2026-08-25 17:21:00,Meta Ads,EMP-03,PV-015,JUAN CARLOS CASTAÑO AGUDELO, 3509596481 ,,SOACHA,Bajaj Dominar 400 2026,Descartado,,
LD-01239,2026-09-06T22:07:00,WhatsApp,EMP-02,PV-010,Vanessa Herrera Torres,3002309564,,Monteria,Bajaj Pulsar RS 200,contactado,07-09-2026,Prima Extra
LD-01240,2026-08-02 21:00:00,Meta Ads,EMP-01,PV-005,  Diana Carolina Rodríguez Torres  ,573020424343,diana.rodriguez75@gmail.com,Medellín ,AKT,Cotización enviada,03-08-2026,Agosto Cero Cuotas
LD-01241,24/08/2026 12:05,META ADS,EMP-02,PV-006,Alexander Salazar Muñoz,573000536500,,barranquilla,AKT NKD 125,En proceso,25-08-2026,Remate Modelos 2025
LD-01242,2026-08-08 15:32:00,WhatsApp,EMP-01,PV-003,Angie Paola Ramírez Mosquera,573502392019,angie.ramirez97@gmail.com,Bello,Honda XRE 300 2026,Cotización enviada,09/08/2026 15:32,Prima Extra
LD-01243,15-08-2026,WhatsApp,EMP-01,PV-005,Adriana Cardona Torres,(302) 951-0230,adriana.cardona27@outlook.com,MEDELLIN,hero xpulse 200,sin gestion,,Feria de Motos 2026
LD-01244,2026-08-08 05:16:00,WhatsApp,EMP-03,PV-014,Leidy Johana Valencia Vargas,313 778 7451,,Bogotá D.C.,BAJAJ PULSAR NS 125,Contactado,08-08-2026,
LD-01245,09/09/2026 03:37,WhatsApp,EMP-02,PV-006,María Fernanda Agudelo Londoño,304-180-4161,,Barranquilla,akt ttr 200,Sin gestión,,Retoma tu moto
LD-01246,21-08-2026,Formulario Web,EMP-01,PV-004,CAMILO OSORIO VALENCIA,301-361-9146,,Rio Negro,AKT NKD 125 2026,sin gestion,,
LD-01247,09/02/2026 02:32,Formulario Web,EMP-03,PV-015,Juan Carlos Quintero Cardona,3008246842,juan.quintero8@outlook.com,SOACHA,Suzuki Best 125 2026,Sin gestión,,
LD-01248,2026-08-18T12:57:00,Formulario Web,EMP-01,PV-005,Kevin Osorio Muñoz,3178301044,kevin.osorio76@gmail.com,,Suzuki V-Strom 250,Sin gestión,,Remate Modelos 2025
LD-01249,2026-08-11T19:41:00,Meta Ads,EMP-01,PV-005,Angie Paola Hernández Zapata,3207331096,angie.hernandez11@hotmail.com,MEDELLIN,AKT TTR,Sin gestión,,Prima Extra
LD-01250,10/08/2026 22:58,WhatsApp,EMP-01,PV-004,LEIDY JOHANA JIMÉNEZ BETANCUR,315-851-2799,,RIONEGRO,BAJAJ BOXER CT 100,Contactado,,Retoma tu moto
LD-01251,2026-08-07 16:24:00,WhatsApp,EMP-03,PV-014,Sebastián Giraldo Marín,3007187396,sebastian.giraldo91@gmail.com,Bogotá D.C.,Honda Navi,contactado,,Retoma tu moto
LD-01252,08/09/2026 04:20,meta ads,EMP-03,PV-012,Adriana Restrepo Escobar,310 919 0236,,Bogotá D.C.,AKT,En proceso,08/09/2026 10:20,
LD-01253,2026-08-08 10:51:00,Meta Ads,EMP-03,PV-014,Sebastián Londoño Gómez,3214477421,sebastian.londono72@outlook.com,bogotá,SUZUKI GIXXER 150,no contesta,08-08-2026,Feria de Motos 2026
LD-01254,2026-08-26 13:22:00,Meta Ads,EMP-02,PV-009,Carlos Mario Restrepo Betancur,3226297833,carlos.restrepo44@hotmail.com,SANTA MARTA,Dash 110,Contactado,2026-08-26 15:22:00,Remate Modelos 2025
LD-01255,18/08/2026 12:55,Meta Ads,EMP-03,PV-014,Carlos Mario Marín Bedoya,+57 311 7028097,,Bogota,Hero Eco Deluxe 100,no contesta,08/19/2026 12:55,
LD-01256,2026-08-27 11:00:00,META ADS,EMP-01,PV-003,KATHERINE CASTAÑO BEDOYA,322-627-5592,,bello,AKT Dynamic R3 125,Sin gestión,,
LD-01257,2026-09-07 16:49:00,WhatsApp,EMP-02,PV-006,  Juan Carlos Gómez Mosquera  ,3109479222,juan.gomez43@outlook.com,B/quilla,Suzuki GN 125,Sin gestión,,Feria de Motos 2026
LD-01258,2026-08-16 18:42:00,Meta Ads,EMP-01,PV-003,Luisa Marín Vargas,350 265 3065,,BELLO,hero hunk 160r,No contesta,08/16/2026 19:42,
LD-01259,05-09-2026,WhatsApp,EMP-02,PV-008,Paula Andrea Escobar Castaño,573026867483,paula.escobar54@gmail.com,CARTAGENA,Honda,Sin gestión,,Prima Extra
LD-01260,18/08/2026 11:13,WhatsApp,EMP-01,PV-002,  Brayan Betancur Hernández  ,3059805874,brayan.betancur44@yahoo.es,ITAGUI,Suzuki,Contactado,08/19/2026 11:13,Retoma tu moto
LD-01261,2026-08-27 12:08:00,Meta Ads,EMP-01,PV-005,Kevin Osorio Muñoz,+57 317 8301044,kevin.osorio75@hotmail.com,Medellín ,,En proceso,2026-08-27T13:08:00,Prima Extra
LD-01262,2026-08-23T16:04:00,Meta Ads,EMP-03,PV-012,SEBASTIÁN RODRÍGUEZ ARIAS, 3219211108 ,,Bogotá D.C.,Bajaj Pulsar NS 125,contactado,,Remate Modelos 2025
LD-01263,2026-09-06 04:18:00,Meta Ads,EMP-01,PV-004,Carlos Mario Franco Ramírez,3509070749,carlos.franco24@yahoo.es,Rio Negro,Suzuki,No contesta,2026-09-06 22:18:00,Retoma tu moto
LD-01264,2026-08-18 23:17:00,WhatsApp,EMP-02,PV-006,Wilmar Zapata Pérez,573026353723,wilmar.zapata3@gmail.com,barranquilla,honda cb 190r,sin gestion,,
LD-01265,29-08-2026,Meta Ads,EMP-03,PV-014,Andrés Felipe Salazar Correa,+57 351 1900858,andres.salazar21@yahoo.es,bogotá,BAJAJ PULSAR RS 200,Contactado,01-09-2026,Feria de Motos 2026
LD-01266,05/09/2026 15:43,Meta Ads,EMP-01,PV-001,  Diana Carolina Hernández Herrera  ,(302) 315-8066,,Medellin,suzuki gixxer 150,Contactado,2026-09-06 15:43:00,Retoma tu moto
LD-01267,2026-09-03 20:48:00,Formulario Web,EMP-02,PV-008,LILIANA CORREA SALAZAR, 3126632254 ,,CARTAGENA,,Sin gestión,,
LD-01268,2026-08-04T12:16:00,Formulario Web,EMP-02,PV-008,Alexander Jiménez Agudelo,+57 315 0460536,,Cartagena,Hero Hunk 160R,Sin gestión,,Feria de Motos 2026
LD-01269,02/08/2026 02:15,WhatsApp,EMP-01,PV-004,estefania escobar valencia,3128446915,estefania.escobar62@outlook.com,Rio Negro,Bajaj Pulsar NS 125,En proceso,05/08/2026 02:15,Feria de Motos 2026
LD-01270,2026-08-31 09:06:00,Formulario Web,EMP-01,PV-005,Andrés Felipe Pérez Betancur,301 288 3073,,Medellín ,HONDA DIO 110,En proceso,2026-08-31T21:06:00,Remate Modelos 2025
LD-01271,06/08/2026 04:42,whatsapp,EMP-01,PV-002,H. Valencia Ospina,3176036920,hector.valencia93@gmail.com,ITAGUI,Hero Eco Deluxe 100,Contactado,08/08/2026 04:42,Feria de Motos 2026
LD-01272,2026-08-16 00:10:00,WhatsApp,EMP-02,PV-007,  Angie Paola Gómez Castaño  ,+57 318 6677732,angie.gomez74@gmail.com,SOLEDAD,AKT Dynamic R3 125,En proceso,2026-08-16 18:10:00,Retoma tu moto
LD-01273,2026-08-24T14:11:00,WhatsApp,EMP-01,PV-003,Estefanía Ospina Correa,3104846448,estefania.ospina10@outlook.com,BELLO,BAJAJ PULSAR NS 160,Sin gestión,,
LD-01274,13/08/2026 05:27,WhatsApp,EMP-01,PV-005,  María Fernanda Correa Correa  , 3157280319 ,,Medellín ,Bajaj Pulsar NS 125 2026,Contactado,13-08-2026,Agosto Cero Cuotas
LD-01275,2026-08-28 15:32:00,Formulario Web,EMP-02,PV-006,Erika Marín Mosquera,3505218682,,BARRANQUILLA,Bajaj  Pulsar RS 200,Sin gestión,,Prima Extra
LD-01276,2026-08-18 19:57:00,WhatsApp,EMP-03,PV-012,Duván Torres Mosquera, 3516039229 ,duvan.torres93@gmail.com,bogotá,bajaj boxer ct 100,Sin gestión,,Agosto Cero Cuotas
LD-01277,2026-08-04 16:42:00,WhatsApp,EMP-02,PV-007,Édinson Osorio Herrera,322-619-1215,,Soledad,AKT Dynamic R3 125 2026,Contactado,2026-08-05 04:42:00,
LD-01278,19-08-2026,FORMULARIO WEB,EMP-02,PV-009,  Paula Andrea Ramírez Marín  ,3146915527,,Sta Marta,SUZUKI GIXXER 150,Contactado,2026-08-22 11:49:00,Retoma tu moto
LD-01279,2026-08-04 09:23:00,Formulario Web,EMP-01,PV-002,Kevin Marín Ospina,+57 320 6051014,kevin.marin75@hotmail.com,ITAGUI,Bajaj  Boxer CT 100,Contactado,05-08-2026,
LD-01280,02/08/2026 04:54,WhatsApp,EMP-03,PV-014,JORGE IVÁN ARIAS SALAZAR,3215025918,jorge.arias63@yahoo.es,BOGOTA,suzuki best 125,Contactado,02/08/2026 10:54,Remate Modelos 2025
LD-01281,19/08/2026 19:14,Meta Ads,EMP-02,PV-006,JUAN CARLOS RESTREPO QUINTERO,3178538728,,B/quilla,Bajaj Boxer CT 100,no contesta,20/08/2026 19:14,Remate Modelos 2025
LD-01282,20/08/2026 17:04,WhatsApp,EMP-01,PV-004,Vanessa Escobar Agudelo,350 042 4675,vanessa.escobar64@outlook.com,Rio Negro,Suzuki Best 125,no contesta,21/08/2026 11:04,
LD-01283,2026-08-05 12:31:00,WhatsApp,EMP-02,PV-008,María Valencia, 3161530381 ,,Cartagena,AKT EVO RS 150,sin gestion,,
LD-01284,08/14/2026 23:37,whatsapp,EMP-01,PV-005,Juan Restrepo,3181791662,juan.restrepo38@yahoo.es,Medellín,Suzuki V-Strom 250,Descartado,08/15/2026 01:37,Retoma tu moto
LD-01285,08/28/2026 17:20,Formulario Web,EMP-02,PV-006,Leidy Johana Betancur Ospina,(321) 503-6724,leidy.betancur32@gmail.com,barranquilla,Bajaj Pulsar NS 125,no contesta,2026-08-29 11:20:00,Prima Extra
LD-01286,12-08-2026,WhatsApp,EMP-02,PV-007,Jorge Iván Bedoya Salazar,304-094-1410,jorge.bedoya1@hotmail.com,Soledad,Bajaj Pulsar NS 125,En proceso,2026-08-13T02:09:00,Prima Extra
LD-01287,2026-08-31 03:23:00,formulario web,EMP-01,PV-005,CARLOS MARIO MARÍN RESTREPO,(321) 120-3543,,Medellin,BAJAJ BOXER CT 100,No contesta,31-08-2026,Remate Modelos 2025
LD-01288,02/09/2026 08:14,WhatsApp,EMP-01,PV-002,ÓSCAR DAVID ARIAS MOSQUERA,+57 310 2705112,oscar.arias55@hotmail.com,Itagüí,Hnda CB 125F Twister,Sin gestión,,Agosto Cero Cuotas
LD-01289,06/08/2026 10:05,whatsapp,EMP-02,PV-008,Camilo Bedoya Rodríguez,3102956577,camilo.bedoya20@gmail.com,Cartagena,Honda CB 190R,Sin gestión,,Agosto Cero Cuotas
LD-01290,2026-08-04T08:50:00,Meta Ads,EMP-01,PV-003,ADRIANA FRANCO RODRÍGUEZ,3129964103,adriana.franco29@yahoo.es,BELLO,CB 190R,Descartado,04-08-2026,Feria de Motos 2026
LD-01291,2026-09-08 08:30:00,WhatsApp,EMP-03,PV-012,ADRIANA RESTREPO CORREA,3014091087,adriana.restrepo96@outlook.com,Bogota,Hero Hunk 160R,sin gestion,,
LD-01292,21/08/2026 08:29,WhatsApp,EMP-03,PV-014,JHON JAIRO OSPINA TORRES,(301) 058-4302,jhon.ospina95@outlook.com,Bogotá,Honda XRE 300 2026,Descartado,08/24/2026 08:29,Prima Extra
LD-01293,2026-09-08T02:47:00,WhatsApp,EMP-01,PV-004,María Fernanda Vargas Muñoz,3021916223,maria.vargas98@gmail.com,Rio Negro,AKT TTR 200,No contesta,08-09-2026,Feria de Motos 2026
LD-01294,2026-08-16 07:42:00,Meta Ads,EMP-03,PV-015,Sebastián Zapata Franco,3122894310,sebastian.zapata76@gmail.com,Soacha,Honda Navi,sin gestion,,
LD-01295,20/08/2026 08:45,WHATSAPP,EMP-03,PV-011,BRAYAN OSPINA CORREA, 3103617165 ,,Bogota,AKT NKD 125,Sin gestión,,Prima Extra
LD-01296,2026-08-22 18:35:00,Formulario Web,EMP-03,PV-015,  Brayan Ramírez Muñoz  ,300 082 2078,,Soacha,Hero  Xpulse 200,Sin gestión,,
LD-01297,2026-08-01T22:02:00,Formulario Web,EMP-03,PV-011,María Fernanda Quintero Vargas,3179629296,maria.quintero35@gmail.com,Bogotá D.C.,Hero Xpulse 200 2026,Contactado,2026-08-01T23:02:00,Agosto Cero Cuotas
LD-01298,2026-08-19 10:09:00,Meta Ads,EMP-01,PV-003,  Kevin Cardona Muñoz  ,+57 318 9542317,kevin.cardona36@hotmail.com,Bello,HERO HUNK 160R,Descartado,2026-08-20 16:09:00,
LD-01299,21-08-2026,Meta Ads,EMP-02,PV-008,PAULA ANDREA GIRALDO OSORIO,3008881330,,Cartagena,Honda XRE 300 2026,Sin gestión,,
LD-01300,07/08/2026 03:51,Formulario Web,EMP-02,PV-007,Vanessa Zapata Vargas,310-898-9598,vanessa.zapata2@gmail.com,,Hero Dash 110,Cotización enviada,2026-08-07 21:51:00,Retoma tu moto
LD-01301,2026-08-11 20:58:00,Meta Ads,EMP-02,PV-006,Óscar David Valencia Londoño, 3143131512 ,,BARRANQUILLA,suzuki gixxer 150,Sin gestión,,Feria de Motos 2026
LD-01302,01/09/2026 01:18,WhatsApp,EMP-02,PV-008,Jorge Iván Franco Muñoz,3510742759,jorge.franco7@outlook.com,CARTAGENA,hero dash 110,contactado,02-09-2026,Prima Extra
LD-01303,07-09-2026,Meta Ads,EMP-02,PV-010,YESENIA AGUDELO SALAZAR,573018545456,,Montería,akt nkd 125,En proceso,09/08/2026 10:55,
LD-01304,2026-08-02 18:44:00,FORMULARIO WEB,EMP-02,PV-007,  Natalia Gómez Gómez  ,318 057 6860,,SOLEDAD,Suzuky GN 125,Contactado,08/03/2026 06:44,Prima Extra
LD-01305,09-08-2026,WHATSAPP,EMP-02,PV-007,Óscar David Torres Jiménez,313 413 4307,oscar.torres31@hotmail.com,SOLEDAD,Suzuki Gixxer 150,Sin gestión,,
LD-01306,2026-09-05 20:16:00,WhatsApp,EMP-03,PV-015,  Paula Andrea Castaño Pérez  ,+57 300 0668089,,Soacha,Bajaj Pulsar RS 200,SIN GESTION,,Retoma tu moto
LD-01307,30/08/2026 11:49,FORMULARIO WEB,EMP-03,PV-011,ÓSCAR DAVID RAMÍREZ MUÑOZ, 3045850289 ,oscar.ramirez41@gmail.com,Bogota DC,Honda XRE,Descartado,08/30/2026 13:49,
LD-01308,08/08/2026 14:29,Formulario Web,EMP-03,PV-012,Nelson Zapata Agudelo, 3119396217 ,nelson.zapata7@gmail.com,Bogotá,Bajaj Pulsar,Sin gestión,,Remate Modelos 2025
LD-01309,27/08/2026 02:18,WhatsApp,EMP-03,PV-011,Jorge Iván Pérez Herrera,3115182860,jorge.perez40@gmail.com,Bogota,Hero Hunk 160R 2026,no contesta,2026-08-27 20:18:00,Feria de Motos 2026
LD-01310,2026-08-03 01:38:00,WhatsApp,EMP-02,PV-007,Édinson Giraldo Londoño,(317) 153-5755,edinson.giraldo89@yahoo.es,SOLEDAD,Suzuki  Best 125,SIN GESTION,,Feria de Motos 2026
LD-01311,2026-08-17T17:39:00,Meta Ads,EMP-02,PV-008,Liliana Bedoya Pérez,302 125 0352,liliana.bedoya20@yahoo.es,Cartagena de Indias,Bajaj Discover 125,En proceso,2026-08-18T05:39:00,Feria de Motos 2026
LD-01312,16-08-2026,Meta Ads,EMP-02,PV-007,MÓNICA AGUDELO LONDOÑO,3019426394,monica.agudelo91@hotmail.com,Soledad,Suzuki Best 125,Contactado,18/08/2026 00:27,Retoma tu moto
LD-01313,20/08/2026 02:22,WhatsApp,EMP-02,PV-010,Adriana Salazar Betancur,+57 321 0787706,adriana.salazar38@yahoo.es,Monteria,Hero,Sin gestión,,
LD-01314,2026-08-25T08:09:00,WhatsApp,EMP-02,PV-009,andres felipe quintero osorio,3043752884,,Santa Marta,Honda CB 190R,Sin gestión,,Agosto Cero Cuotas
LD-01315,2026-08-07T18:45:00,Meta Ads,EMP-02,PV-007,Liliana Muñoz Bedoya,316-804-8090,,SOLEDAD,Suzuki  Best 125,No contesta,07/08/2026 22:45,Feria de Motos 2026
LD-01316,2026-08-10 03:12:00,Formulario Web,EMP-02,PV-009,Édinson Pérez Escobar,3515994267,,SANTA MARTA,bajaj boxer ct 100,sin gestion,,
LD-01317,21-08-2026,WhatsApp,EMP-01,PV-005,Sebastián Zapata Quintero,+57 304 3700981,sebastian.zapata95@yahoo.es,,AKT,Contactado,21-08-2026,Agosto Cero Cuotas
LD-01318,2026-08-19 19:34:00,Meta Ads,EMP-02,PV-008,ANDRÉS FELIPE SALAZAR VALENCIA,+57 302 9441807,andres.salazar90@hotmail.com,Cartagena,,Descartado,2026-08-20T19:34:00,Remate Modelos 2025
LD-01319,03/09/2026 21:30,Formulario Web,EMP-01,PV-003,  Carlos Mario Muñoz Arias  ,3220424233,carlos.munoz81@outlook.com,bello,Bajaj Dominar 400,no contesta,09/07/2026 21:30,
LD-01320,2026-09-06 23:23:00,WhatsApp,EMP-02,PV-010,Sebastián Pérez Osorio,(312) 802-4219,sebastian.perez45@gmail.com,Monteria,SUZUKI GIXXER 150,contactado,2026-09-07 01:23:00,
LD-01321,2026-09-09 16:53:00,WhatsApp,EMP-03,PV-014,Freddy Vargas Hernández,(321) 183-1464,,Bogotá,HERO HUNK 160R,No contesta,,Retoma tu moto
LD-01322,2026-09-03 05:13:00,WHATSAPP,EMP-03,PV-013,Édinson Gómez Torres,3165531784,,bogotá,Bajaj Pulsar NS 160,No contesta,06/09/2026 05:13,Feria de Motos 2026
LD-01323,2026-09-09T23:24:00,FORMULARIO WEB,EMP-03,PV-011,JUAN CARLOS ESCOBAR QUINTERO,+57 310 3880555,,BOGOTA,Suzuki Gixxer 150,Descartado,09/10/2026 17:24,Retoma tu moto
LD-01324,12/08/2026 08:09,Meta Ads,EMP-03,PV-014,Leidy Johana Ramírez Betancur,3134580310,,Bogota DC,Bajaj Discover 125,Sin gestión,,Feria de Motos 2026
LD-01325,2026-09-07 20:37:00,WhatsApp,EMP-01,PV-002,Alexander Quintero,3154318201,alexander.quintero23@gmail.com,Itagüí,Hero Dash 110 2026,Contactado,2026-09-07T22:37:00,
LD-01326,31-08-2026,whatsapp,EMP-03,PV-015,Cristian Agudelo Zapata,573117480924,cristian.agudelo31@outlook.com,Soacha,Suzuki  Best 125,contactado,31-08-2026,Prima Extra
LD-01327,08/27/2026 20:32,Meta Ads,EMP-01,PV-003,Estefanía Betancur Quintero,+57 315 2851019,,,Suzuki Best 125,En proceso,2026-08-31T20:32:00,
LD-01328,2026-08-26 16:13:00,Meta Ads,EMP-03,PV-012,MARCELA OSPINA JIMÉNEZ,316-902-8967,,Bogotá,,Contactado,26-08-2026,
LD-01329,08/25/2026 16:55,WhatsApp,EMP-01,PV-005,Kevin Restrepo Vargas, 3103126332 ,,Medellín ,suzuki v-strom 250,Cotización enviada,2026-08-29 16:55:00,Feria de Motos 2026
LD-01330,2026-08-30T02:11:00,Meta Ads,EMP-02,PV-007,CAMILO FRANCO GIRALDO, 3102401993 ,camilo.franco33@outlook.com,SOLEDAD,HERO DASH 110,Cotización enviada,31-08-2026,
LD-01331,2026-08-18T16:58:00,whatsapp,EMP-02,PV-006,Marcela Pérez Restrepo, 3143776634 ,marcela.perez91@gmail.com,B/quilla,AKT NKD 125,Cotización enviada,08/18/2026 17:58,Remate Modelos 2025
LD-01332,08/27/2026 15:22,WhatsApp,EMP-03,PV-012,Sebastián Giraldo Agudelo, 3146786890 ,sebastian.giraldo58@hotmail.com,BOGOTA,Hero Hunk 160R,Cotización enviada,2026-08-29 15:22:00,Remate Modelos 2025
LD-01333,24/08/2026 23:03,Formulario Web,EMP-02,PV-009,luz marina jimenez ospina,3238193020,luz.jimenez76@gmail.com,SANTA MARTA,Honda XR 150L 2026,Contactado,26-08-2026,Retoma tu moto
LD-01334,31/08/2026 02:45,Meta Ads,EMP-02,PV-007,ANDRÉS FELIPE ZAPATA ZAPATA, 3210554510 ,andres.zapata44@gmail.com,SOLEDAD,Hero Hunk 160R 2026,Contactado,09/04/2026 02:45,Prima Extra
LD-01335,09/08/2026 00:28,WhatsApp,EMP-01,PV-005,Erika Cardona Castaño,3119367820,erika.cardona83@yahoo.es,Medellín ,Suzuki,contactado,2026-08-09 01:28:00,Retoma tu moto
LD-01336,2026-08-08 13:18:00,WhatsApp,EMP-01,PV-001,  Carlos Mario Jiménez Ramírez  ,3117016095,carlos.jimenez5@gmail.com,MEDELLIN,Honda CB 190R,no contesta,2026-08-10T13:18:00,Remate Modelos 2025
LD-01337,31/08/2026 10:51,WhatsApp,EMP-01,PV-005,JULIÁN HERNÁNDEZ CASTAÑO,(350) 169-8461,,Medellín ,Bajaj Pulsar RS 200,Contactado,31/08/2026 14:51,Retoma tu moto
LD-01338,08/09/2026 00:38,WhatsApp,EMP-01,PV-002,  Wilmar Franco Gómez  , 3026212106 ,wilmar.franco66@hotmail.com,Itagüí,Suzuki  GN 125,Descartado,09/08/2026 02:38,
LD-01339,03/08/2026 22:27,Meta Ads,EMP-01,PV-005,  Yesenia Hernández Quintero  , 3041382756 ,yesenia.hernandez50@gmail.com,Medellín ,Bajaj,Cotización enviada,2026-08-06 22:27:00,Retoma tu moto
LD-01340,2026-08-15 02:38:00,Meta Ads,EMP-02,PV-009,Mónica Franco Quintero,3510214726,,Sta Marta,Honda XRE 300 2026,sin gestion,,Feria de Motos 2026
LD-01341,2026-08-14 17:36:00,Meta Ads,EMP-01,PV-005,DUVÁN VARGAS AGUDELO,323-927-8913,duvan.vargas68@hotmail.com,medellin,BAJAJ PULSAR NS 125,sin gestion,,Prima Extra
LD-01342,24/08/2026 04:36,Meta Ads,EMP-01,PV-001,CLAUDIA PATRICIA MARÍN CORREA,+57 318 2815685,claudia.marin88@outlook.com,Medellin,A.K.T NKD 125,Contactado,2026-08-24 16:36:00,Feria de Motos 2026
LD-01343,21/08/2026 21:16,WhatsApp,EMP-01,PV-005,Wilmar Zapata Agudelo, 3125308964 ,wilmar.zapata43@yahoo.es,Medellin,AKT NKD 125,En proceso,,Agosto Cero Cuotas
LD-01344,2026-08-21 05:17:00,Meta Ads,EMP-03,PV-015,LILIANA PÉREZ RAMÍREZ,3156425808,liliana.perez4@hotmail.com,Soacha,BAJAJ PULSAR NS 160,Contactado,,Feria de Motos 2026
LD-01345,2026-09-08 23:23:00,Formulario Web,EMP-03,PV-014,SANDRA MILENA AGUDELO VALENCIA,3128248618,sandra.agudelo1@yahoo.es,Bogota DC,AKT TTR 200 2026,No contesta,,Feria de Motos 2026
LD-01346,2026-08-19 22:20:00,Meta Ads,EMP-01,PV-004,  Luisa Franco Escobar  ,312-839-1409,luisa.franco98@gmail.com,Rio Negro,bajaj discover 125,Descartado,20/08/2026 10:20,Retoma tu moto
LD-01347,09/09/2026 07:04,whatsapp,EMP-03,PV-011,Luz Marina Salazar Ospina,573224167142,luz.salazar48@outlook.com,Bogota,Suzuki GN 125,Contactado,09-09-2026,
LD-01348,2026-09-06 15:35:00,WhatsApp,EMP-02,PV-010,Katherine Ramírez,3107174898,katherine.ramirez68@gmail.com,MONTERIA,Honda XR 150L,Sin gestión,,Agosto Cero Cuotas
LD-01349,2026-08-17 15:39:00,WhatsApp,EMP-02,PV-009,FABIÁN CARDONA BETANCUR,316-212-4627,fabian.cardona6@outlook.com,SANTA MARTA,Suzuki Best,Cotización enviada,18-08-2026,Retoma tu moto
LD-01350,09/07/2026 06:19,Meta Ads,EMP-02,PV-006,B. Giraldo Cardona,3506035269,brayan.giraldo73@gmail.com,B/quilla,HERO DASH 110,Cotización enviada,2026-09-08T12:19:00,Feria de Motos 2026
LD-01351,2026-08-19 07:48:00,WhatsApp,EMP-01,PV-005,Erika Arias Pérez,3125751550,erika.arias56@hotmail.com,Medellín,AKT  TTR 200,En proceso,2026-08-20T07:48:00,Remate Modelos 2025
LD-01352,2026-08-21 10:59:00,META ADS,EMP-02,PV-010,Katherine Torres Giraldo, 3054754364 ,,Monteria,Bajaj Boxer CT 100,Cotización enviada,08/21/2026 22:59,
LD-01353,23/08/2026 06:39,Formulario Web,EMP-03,PV-013,  Katherine Restrepo Mosquera  ,573223242028,katherine.restrepo70@gmail.com,Bogota DC,CB 190R,Contactado,08/23/2026 10:39,
LD-01354,2026-09-08 18:39:00,Meta Ads,EMP-02,PV-007,  María Fernanda Muñoz Muñoz  ,+57 304 6855024,,Soledad,Suzuki GN 125 2026,En proceso,08/09/2026 22:39,Retoma tu moto
LD-01355,2026-08-31 04:35:00,WhatsApp,EMP-02,PV-010,Yuliana Hernández Agudelo,3178485900,,Montería,Bajaj  Pulsar NS 125,Descartado,,Agosto Cero Cuotas
LD-01356,28/08/2026 00:37,Meta Ads,EMP-02,PV-010,KATHERINE ZAPATA AGUDELO,+57 321 3127707,katherine.zapata7@gmail.com,Monteria,Bajaj Discover 125 2026,No contesta,29/08/2026 00:37,
LD-01357,2026-08-15T01:51:00,Meta Ads,EMP-01,PV-001,CARLOS MARIO BETANCUR CARDONA, 3164052844 ,carlos.betancur69@gmail.com,Medellín,Xpulse 200,Contactado,2026-08-18 01:51:00,Remate Modelos 2025
LD-01358,14/08/2026 15:11,WhatsApp,EMP-02,PV-007,Claudia Patricia Bedoya Castaño,573184027450,claudia.bedoya59@hotmail.com,Soledad,Bajaj Discover 125,Cotización enviada,2026-08-15 15:11:00,Agosto Cero Cuotas
LD-01359,2026-08-10 19:43:00,meta ads,EMP-02,PV-006,Cristian Correa Londoño,3507350999,,barranquilla,Bajaj Pulsar RS 200,Cotización enviada,2026-08-11 19:43:00,Prima Extra
LD-01360,03/08/2026 17:22,formulario web,EMP-02,PV-007,ADRIANA FRANCO HERNÁNDEZ,3156894869,,SOLEDAD,SUZUKI GIXXER 150,sin gestion,,Retoma tu moto
LD-01361,09/08/2026 17:08,Meta Ads,EMP-01,PV-004,María Fernanda Cardona Escobar,314 144 9182,,Rio Negro,Bajaj Dominar 400,Sin gestión,,Feria de Motos 2026
LD-01362,09/08/2026 15:05,Meta Ads,EMP-03,PV-012,diana carolina correa hernandez,351 269 8569,,BOGOTA,hero dash 110,sin gestion,,Retoma tu moto
LD-01363,2026-08-08 21:09:00,WhatsApp,EMP-03,PV-015,Duván Muñoz Escobar,3144421346,duvan.munoz2@outlook.com,Soacha,Bajaj Dominar 400,En proceso,12-08-2026,Feria de Motos 2026
LD-01364,11-08-2026,meta ads,EMP-01,PV-004,  Natalia Mosquera Zapata  ,(320) 759-9017,natalia.mosquera1@yahoo.es,RIONEGRO,Hnda XR 150L,No contesta,11/08/2026 09:39,Prima Extra
LD-01365,2026-08-14 04:14:00,WhatsApp,EMP-01,PV-002,  Fabián Mosquera Agudelo  , 3183420203 ,fabian.mosquera82@outlook.com,Itagüí,Honda XRE 300,Descartado,2026-08-14 08:14:00,Feria de Motos 2026
LD-01366,2026-08-26 16:01:00,WhatsApp,EMP-01,PV-002,Freddy Herrera Cardona,(312) 348-8117,,Itagüí,Pulsar NS 160,Descartado,2026-08-28 16:01:00,Prima Extra
LD-01367,17/08/2026 16:32,Meta Ads,EMP-02,PV-006,Carlos Mario Arias Ospina,315 832 0724,carlos.arias76@yahoo.es,Barranquilla,Suzuki  V-Strom 250,Sin gestión,,
LD-01368,09/05/2026 16:29,Formulario Web,EMP-02,PV-008,JORGE IVÁN HERNÁNDEZ ESCOBAR,573508832936,,CARTAGENA,AKT Evo RS 150,En proceso,2026-09-06T10:29:00,Prima Extra
LD-01369,2026-09-03 02:19:00,WhatsApp,EMP-02,PV-007,  Paula Andrea Herrera Valencia  , 3506618391 ,paula.herrera91@yahoo.es,Soledad,honda cb 125f twister,Cotización enviada,2026-09-05 02:19:00,
LD-01370,25/08/2026 07:59,Meta Ads,EMP-01,PV-002,Freddy Londoño Zapata,(312) 830-7171,,ITAGUI,Bajaj,En proceso,2026-08-28 07:59:00,Agosto Cero Cuotas
LD-01371,01-09-2026,Meta Ads,EMP-02,PV-010,KATHERINE ARIAS GÓMEZ, 3110442798 ,,MONTERIA,suzuki gixxer 150,sin gestion,,
LD-01372,06/08/2026 20:37,WhatsApp,EMP-02,PV-008,Kevin Correa Gómez,300-236-0354,kevin.correa67@outlook.com,CARTAGENA,honda xre 300,En proceso,08/08/2026 02:37,Feria de Motos 2026
LD-01373,08-08-2026,Meta Ads,EMP-03,PV-013,Héctor Londoño Bedoya, 3185593264 ,hector.londono52@gmail.com,Bogotá D.C.,suzuki v-strom 250,En proceso,,Retoma tu moto
LD-01374,09/04/2026 09:38,WhatsApp,EMP-03,PV-015,Liliana Restrepo Franco,3048843613,,SOACHA,Bajaj Discover 125,Descartado,2026-09-04 11:38:00,
LD-01375,08/05/2026 23:21,WhatsApp,EMP-03,PV-015,Erika Muñoz Herrera,313 977 1847,,,A.K.T NKD 125,En proceso,2026-08-07 23:21:00,
LD-01376,01/09/2026 02:52,Formulario Web,EMP-03,PV-014,Sebastián Correa Giraldo,3186336381,,Bogotá D.C.,Suzuki,No contesta,2026-09-01T06:52:00,
LD-01377,2026-08-13T00:00:00,WhatsApp,EMP-01,PV-003,ÉDINSON MOSQUERA GÓMEZ, 3203460673 ,edinson.mosquera14@gmail.com,BELLO,Bajaj,Contactado,2026-08-13 06:00:00,
LD-01378,2026-08-16T00:46:00,WhatsApp,EMP-01,PV-002,  Freddy Agudelo Quintero  ,+57 304 9759749,freddy.agudelo24@yahoo.es,Itagüí,Honda Dio,Cotización enviada,08/16/2026 01:46,Remate Modelos 2025
LD-01379,12/08/2026 01:42,whatsapp,EMP-02,PV-009,Claudia Patricia Cardona Salazar,3121442643,claudia.cardona76@hotmail.com,Sta Marta,,No contesta,08/13/2026 01:42,Remate Modelos 2025
LD-01380,04-09-2026,Meta Ads,EMP-02,PV-007,Julián Cardona Torres,312 913 1024,julian.cardona99@gmail.com,Soledad,Honda Navi,En proceso,09/04/2026 05:08,Prima Extra
LD-01381,2026-08-02 18:10:00,whatsapp,EMP-02,PV-009,N. Mosquera Restrepo,3163893482,natalia.mosquera21@outlook.com,Santa Marta,honda navi,Sin gestión,,
LD-01382,03-08-2026,Meta Ads,EMP-01,PV-002,ESTEFANÍA MUÑOZ OSPINA,3017785441,estefania.munoz3@outlook.com,ITAGUI,Hero Eco,Descartado,03/08/2026 17:21,Feria de Motos 2026
LD-01383,07/09/2026 04:52,Meta Ads,EMP-01,PV-003,ALEXANDER ARIAS CORREA,3004651858,alexander.arias86@outlook.com,BELLO,honda xre 300,Sin gestión,,Remate Modelos 2025
LD-01384,06/08/2026 08:08,WhatsApp,EMP-01,PV-002,Carlos Hernández,+57 316 5778889,carlos.hernandez31@outlook.com,Itagüí,HONDA XRE 300,Sin gestión,,Remate Modelos 2025
LD-01385,2026-08-24 13:34:00,META ADS,EMP-02,PV-007,MARCELA GÓMEZ GÓMEZ,3029899346,,SOLEDAD,AKT TTR 200,Contactado,25-08-2026,Remate Modelos 2025
LD-01386,2026-08-03 04:25:00,Meta Ads,EMP-01,PV-001,Alexander Restrepo Muñoz,3148568367,,medellin,Honda Dio 110,Contactado,08/03/2026 08:25,
LD-01387,2026-09-02 04:15:00,WHATSAPP,EMP-02,PV-006,Édinson Arias Bedoya,322 490 6054,edinson.arias85@gmail.com,B/quilla,Honda XRE 300,Cotización enviada,2026-09-02 05:15:00,Feria de Motos 2026
LD-01388,2026-08-27 03:35:00,whatsapp,EMP-02,PV-006,Mónica Valencia Escobar,3114704514,monica.valencia37@yahoo.es,BARRANQUILLA,suzuki gixxer 150,contactado,27/08/2026 15:35,Feria de Motos 2026
LD-01389,2026-08-23T19:22:00,WhatsApp,EMP-01,PV-005,Alexander Agudelo Osorio,3130474869,,Medellín,honda xre 300,Cotización enviada,2026-08-24 07:22:00,Prima Extra
LD-01390,04-09-2026,WhatsApp,EMP-03,PV-011,Liliana Pérez,315 642 5808,liliana.perez98@gmail.com,BOGOTA,Eco Deluxe 100,Contactado,04/09/2026 11:48,Remate Modelos 2025
LD-01391,2026-08-05 07:15:00,Meta Ads,EMP-03,PV-014,Luisa Londoño,+57 311 0018694,,Bogota DC,SUZUKI BEST 125,Cotización enviada,05/08/2026 13:15,Prima Extra
LD-01392,2026-09-07 04:36:00,WhatsApp,EMP-03,PV-013,Erika Hernández Hernández,321-384-4252,erika.hernandez76@outlook.com,bogotá,TTR 200,No contesta,07-09-2026,Agosto Cero Cuotas
LD-01393,2026-09-09 00:39:00,WhatsApp,EMP-02,PV-007,  Édinson Restrepo Rodríguez  ,573040599310,,Soledad,akt evo rs 150,No contesta,,Feria de Motos 2026
LD-01394,28/08/2026 16:29,Formulario Web,EMP-01,PV-004,Erika Londoño Ramírez,3024668422,,Rio Negro,Honda XRE 300,Cotización enviada,29-08-2026,Prima Extra
LD-01395,25/08/2026 12:18,Meta Ads,EMP-01,PV-004,Wilmar Rodríguez Ramírez,573045469302,wilmar.rodriguez70@gmail.com,RIONEGRO,suzuki gixxer 150,Cotización enviada,,Agosto Cero Cuotas
LD-01396,09/03/2026 19:08,Meta Ads,EMP-02,PV-006,Estefanía Agudelo Giraldo, 3232073956 ,,Barranquilla,Hero Dash 110,Cotización enviada,2026-09-07T19:08:00,
LD-01397,2026-08-15 11:48:00,Meta Ads,EMP-03,PV-011,Sebastián Valencia Escobar,573023543651,sebastian.valencia56@yahoo.es,Bogotá,Honda CB 125F Twister,Sin gestión,,Retoma tu moto
LD-01398,2026-08-02 18:52:00,WhatsApp,EMP-02,PV-010,Sandra Salazar,3046681507,,Monteria,AKT TTR 200,En proceso,2026-08-06T18:52:00,
LD-01399,2026-09-04 12:09:00,FORMULARIO WEB,EMP-01,PV-003,Óscar David Vargas Jiménez,322 593 8803,,Bello,bajaj pulsar rs 200,Descartado,04/09/2026 14:09,Agosto Cero Cuotas
LD-01400,2026-08-27 14:56:00,Meta Ads,EMP-01,PV-001,Katherine Franco Vargas,304 979 0048,,MEDELLIN,Honda  Navi,Sin gestión,,Retoma tu moto
LD-01401,2026-08-10 03:41:00,WhatsApp,EMP-03,PV-014,María Fernanda Betancur Agudelo,(318) 733-4520,maria.betancur22@gmail.com,Bogotá,Suzuki GN 125,contactado,2026-08-11T09:41:00,Agosto Cero Cuotas
LD-01402,2026-08-06 05:28:00,Formulario Web,EMP-01,PV-004,  Julián Quintero Rodríguez  ,(351) 925-4801,,Rionegro,AKT TTR 200,sin gestion,,Feria de Motos 2026
LD-01403,2026-08-09T20:39:00,Meta Ads,EMP-01,PV-004,Paula Andrea Torres Zapata,351 944 6980,paula.torres38@hotmail.com,Rionegro,Honda CB 190R,no contesta,13-08-2026,
LD-01404,2026-09-05 20:51:00,Meta Ads,EMP-03,PV-012,NELSON AGUDELO HERNÁNDEZ,3048565394,nelson.agudelo39@hotmail.com,bogotá,AKT NKD 125,Descartado,05/09/2026 21:51,Feria de Motos 2026
LD-01405,2026-08-31 12:19:00,meta ads,EMP-02,PV-007,VANESSA CASTAÑO JIMÉNEZ,3203602723,vanessa.castano46@hotmail.com,,hero eco deluxe 100,En proceso,01-09-2026,
LD-01406,2026-08-14 04:05:00,WhatsApp,EMP-02,PV-008,Leidy Johana Betancur Pérez,573113795953,leidy.betancur87@yahoo.es,CARTAGENA,AKT NKD,SIN GESTION,,Prima Extra
LD-01407,2026-09-08 08:10:00,WhatsApp,EMP-03,PV-011,Mónica Quintero Mosquera,573137641683,monica.quintero34@yahoo.es,Bogota DC,hero dash 110,Sin gestión,,Remate Modelos 2025
LD-01408,02-09-2026,Formulario Web,EMP-03,PV-014,Diana Carolina Osorio Osorio,+57 314 5395860,,bogotá,Suzuky V-Strom 250,contactado,2026-09-05 13:55:00,
LD-01409,2026-09-03 07:56:00,Meta Ads,EMP-03,PV-011,DIANA CAROLINA SALAZAR JIMÉNEZ, 3211289756 ,diana.salazar52@outlook.com,Bogota DC,AKT Evo RS 150 2026,En proceso,2026-09-04T01:56:00,Retoma tu moto
LD-01410,2026-08-26 02:43:00,meta ads,EMP-01,PV-005,marcela ramirez giraldo,+57 302 8382927,,medellin,Hero Xpulse 200,no contesta,08/26/2026 20:43,Feria de Motos 2026
LD-01411,2026-08-03 00:58:00,WhatsApp,EMP-03,PV-012,Adriana Correa Torres,(315) 834-3002,,Bogota,SUZUKI V-STROM 250,En proceso,2026-08-05T00:58:00,Feria de Motos 2026
LD-01412,16/08/2026 07:35,WhatsApp,EMP-03,PV-015,WILMAR VARGAS HERRERA,314 271 5536,,SOACHA,Honda Dio 110 2026,En proceso,16/08/2026 19:35,
LD-01413,02-08-2026,WhatsApp,EMP-03,PV-011,Jorge Iván Torres Agudelo,317 990 5014,jorge.torres6@outlook.com,BOGOTA,Suzuki Gixxer 150,SIN GESTION,,Retoma tu moto
LD-01414,08/28/2026 16:49,WhatsApp,EMP-03,PV-013,ERIKA GIRALDO CARDONA,3157129815,,Bogota,GN 125,Cotización enviada,08/28/2026 22:49,Remate Modelos 2025
LD-01415,04/08/2026 20:51,WhatsApp,EMP-02,PV-008,Marcela Salazar Cardona,573048897722,,Cartagena de Indias,Honda XR 150L 2026,En proceso,05-08-2026,Feria de Motos 2026
LD-01416,2026-09-09T16:22:00,Meta Ads,EMP-01,PV-004,Leidy Johana Mosquera Restrepo,301 852 0844,,RIONEGRO,BAJAJ PULSAR NS 125,En proceso,2026-09-09 20:22:00,Remate Modelos 2025
LD-01417,14/08/2026 04:41,WhatsApp,EMP-01,PV-001,Yuliana Torres Cardona,3140340753,,Medellín,Suzuki  V-Strom 250,Contactado,2026-08-14 22:41:00,Remate Modelos 2025
LD-01418,02/09/2026 06:44,Formulario Web,EMP-03,PV-011,Paula Andrea Torres Vargas, 3049638395 ,,bogotá,,Descartado,05/09/2026 06:44,Feria de Motos 2026
LD-01419,18/08/2026 19:07,WhatsApp,EMP-02,PV-008,Yesenia Betancur Franco,573185268171,,CARTAGENA,Hero Hunk 160R,Sin gestión,,Remate Modelos 2025
LD-01420,2026-08-21 02:17:00,WhatsApp,EMP-01,PV-003,  Natalia Arias Salazar  ,3045238505,,Bello,BAJAJ DOMINAR 400,Contactado,2026-08-21T04:17:00,
LD-01421,18-08-2026,Meta Ads,EMP-01,PV-001,WILMAR PÉREZ MUÑOZ,3022809320,,Medellín ,HERO DASH 110,Contactado,2026-08-18 18:52:00,
LD-01422,2026-08-19 15:01:00,WHATSAPP,EMP-01,PV-005,Kevin Bedoya Escobar, 3136835970 ,,Medellín,suzuki best 125,Sin gestión,,Remate Modelos 2025
LD-01423,31-08-2026,formulario web,EMP-03,PV-011,María Fernanda Restrepo Cardona,+57 323 8712776,maria.restrepo15@yahoo.es,Bogotá,Honda,Sin gestión,,Feria de Motos 2026
LD-01424,08/21/2026 17:38,meta ads,EMP-01,PV-004,  Sandra Milena Quintero Valencia  ,311-661-3083,,Rionegro,Suzuki V-Strom 250,Descartado,2026-08-22 11:38:00,Agosto Cero Cuotas
LD-01425,2026-09-05T10:57:00,whatsapp,EMP-02,PV-009,Andrés Felipe Rodríguez Zapata,315 772 8566,andres.rodriguez3@hotmail.com,Sta Marta,Bajaj  Discover 125,Contactado,2026-09-05T16:57:00,Prima Extra
LD-01426,28-08-2026,Formulario Web,EMP-03,PV-013,ESTEFANÍA RESTREPO BEDOYA,3122281291,,bogotá,HONDA CB 125F TWISTER,Contactado,08/28/2026 17:46,Prima Extra
LD-01427,02/08/2026 16:15,WhatsApp,EMP-03,PV-012,DIANA CAROLINA SALAZAR BETANCUR,3187567630,,Bogota,Hero Dash,no contesta,08/02/2026 18:15,Prima Extra
LD-01428,08/09/2026 01:36,Meta Ads,EMP-03,PV-014,  Sebastián Osorio Bedoya  ,3175715959,,Bogotá,Bajaj Discover 125,Cotización enviada,2026-09-08 13:36:00,
LD-01429,2026-09-04 08:28:00,Meta Ads,EMP-03,PV-011,  Cristian Betancur Pérez  ,3208185520,cristian.betancur97@hotmail.com,Bogotá D.C.,suzuki best 125,Cotización enviada,2026-09-06 08:28:00,
LD-01430,25/08/2026 08:09,meta ads,EMP-01,PV-003,CARLOS MARIO OSORIO ESCOBAR,(315) 887-4268,,BELLO,Suzuki GN 125,Descartado,2026-08-26 14:09:00,Agosto Cero Cuotas
LD-01431,2026-08-01 07:04:00,Meta Ads,EMP-03,PV-014,CAMILO TORRES LONDOÑO,(301) 060-3999,,Bogotá D.C.,,Sin gestión,,Prima Extra
LD-01432,09-08-2026,WhatsApp,EMP-01,PV-005,Erika Gómez Agudelo,573134148334,,Medellín ,Suzuki Gixxer 150,En proceso,2026-08-10 05:19:00,Prima Extra
LD-01433,17/08/2026 01:35,WhatsApp,EMP-01,PV-003,  Andrés Felipe Escobar Osorio  ,301 706 9918,,BELLO,Hero Hunk 160R,sin gestion,,Retoma tu moto
LD-01434,2026-09-02T02:21:00,WhatsApp,EMP-02,PV-007,JUAN CARLOS CASTAÑO ESCOBAR,315-116-0484,juan.castano38@yahoo.es,Soledad,suzuki gn 125,En proceso,02-09-2026,
LD-01435,04/09/2026 04:43,Formulario Web,EMP-02,PV-008,  Angie Paola Franco Muñoz  ,(315) 320-9140,angie.franco89@hotmail.com,Cartagena,AKT NKD 125,sin gestion,,
LD-01436,13/08/2026 05:52,Formulario Web,EMP-02,PV-009,Natalia Quintero Castaño,+57 316 5587534,natalia.quintero62@gmail.com,Santa Marta,Bajaj Pulsar,No contesta,2026-08-14 11:52:00,Prima Extra
LD-01437,09/08/2026 08:58,WhatsApp,EMP-02,PV-009,  Luz Marina Castaño Londoño  ,3023906246,luz.castano78@outlook.com,SANTA MARTA,Suzuki V-Strom 250,Contactado,2026-08-12 08:58:00,Remate Modelos 2025
LD-01438,2026-08-06 14:14:00,formulario web,EMP-01,PV-005,L. Restrepo Londoño,3134174574,luisa.restrepo99@yahoo.es,medellin,Bajaj Boxer CT 100,Descartado,2026-08-06T18:14:00,
LD-01439,13/08/2026 00:56,Meta Ads,EMP-01,PV-003,Nelson Ramírez Rodríguez,312-481-9404,,Bello,Bajaj Discover 125,Sin gestión,,Agosto Cero Cuotas
LD-01440,2026-08-21 20:10:00,WhatsApp,EMP-02,PV-009,maria fernanda cardona castano,323 569 1722,maria.cardona22@outlook.com,Sta Marta,Bajaj Boxer CT 100,no contesta,25/08/2026 20:10,Feria de Motos 2026
LD-01441,2026-08-09 21:56:00,WhatsApp,EMP-03,PV-011,Mónica Vargas Jiménez, 3147640199 ,,BOGOTA,suzuki best 125,No contesta,08/10/2026 03:56,Remate Modelos 2025
LD-01442,2026-08-01 18:51:00,WhatsApp,EMP-01,PV-001,Andrés Felipe Restrepo Cardona, 3131753775 ,,Medellin,Hero Hunk 160R,No contesta,01/08/2026 22:51,Retoma tu moto
LD-01443,27/08/2026 17:01,Meta Ads,EMP-03,PV-013,  Andrés Felipe Betancur Herrera  ,311 416 3606,,Bogota,Hero Hunk 160R,Descartado,,Agosto Cero Cuotas
LD-01444,03-09-2026,WhatsApp,EMP-03,PV-015,Claudia Patricia Correa Zapata,318 808 5690,claudia.correa57@yahoo.es,SOACHA,Honda CB 125F Twister 2026,Cotización enviada,09/04/2026 18:47,
LD-01445,27-08-2026,WhatsApp,EMP-02,PV-006,  Cristian Herrera Hernández  ,3150738584,,BARRANQUILLA,Pulsar RS 200,Descartado,27-08-2026,Agosto Cero Cuotas
LD-01446,2026-08-29 06:14:00,META ADS,EMP-01,PV-002,JUAN CARLOS BEDOYA QUINTERO,300-378-0468,juan.bedoya91@hotmail.com,Itagui,AKT TTR,En proceso,09/02/2026 06:14,Feria de Motos 2026
LD-01447,08/03/2026 06:05,WhatsApp,EMP-02,PV-006,Héctor Herrera Ramírez,3138016898,,,Honda Dio 110,En proceso,2026-08-05T06:05:00,Remate Modelos 2025
LD-01448,12-08-2026,WhatsApp,EMP-03,PV-013,Freddy Zapata Zapata,301 419 3776,freddy.zapata48@hotmail.com,bogotá,Bajaj Pulsar RS 200,Sin gestión,,Remate Modelos 2025
LD-01449,04/09/2026 05:37,WhatsApp,EMP-03,PV-013,Andrés Felipe Ramírez Londoño,3221643180,andres.ramirez92@gmail.com,Bogota DC,AKT Dynamic R3 125,No contesta,2026-09-04T06:37:00,Retoma tu moto
LD-01450,2026-08-25 19:53:00,WhatsApp,EMP-01,PV-005,YULIANA AGUDELO VARGAS,3008305965,,Medellin,Hero Xpulse 200 2026,No contesta,2026-08-25 20:53:00,Feria de Motos 2026
LD-01451,13-08-2026,Formulario Web,EMP-03,PV-012,Duván Pérez Bedoya,3159813888,,BOGOTA,honda cb 125f twister,Descartado,14/08/2026 01:03,Agosto Cero Cuotas
LD-01452,2026-09-02 11:42:00,WhatsApp,EMP-01,PV-003,Yuliana Marín Pérez,573102213563,,Bello,Bajai Pulsar NS 125,En proceso,09/04/2026 11:42,Remate Modelos 2025
LD-01453,24/08/2026 05:59,Meta Ads,EMP-01,PV-004,  María Fernanda Zapata Ramírez  ,350 181 0499,,Rio Negro,Honda Dio,Sin gestión,,Prima Extra
LD-01454,2026-09-07 14:12:00,WhatsApp,EMP-03,PV-015,Katherine Salazar Osorio,312 998 9785,,SOACHA,akt nkd 125,SIN GESTION,,Feria de Motos 2026
LD-01455,08/17/2026 13:46,Meta Ads,EMP-03,PV-014,Paula Andrea Restrepo Correa,315 148 0280,paula.restrepo72@yahoo.es,bogotá,Bajaj Pulsar NS 125,sin gestion,,Retoma tu moto
LD-01456,13/08/2026 20:05,WhatsApp,EMP-02,PV-009,Cristian Arias Jiménez,573183390457,,,bajaj pulsar ns 125,Sin gestión,,Prima Extra
LD-01457,04/08/2026 07:49,WhatsApp,EMP-01,PV-002,FABIÁN OSORIO FRANCO,3204915519,,Itagui,Hero Hunk 160R 2026,Descartado,04/08/2026 13:49,Prima Extra
LD-01458,2026-08-29 14:57:00,WhatsApp,EMP-02,PV-006,Andrés Felipe Bedoya Ramírez,3170074670,,B/quilla,Hero Hunk 160R,Sin gestión,,
LD-01459,07-09-2026,WhatsApp,EMP-02,PV-007,Nelson Giraldo Salazar,3215898389,nelson.giraldo50@gmail.com,SOLEDAD,Honda CB 125F Twister 2026,Contactado,07-09-2026,Agosto Cero Cuotas
LD-01460,09/08/2026 01:51,whatsapp,EMP-03,PV-014,BRAYAN GÓMEZ BETANCUR,3055921688,,BOGOTA,honda navi,Contactado,10/08/2026 01:51,Remate Modelos 2025
LD-01461,24-08-2026,Meta Ads,EMP-01,PV-005,  Héctor Valencia Giraldo  ,314 489 6570,,Medellín,Suzuki Gixxer 150,Sin gestión,,Agosto Cero Cuotas
LD-01462,13-08-2026,WhatsApp,EMP-03,PV-015,JHON JAIRO QUINTERO PÉREZ,3019909496,,SOACHA,AKT TTR 200,En proceso,17/08/2026 22:15,Retoma tu moto
LD-01463,2026-08-17 02:59:00,WhatsApp,EMP-01,PV-005,JULIÁN ZAPATA RODRÍGUEZ,3146132028,julian.zapata59@outlook.com,Medellin,Suzuki Gixxer 150,no contesta,08/17/2026 08:59,Agosto Cero Cuotas
LD-01464,2026-08-08 03:22:00,Formulario Web,EMP-01,PV-004,JHON JAIRO VALENCIA BETANCUR,+57 315 9802019,jhon.valencia28@gmail.com,,Suzuki GN,Contactado,2026-08-09 09:22:00,Prima Extra
LD-01465,2026-08-22 07:14:00,WhatsApp,EMP-01,PV-004,Yuliana Franco Marín,(318) 023-2351,,Rio Negro,,no contesta,2026-08-25T07:14:00,Agosto Cero Cuotas
LD-01466,08-08-2026,Meta Ads,EMP-02,PV-008,Camilo Hernández Londoño,3501693501,camilo.hernandez87@hotmail.com,Cartagena de Indias,Bajaj Pulsar NS 160 2026,En proceso,,
LD-01467,2026-08-08 15:22:00,WhatsApp,EMP-03,PV-014,Édinson Castaño Pérez,3515323026,edinson.castano20@gmail.com,Bogotá D.C.,bajaj dominar 400,En proceso,09/08/2026 15:22,
LD-01468,04/09/2026 00:23,Formulario Web,EMP-02,PV-010,LUISA CARDONA CARDONA,350 744 1673,,MONTERIA,Heroo Eco Deluxe 100,Contactado,2026-09-04 04:23:00,
LD-01469,2026-08-15T06:13:00,Meta Ads,EMP-02,PV-007,Juan Carlos Bedoya Giraldo,573104811363,juan.bedoya74@outlook.com,,honda navi,Descartado,,Agosto Cero Cuotas
LD-01470,2026-08-10T17:27:00,Meta Ads,EMP-01,PV-001,Yuliana Escobar Herrera,320 145 4170,,MEDELLIN,Honda XR 150L,Contactado,11-08-2026,Prima Extra
LD-01471,28/08/2026 11:48,Meta Ads,EMP-01,PV-003,Paula Andrea Gómez Correa,3010977202,,BELLO,AKT NKD,No contesta,08/31/2026 11:48,Agosto Cero Cuotas
LD-01472,08/21/2026 18:07,WHATSAPP,EMP-02,PV-007,Héctor Muñoz Quintero,+57 322 6681968,,Soledad,TTR 200,Descartado,21/08/2026 20:07,Remate Modelos 2025
LD-01473,2026-08-23 16:41:00,Meta Ads,EMP-01,PV-001,Leidy Franco, 3005741545 ,leidy.franco55@outlook.com,MEDELLIN,Hero Xpulse 200,no contesta,24-08-2026,Prima Extra
LD-01474,2026-09-04 12:20:00,Meta Ads,EMP-03,PV-011,KATHERINE RESTREPO ESCOBAR,(314) 549-3741,,BOGOTA,honda cb 125f twister,Sin gestión,,Retoma tu moto
LD-01475,2026-08-26 08:35:00,WhatsApp,EMP-02,PV-006,Angie Paola Castaño Mosquera,316 381 2986,angie.castano36@yahoo.es,barranquilla,A.K.T NKD 125,No contesta,2026-08-27 08:35:00,Feria de Motos 2026
LD-01476,02-09-2026,WhatsApp,EMP-02,PV-008,Claudia Patricia Osorio Londoño,316 909 0558,claudia.osorio25@hotmail.com,CARTAGENA,bajaj dominar 400,Descartado,02/09/2026 20:46,Feria de Motos 2026
LD-01477,23/08/2026 22:09,WhatsApp,EMP-02,PV-009,Andrés Felipe Castaño Muñoz,3108789220,andres.castano11@gmail.com,Santa Marta,Bajaj Discover 125,En proceso,24/08/2026 04:09,
LD-01478,2026-08-17 13:54:00,WhatsApp,EMP-03,PV-012,LEIDY JOHANA CASTAÑO LONDOÑO,+57 302 7022682,leidy.castano85@hotmail.com,Bogota,Hero Dash,No contesta,2026-08-18 13:54:00,Feria de Motos 2026
LD-01479,2026-09-06 16:38:00,WhatsApp,EMP-01,PV-003,ADRIANA GIRALDO OSPINA,+57 305 7673156,,Bello,Hero Hunk 160R,Sin gestión,,Retoma tu moto
LD-01480,10-08-2026,WhatsApp,EMP-02,PV-010,  Brayan Agudelo Osorio  ,+57 315 6442205,brayan.agudelo58@outlook.com,Monteria,Xpulse 200,Contactado,10-08-2026,Remate Modelos 2025
LD-01481,23-08-2026,Meta Ads,EMP-01,PV-005,  Brayan Ramírez Cardona  ,+57 312 9936019,brayan.ramirez41@gmail.com,medellin,Suzuki Gixxer 150 2026,Cotización enviada,08/23/2026 14:48,
LD-01482,08-08-2026,WhatsApp,EMP-01,PV-002,Natalia Gómez Cardona,573122425031,natalia.gomez2@outlook.com,,Hero Dash 110 2026,No contesta,09-08-2026,Prima Extra
LD-01483,03-09-2026,WhatsApp,EMP-03,PV-014,Yuliana Giraldo Muñoz,+57 320 8435314,,Bogotá,Hero  Dash 110,Sin gestión,,
LD-01484,2026-08-03 09:02:00,Meta Ads,EMP-01,PV-003,JUAN CARLOS RESTREPO JIMÉNEZ,+57 316 7637990,juan.restrepo98@gmail.com,BELLO,Bajaj Pulsar NS 160,En proceso,08/07/2026 09:02,Agosto Cero Cuotas
LD-01485,08/04/2026 14:21,Formulario Web,EMP-01,PV-002,F. Londoño Betancur,+57 304 7335532,,ITAGUI,Bajaj Pulsar RS 200,sin gestion,,
LD-01486,2026-08-19T06:28:00,WHATSAPP,EMP-02,PV-008,jorge ivan perez correa,304 530 7407,,Cartagena de Indias,Suzuki V-Strom 250,sin gestion,,
LD-01487,2026-08-12 09:32:00,Meta Ads,EMP-02,PV-006,Fabián Castaño Restrepo,322-569-1118,fabian.castano25@gmail.com,B/quilla,Hnda XR 150L,Cotización enviada,2026-08-13 15:32:00,
LD-01488,2026-08-18T17:48:00,Meta Ads,EMP-03,PV-013,  Brayan Torres Rodríguez  ,301 063 9810,brayan.torres32@gmail.com,Bogota,Suzuki,Sin gestión,,Feria de Motos 2026
LD-01489,2026-08-07 15:43:00,WhatsApp,EMP-01,PV-003,Freddy Valencia Correa,3201242489,freddy.valencia65@gmail.com,bello,Hero  Dash 110,Contactado,07-08-2026,Remate Modelos 2025
LD-01490,07/08/2026 14:33,Meta Ads,EMP-03,PV-014,Juan Carlos Londoño Salazar,300-432-0992,juan.londono61@hotmail.com,Bogotá D.C.,Honda,Sin gestión,,Prima Extra
LD-01491,27-08-2026,Formulario Web,EMP-02,PV-006,Cristian Ospina Franco,304 521 3715,cristian.ospina43@hotmail.com,B/quilla,hero xpulse 200,No contesta,27-08-2026,Prima Extra
LD-01492,31/08/2026 10:04,WHATSAPP,EMP-03,PV-012,MARÍA FERNANDA AGUDELO CASTAÑO,3112244836,maria.agudelo12@yahoo.es,Bogotá D.C.,AKT NKD 125,Contactado,2026-08-31 16:04:00,Prima Extra
LD-01493,04/09/2026 12:30,WhatsApp,EMP-03,PV-014,ANDRÉS FELIPE LONDOÑO CARDONA,+57 315 0560318,andres.londono86@gmail.com,BOGOTA,Bajaj Pulsar NS 160,Cotización enviada,,Feria de Motos 2026
LD-01494,2026-08-29 02:58:00,WhatsApp,EMP-01,PV-004,Brayan Franco Quintero, 3056594486 ,,,AKT Evo RS 150 2026,Descartado,2026-09-01T02:58:00,Prima Extra
LD-01495,2026-08-14 00:48:00,WHATSAPP,EMP-03,PV-011,Mónica Restrepo Betancur,323 487 0229,,Bogotá D.C.,akt ttr 200,Contactado,2026-08-15T06:48:00,Retoma tu moto
LD-01496,08/17/2026 18:50,WhatsApp,EMP-01,PV-005,Duván Muñoz Cardona,312 832 9895,,MEDELLIN,Hero Eco Deluxe 100,Cotización enviada,,
LD-01497,25/08/2026 09:43,WHATSAPP,EMP-01,PV-002,  Adriana Escobar Rodríguez  , 3502549070 ,,Itagüí,Suzuki V-Strom 250,Contactado,2026-08-25T11:43:00,Agosto Cero Cuotas
LD-01498,23/08/2026 07:25,meta ads,EMP-01,PV-001,Yuliana Cardona Arias,573179709549,yuliana.cardona16@gmail.com,Medellín,suzuki v-strom 250,sin gestion,,Feria de Motos 2026
LD-01499,31-08-2026,Formulario Web,EMP-03,PV-011,Sebastián Franco Hernández,3042188702,,Bogotá D.C.,Bajaj Pulsar NS 160,Contactado,2026-08-31T14:39:00,Feria de Motos 2026
LD-01500,2026-08-23T18:47:00,WhatsApp,EMP-01,PV-001,Sebastián Valencia Pérez,3511438907,sebastian.valencia82@hotmail.com,medellin,BAJAJ DOMINAR 400,No contesta,25-08-2026,Retoma tu moto
LD-01501,2026-08-33 10:00:00,,EMP-01,PV-002,prueba prueba,300123,,,,Sin gestión,,
LD-00011,2026-08-26 04:25:00,Meta Ads,EMP-02,PV-008,  Marcela Muñoz Valencia  ,315 229 3701,marcela.munoz15@yahoo.es,CARTAGENA,suzuki best 125,Sin gestión,,Retoma tu moto
LD-00251,05-09-2026,Meta Ads,EMP-03,PV-013,  Fabián Londoño Betancur  ,3047335532,,Bogotá,Suzuky GN 125,Contactado,2026-09-07T02:44:00,Retoma tu moto
